시군구코드,시도,시군구,출발위도,출발경도,중심점방법,후보순위,기관코드,병원명,도착위도,도착경도,직선거리_km,도로거리_km,예상시간_분,통행료_원,택시비_원,경로상태,수집시각
강원특별자치도|강릉시,강원특별자치도,강릉시,37.775290954970096,128.88836923759354,병원좌표평균대체,1,A2200005,의료법인강릉동인병원,37.77432579461282,128.90714180258507,1.6534296549224057,2.808,6.933333333333334,0.0,5300.0,성공,2026-07-27T20:19:56+09:00
강원특별자치도|강릉시,강원특별자치도,강릉시,37.775290954970096,128.88836923759354,병원좌표평균대체,2,A2200008,강릉아산병원,37.81842668503607,128.85771413305145,5.50101440550087,6.126,8.033333333333333,0.0,8300.0,성공,2026-07-27T20:19:56+09:00
강원특별자치도|강릉시,강원특별자치도,강릉시,37.775290954970096,128.88836923759354,병원좌표평균대체,3,A2200007,강원특별자치도삼척의료원,37.44027922704624,129.16370014395005,44.45132371222496,60.22,50.95,2700.0,97500.0,성공,2026-07-27T20:19:56+09:00
강원특별자치도|동해시,강원특별자치도,동해시,37.53116496226106,129.1066301647232,병원좌표평균대체,1,A2200007,강원특별자치도삼척의료원,37.44027922704624,129.16370014395005,11.291063427077654,16.008,18.6,1300.0,25800.0,성공,2026-07-27T20:19:56+09:00
강원특별자치도|동해시,강원특별자치도,동해시,37.53116496226106,129.1066301647232,병원좌표평균대체,2,A2200005,의료법인강릉동인병원,37.77432579461282,128.90714180258507,32.2412103357364,42.785,47.28333333333333,2000.0,76400.0,성공,2026-07-27T20:19:56+09:00
강원특별자치도|동해시,강원특별자치도,동해시,37.53116496226106,129.1066301647232,병원좌표평균대체,3,A2200008,강릉아산병원,37.81842668503607,128.85771413305145,38.73256607103991,55.301,42.083333333333336,2800.0,96800.0,성공,2026-07-27T20:19:56+09:00
강원특별자치도|삼척시,강원특별자치도,삼척시,37.44027922704624,129.16370014395005,병원좌표평균대체,1,A2200007,강원특별자치도삼척의료원,37.44027922704624,129.16370014395005,0.0,0.0,0.0,0.0,0.0,성공:출도착5m이내,2026-07-27T20:19:56+09:00
강원특별자치도|삼척시,강원특별자치도,삼척시,37.44027922704624,129.16370014395005,병원좌표평균대체,2,A2200005,의료법인강릉동인병원,37.77432579461282,128.90714180258507,43.47945395499257,56.824,55.06666666666667,2700.0,111100.0,성공,2026-07-27T20:19:56+09:00
강원특별자치도|삼척시,강원특별자치도,삼척시,37.44027922704624,129.16370014395005,병원좌표평균대체,3,A2200008,강릉아산병원,37.81842668503607,128.85771413305145,49.94132432098397,69.34,49.86666666666667,3500.0,133200.0,성공,2026-07-27T20:19:56+09:00
강원특별자치도|속초시,강원특별자치도,속초시,38.207124546311846,128.58375302812672,병원좌표평균대체,1,A2200012,강원특별자치도속초의료원,38.21622784728713,128.5891194514502,1.1155544974252052,1.756,5.15,0.0,4600.0,성공,2026-07-27T20:19:56+09:00
강원특별자치도|속초시,강원특별자치도,속초시,38.207124546311846,128.58375302812672,병원좌표평균대체,2,A2200008,강릉아산병원,37.81842668503607,128.85771413305145,49.43802942129228,66.758,52.36666666666667,3200.0,102500.0,성공,2026-07-27T20:19:56+09:00
강원특별자치도|속초시,강원특별자치도,속초시,38.207124546311846,128.58375302812672,병원좌표평균대체,3,A2200005,의료법인강릉동인병원,37.77432579461282,128.90714180258507,55.84936380164148,74.991,64.13333333333334,3200.0,115700.0,성공,2026-07-27T20:19:56+09:00
강원특별자치도|양구군,강원특별자치도,양구군,38.1047788862656,127.99119726275,병원좌표평균대체,1,A2200013,한림대학교춘천성심병원,37.88413581388737,127.73989454269612,32.96788266612696,42.325,45.53333333333333,0.0,75500.0,성공,2026-07-27T20:19:56+09:00
강원특별자치도|양구군,강원특별자치도,양구군,38.1047788862656,127.99119726275,병원좌표평균대체,2,A2200009,강원대학교병원,37.87497158192399,127.74448573764938,33.47270838288737,42.858,47.85,0.0,76700.0,성공,2026-07-27T20:19:56+09:00
강원특별자치도|양구군,강원특별자치도,양구군,38.1047788862656,127.99119726275,병원좌표평균대체,3,A2200012,강원특별자치도속초의료원,38.21622784728713,128.5891194514502,53.7254275774704,67.182,73.41666666666667,3400.0,122500.0,성공,2026-07-27T20:19:56+09:00
강원특별자치도|영월군,강원특별자치도,영월군,37.186588403987926,128.46530529870284,병원좌표평균대체,1,A2300009,의료법인명지의료재단명지병원,37.1630057642892,128.23405656001103,20.6556783615416,25.163,24.766666666666666,0.0,42300.0,성공,2026-07-27T20:19:56+09:00
강원특별자치도|영월군,강원특별자치도,영월군,37.186588403987926,128.46530529870284,병원좌표평균대체,2,A2300005,의료법인자산의료재단제천서울병원,37.13857101389598,128.20613928597675,23.578218316013277,29.646,34.516666666666666,0.0,51400.0,성공,2026-07-27T20:19:56+09:00
강원특별자치도|영월군,강원특별자치도,영월군,37.186588403987926,128.46530529870284,병원좌표평균대체,3,A2200001,연세대학교원주세브란스기독병원,37.34795543031888,127.9456453098751,49.36187804989521,76.621,65.05,2300.0,137100.0,성공,2026-07-27T20:19:56+09:00
강원특별자치도|원주시,강원특별자치도,원주시,37.34191681365061,127.94953885691514,병원좌표평균대체,1,A2200001,연세대학교원주세브란스기독병원,37.34795543031888,127.9456453098751,0.7545389582411709,1.754,4.65,0.0,4600.0,성공,2026-07-27T20:19:56+09:00
강원특별자치도|원주시,강원특별자치도,원주시,37.34191681365061,127.94953885691514,병원좌표평균대체,2,A2300005,의료법인자산의료재단제천서울병원,37.13857101389598,128.20613928597675,32.05039306338138,42.772,42.53333333333333,2300.0,70300.0,성공,2026-07-27T20:19:56+09:00
강원특별자치도|원주시,강원특별자치도,원주시,37.34191681365061,127.94953885691514,병원좌표평균대체,3,A2300009,의료법인명지의료재단명지병원,37.1630057642892,128.23405656001103,32.092277165911234,48.443,50.18333333333333,2300.0,80400.0,성공,2026-07-27T20:19:56+09:00
강원특별자치도|정선군,강원특별자치도,정선군,37.3829238141538,128.658420530712,병원좌표평균대체,1,A2300009,의료법인명지의료재단명지병원,37.1630057642892,128.23405656001103,44.81017354647613,75.013,69.95,0.0,116900.0,성공,2026-07-27T20:19:56+09:00
강원특별자치도|정선군,강원특별자치도,정선군,37.3829238141538,128.658420530712,병원좌표평균대체,2,A2200007,강원특별자치도삼척의료원,37.44027922704624,129.16370014395005,45.08025337700724,78.775,97.45,0.0,123300.0,성공,2026-07-27T20:19:56+09:00
강원특별자치도|정선군,강원특별자치도,정선군,37.3829238141538,128.658420530712,병원좌표평균대체,3,A2300005,의료법인자산의료재단제천서울병원,37.13857101389598,128.20613928597675,48.37715560098879,79.496,79.46666666666667,0.0,124400.0,성공,2026-07-27T20:19:56+09:00
강원특별자치도|철원군,강원특별자치도,철원군,38.15033057072112,127.3080276881726,병원좌표평균대체,1,A2100031,경기도의료원포천병원,37.903264018475866,127.1983186069986,29.10468995302161,33.288,44.23333333333333,0.0,34100.0,성공,2026-07-27T20:19:56+09:00
강원특별자치도|철원군,강원특별자치도,철원군,38.15033057072112,127.3080276881726,병원좌표평균대체,2,A2100040,가톨릭대학교의정부성모병원,37.75865547828227,127.07767290194454,48.00738908110721,54.028,59.6,1900.0,53000.0,성공,2026-07-27T20:19:56+09:00
강원특별자치도|철원군,강원특별자치도,철원군,38.15033057072112,127.3080276881726,병원좌표평균대체,3,A2200013,한림대학교춘천성심병원,37.88413581388737,127.73989454269612,48.03559165315131,88.758,107.58333333333331,0.0,80600.0,성공,2026-07-27T20:19:56+09:00
강원특별자치도|춘천시,강원특별자치도,춘천시,37.88011702337243,127.73708688342772,병원좌표평균대체,1,A2200013,한림대학교춘천성심병원,37.88413581388737,127.73989454269612,0.5103036637158712,1.033,3.433333333333333,0.0,4600.0,성공,2026-07-27T20:19:56+09:00
강원특별자치도|춘천시,강원특별자치도,춘천시,37.88011702337243,127.73708688342772,병원좌표평균대체,2,A2200009,강원대학교병원,37.87497158192399,127.74448573764938,0.8654817924590694,1.044,4.15,0.0,4600.0,성공,2026-07-27T20:19:56+09:00
강원특별자치도|춘천시,강원특별자치도,춘천시,37.88011702337243,127.73708688342772,병원좌표평균대체,3,A2100031,경기도의료원포천병원,37.903264018475866,127.1983186069986,47.34796352690226,71.513,90.5,0.0,110300.0,성공,2026-07-27T20:19:56+09:00
강원특별자치도|태백시,강원특별자치도,태백시,37.10404228529155,129.0042870499601,병원좌표평균대체,1,A2200007,강원특별자치도삼척의료원,37.44027922704624,129.16370014395005,39.960236945015,54.359,62.11666666666667,0.0,66100.0,성공,2026-07-27T20:19:56+09:00
강원특별자치도|태백시,강원특별자치도,태백시,37.10404228529155,129.0042870499601,병원좌표평균대체,2,A2700004,안동성소병원,36.56712693337398,128.72245351866204,64.75689391960991,92.236,89.48333333333333,0.0,121200.0,성공,2026-07-27T20:19:56+09:00
강원특별자치도|태백시,강원특별자치도,태백시,37.10404228529155,129.0042870499601,병원좌표평균대체,3,A2700014,의료법인안동병원,36.54691448006022,128.70097021920307,67.57681329346039,91.318,90.2,0.0,120200.0,성공,2026-07-27T20:19:56+09:00
강원특별자치도|평창군,강원특별자치도,평창군,37.360577433652736,128.3890508672411,병원좌표평균대체,1,A2300009,의료법인명지의료재단명지병원,37.1630057642892,128.23405656001103,25.89942965390619,41.78,43.93333333333333,0.0,76800.0,성공,2026-07-27T20:19:56+09:00
강원특별자치도|평창군,강원특별자치도,평창군,37.360577433652736,128.3890508672411,병원좌표평균대체,2,A2300005,의료법인자산의료재단제천서울병원,37.13857101389598,128.20613928597675,29.52131781905733,46.263,53.66666666666666,0.0,85800.0,성공,2026-07-27T20:19:56+09:00
강원특별자치도|평창군,강원특별자치도,평창군,37.360577433652736,128.3890508672411,병원좌표평균대체,3,A2200001,연세대학교원주세브란스기독병원,37.34795543031888,127.9456453098751,39.217151498023846,65.401,72.86666666666666,1500.0,115100.0,성공,2026-07-27T20:19:56+09:00
강원특별자치도|홍천군,강원특별자치도,홍천군,37.69082165229579,127.89490721695594,병원좌표평균대체,1,A2200009,강원대학교병원,37.87497158192399,127.74448573764938,24.37288232582196,35.79,36.583333333333336,2000.0,64100.0,성공,2026-07-27T20:19:56+09:00
강원특별자치도|홍천군,강원특별자치도,홍천군,37.69082165229579,127.89490721695594,병원좌표평균대체,2,A2200013,한림대학교춘천성심병원,37.88413581388737,127.73989454269612,25.448277042361145,37.113,40.4,2000.0,67200.0,성공,2026-07-27T20:19:56+09:00
강원특별자치도|홍천군,강원특별자치도,홍천군,37.69082165229579,127.89490721695594,병원좌표평균대체,3,A2200001,연세대학교원주세브란스기독병원,37.34795543031888,127.9456453098751,38.38669096047518,52.848,48.13333333333333,2500.0,94700.0,성공,2026-07-27T20:19:56+09:00
강원특별자치도|화천군,강원특별자치도,화천군,38.1073824571151,127.708883438378,병원좌표평균대체,1,A2200013,한림대학교춘천성심병원,37.88413581388737,127.73989454269612,24.97218764352889,33.288,39.56666666666667,0.0,32900.0,성공,2026-07-27T20:19:56+09:00
강원특별자치도|화천군,강원특별자치도,화천군,38.1073824571151,127.708883438378,병원좌표평균대체,2,A2200009,강원대학교병원,37.87497158192399,127.74448573764938,26.03055989400823,33.821,41.95,0.0,33700.0,성공,2026-07-27T20:19:56+09:00
강원특별자치도|화천군,강원특별자치도,화천군,38.1073824571151,127.708883438378,병원좌표평균대체,3,A2100031,경기도의료원포천병원,37.903264018475866,127.1983186069986,50.16232744818682,81.808,100.33333333333331,0.0,74700.0,성공,2026-07-27T20:19:56+09:00
강원특별자치도|횡성군,강원특별자치도,횡성군,37.47845901170136,127.97994775890872,병원좌표평균대체,1,A2200001,연세대학교원주세브란스기독병원,37.34795543031888,127.9456453098751,14.824208280850888,16.263,24.116666666666667,0.0,26900.0,성공,2026-07-27T20:19:56+09:00
강원특별자치도|횡성군,강원특별자치도,횡성군,37.47845901170136,127.97994775890872,병원좌표평균대체,2,A2300009,의료법인명지의료재단명지병원,37.1630057642892,128.23405656001103,41.65689146622144,66.403,59.66666666666666,2800.0,103500.0,성공,2026-07-27T20:19:56+09:00
강원특별자치도|횡성군,강원특별자치도,횡성군,37.47845901170136,127.97994775890872,병원좌표평균대체,3,A2300005,의료법인자산의료재단제천서울병원,37.13857101389598,128.20613928597675,42.761760869868304,60.732,52.16666666666666,2800.0,94900.0,성공,2026-07-27T20:19:56+09:00
경기도|가평군,경기도,가평군,37.69104512763415,127.52141322182568,병원좌표평균대체,1,A2100041,남양주한양병원,37.68238094157572,127.2043136287129,27.920048749407822,44.058,47.6,1900.0,64700.0,성공,2026-07-27T20:19:56+09:00
경기도|가평군,경기도,가평군,37.69104512763415,127.52141322182568,병원좌표평균대체,2,A2200009,강원대학교병원,37.87497158192399,127.74448573764938,28.329924972057512,55.947,52.21666666666667,4200.0,81500.0,성공,2026-07-27T20:19:56+09:00
경기도|가평군,경기도,가평군,37.69104512763415,127.52141322182568,병원좌표평균대체,3,A2200013,한림대학교춘천성심병원,37.88413581388737,127.73989454269612,28.802806607500987,50.357,56.63333333333333,2400.0,74400.0,성공,2026-07-27T20:19:56+09:00
경기도|고양시,경기도,고양시,37.657689636093465,126.79429642701145,병원좌표평균대체,1,A2100033,국민건강보험공단일산병원,37.64530592402248,126.792204040477,1.3892725511366075,3.475,9.133333333333333,0.0,6600.0,성공,2026-07-27T20:19:56+09:00
경기도|고양시,경기도,고양시,37.657689636093465,126.79429642701145,병원좌표평균대체,2,A2100047,동국대학교일산불교병원,37.67643677699999,126.8055658392,2.3085526676005714,3.247,9.183333333333334,0.0,6500.0,성공,2026-07-27T20:19:56+09:00
경기도|고양시,경기도,고양시,37.657689636093465,126.79429642701145,병원좌표평균대체,3,A2100042,의료법인명지의료재단명지병원,37.64207169115689,126.83145733035823,3.7039773724995135,6.373,13.0,0.0,8900.0,성공,2026-07-27T20:19:56+09:00
경기도|광명시,경기도,광명시,37.4490294547316,126.87891632857792,병원좌표평균대체,1,A2100007,광명성애병원,37.4734614743463,126.87192258470483,2.7859633040381624,4.106,10.816666666666666,0.0,7200.0,성공,2026-07-27T20:19:56+09:00
경기도|광명시,경기도,광명시,37.4490294547316,126.87891632857792,병원좌표평균대체,2,A2118788,중앙대학교광명병원,37.4245974351169,126.885910072451,2.786007988162832,4.844,11.8,0.0,7800.0,성공,2026-07-27T20:19:56+09:00
경기도|광명시,경기도,광명시,37.4490294547316,126.87891632857792,병원좌표평균대체,3,A1100014,고려대학교의과대학부속구로병원,37.49211114525054,126.8847449363546,4.818002685925821,7.459,19.48333333333333,0.0,10100.0,성공,2026-07-27T20:19:56+09:00
경기도|광주시,경기도,광주시,37.41095382720454,127.26022384023878,병원좌표평균대체,1,A2100155,참조은병원,37.41095382720454,127.26022384023878,0.0,0.0,0.0,0.0,0.0,성공:출도착5m이내,2026-07-27T20:19:56+09:00
경기도|광주시,경기도,광주시,37.41095382720454,127.26022384023878,병원좌표평균대체,2,A2116806,성남시의료원,37.44498428779224,127.13905704599767,11.34869407425035,15.371,23.133333333333333,0.0,21100.0,성공,2026-07-27T20:19:56+09:00
경기도|광주시,경기도,광주시,37.41095382720454,127.26022384023878,병원좌표평균대체,3,A2100030,차의과학대학교분당차병원,37.4101145912911,127.125083678928,11.936274832619214,16.339,19.58333333333333,0.0,21000.0,성공,2026-07-27T20:19:56+09:00
경기도|구리시,경기도,구리시,37.603237266690485,127.13605947420268,병원좌표평균대체,1,A2100039,한양대학교구리병원,37.6012760077,127.13250756940002,0.3814071187966694,0.698,2.85,0.0,4800.0,성공,2026-07-27T20:19:56+09:00
경기도|구리시,경기도,구리시,37.603237266690485,127.13605947420268,병원좌표평균대체,2,A1100035,서울특별시서울의료원,37.61286931510163,127.0980910949257,3.511901891814262,5.305,12.95,0.0,9500.0,성공,2026-07-27T20:19:56+09:00
경기도|구리시,경기도,구리시,37.603237266690485,127.13605947420268,병원좌표평균대체,3,A1100043,강동경희대학교병원,37.5520459324005,127.157084787845,5.98618482860433,8.477,19.98333333333333,0.0,11900.0,성공,2026-07-27T20:19:56+09:00
경기도|군포시,경기도,군포시,37.35921591428855,126.94033344586884,병원좌표평균대체,1,A2100048,원광대학교산본병원,37.359787179442414,126.93330716393872,0.6242413471390076,1.142,3.783333333333333,0.0,4800.0,성공,2026-07-27T20:19:56+09:00
경기도|군포시,경기도,군포시,37.35921591428855,126.94033344586884,병원좌표평균대체,2,A2100054,효산의료재단지샘병원,37.35864464913468,126.94735972779895,0.6242460495254505,0.88,3.433333333333333,0.0,4800.0,성공,2026-07-27T20:19:56+09:00
경기도|군포시,경기도,군포시,37.35921591428855,126.94033344586884,병원좌표평균대체,3,A2100015,효산의료재단안양샘병원,37.39340413136221,126.92447734066778,4.051528414489169,5.71,16.716666666666665,0.0,9200.0,성공,2026-07-27T20:19:56+09:00
경기도|김포시,경기도,김포시,37.63674261149139,126.685377430909,병원좌표평균대체,1,A2100006,의료법인인봉의료재단뉴고려병원,37.64095507933562,126.66022763544731,2.2634998186173587,3.557,9.516666666666667,0.0,6800.0,성공,2026-07-27T20:19:56+09:00
경기도|김포시,경기도,김포시,37.63674261149139,126.685377430909,병원좌표평균대체,2,A2100053,의료법인우리의료재단김포우리병원,37.632530143647166,126.7105272263707,2.26362265429283,3.827,9.85,0.0,7000.0,성공,2026-07-27T20:19:56+09:00
경기도|김포시,경기도,김포시,37.63674261149139,126.685377430909,병원좌표평균대체,3,A1400010,검단탑병원,37.59241914491385,126.6710400927469,5.087764356982801,6.994,16.65,0.0,10500.0,성공,2026-07-27T20:19:56+09:00
경기도|남양주시,경기도,남양주시,37.6697335445253,127.21358231971716,병원좌표평균대체,1,A2100041,남양주한양병원,37.68238094157572,127.2043136287129,1.6257792369077466,3.288,7.816666666666666,0.0,6300.0,성공,2026-07-27T20:19:56+09:00
경기도|남양주시,경기도,남양주시,37.6697335445253,127.21358231971716,병원좌표평균대체,2,A2100037,현대병원,37.715486551355895,127.17984989970032,5.890004265516543,7.555,19.666666666666668,0.0,10100.0,성공,2026-07-27T20:19:56+09:00
경기도|남양주시,경기도,남양주시,37.6697335445253,127.21358231971716,병원좌표평균대체,3,A2100039,한양대학교구리병원,37.6012760077,127.13250756940002,10.436097805792365,16.823,26.683333333333334,0.0,16900.0,성공,2026-07-27T20:19:56+09:00
경기도|동두천시,경기도,동두천시,37.90888404022765,127.05398051509536,병원좌표평균대체,1,A2100031,경기도의료원포천병원,37.903264018475866,127.1983186069986,12.67889739152642,21.165,36.65,0.0,27500.0,성공,2026-07-27T20:19:56+09:00
경기도|동두천시,경기도,동두천시,37.90888404022765,127.05398051509536,병원좌표평균대체,2,A2100040,가톨릭대학교의정부성모병원,37.75865547828227,127.07767290194454,16.833737771573286,20.212,24.0,0.0,26300.0,성공,2026-07-27T20:19:56+09:00
경기도|동두천시,경기도,동두천시,37.90888404022765,127.05398051509536,병원좌표평균대체,3,A2117994,학교법인을지학원의정부을지대학교병원,37.7518290378344,127.050695679688,17.466102159927207,23.158,29.416666666666668,0.0,29700.0,성공,2026-07-27T20:19:56+09:00
경기도|부천시,경기도,부천시,37.500746492241,126.78413179229756,병원좌표평균대체,1,A2100052,가톨릭대학교부천성모병원,37.4874477394264,126.79243459155,1.6502352110454834,3.842,8.2,0.0,6700.0,성공,2026-07-27T20:19:56+09:00
경기도|부천시,경기도,부천시,37.500746492241,126.78413179229756,병원좌표평균대체,2,A2100005,순천향대학교부속부천병원,37.49857073407877,126.76238239812,1.9338651972479743,2.696,9.833333333333334,0.0,6800.0,성공,2026-07-27T20:19:56+09:00
경기도|부천시,경기도,부천시,37.500746492241,126.78413179229756,병원좌표평균대체,3,A2100055,부천세종병원,37.4810049006,126.7911674323,2.281241819945023,5.27,13.9,0.0,8400.0,성공,2026-07-27T20:19:56+09:00
경기도|성남시,경기도,성남시,37.4176675677333,127.13779165495548,병원좌표평균대체,1,A2100030,차의과학대학교분당차병원,37.4101145912911,127.125083678928,1.4017919192483597,2.078,7.416666666666667,0.0,5800.0,성공,2026-07-27T20:19:56+09:00
경기도|성남시,경기도,성남시,37.4176675677333,127.13779165495548,병원좌표평균대체,2,A2116806,성남시의료원,37.44498428779224,127.13905704599767,3.039534966006947,4.162,12.3,0.0,7900.0,성공,2026-07-27T20:19:56+09:00
경기도|성남시,경기도,성남시,37.4176675677333,127.13779165495548,병원좌표평균대체,3,A2100025,대진의료재단분당제생병원,37.387871379956906,127.12132819639598,3.618289542160258,4.599,13.033333333333331,0.0,8200.0,성공,2026-07-27T20:19:56+09:00
경기도|수원시,경기도,수원시,37.26778500686198,127.01621310553824,병원좌표평균대체,1,A2100012,가톨릭대학교성빈센트병원,37.27792234538125,127.02744945028702,1.5030451881005036,1.795,6.05,0.0,5200.0,성공,2026-07-27T20:19:56+09:00
경기도|수원시,경기도,수원시,37.26778500686198,127.01621310553824,병원좌표평균대체,2,A2100009,의료법인녹산의료재단동수원병원,37.27816562305189,127.0343637912553,1.977813826821868,2.783,8.25,0.0,6300.0,성공,2026-07-27T20:19:56+09:00
경기도|수원시,경기도,수원시,37.26778500686198,127.01621310553824,병원좌표평균대체,3,A2100002,아주대학교병원,37.2794477573662,127.04752107106702,3.058763537809061,4.875,12.366666666666667,0.0,8000.0,성공,2026-07-27T20:19:56+09:00
경기도|시흥시,경기도,시흥시,37.37697039037247,126.75134781603109,병원좌표평균대체,1,A2100008,의료법인남촌의료재단시화병원,37.349955639806,126.736970968751,3.261571465453508,5.744,9.766666666666667,0.0,8300.0,성공,2026-07-27T20:19:56+09:00
경기도|시흥시,경기도,시흥시,37.37697039037247,126.75134781603109,병원좌표평균대체,2,A2100017,대아의료재단한도병원,37.334033447174896,126.8076558459104,6.896686738744671,9.324,25.95,0.0,13000.0,성공,2026-07-27T20:19:56+09:00
경기도|시흥시,경기도,시흥시,37.37697039037247,126.75134781603109,병원좌표평균대체,3,A1400011,의료법인 나사렛의료재단 나사렛국제병원,37.4079911136402,126.67046935782248,7.934136281047848,14.064,23.73333333333333,1300.0,16500.0,성공,2026-07-27T20:19:56+09:00
경기도|안산시,경기도,안산시,37.32156185230199,126.83501201111596,병원좌표평균대체,1,A2100003,고려대학교의과대학부속안산병원,37.31885818300129,126.8250018362211,0.9348470929983668,1.171,4.183333333333334,0.0,4800.0,성공,2026-07-27T20:19:56+09:00
경기도|안산시,경기도,안산시,37.32156185230199,126.83501201111596,병원좌표평균대체,2,A2100017,대아의료재단한도병원,37.334033447174896,126.8076558459104,2.7881697828071648,3.952,11.75,0.0,7500.0,성공,2026-07-27T20:19:56+09:00
경기도|안산시,경기도,안산시,37.32156185230199,126.83501201111596,병원좌표평균대체,3,A2100008,의료법인남촌의료재단시화병원,37.349955639806,126.736970968751,9.224966962837565,10.744,21.633333333333333,0.0,12800.0,성공,2026-07-27T20:19:56+09:00
경기도|안성시,경기도,안성시,37.01173524425093,127.2655918725216,병원좌표평균대체,1,A2100028,의료법인백송의료재단굿모닝병원,36.9905734199,127.120463688,13.100853013585969,14.205,29.55,0.0,22200.0,성공,2026-07-27T20:19:56+09:00
경기도|안성시,경기도,안성시,37.01173524425093,127.2655918725216,병원좌표평균대체,2,A2113246,의료법인양진의료재단평택성모병원,37.008809910565546,127.07371568769604,17.040214028199287,28.993,31.966666666666665,1400.0,40600.0,성공,2026-07-27T20:19:56+09:00
경기도|안성시,경기도,안성시,37.01173524425093,127.2655918725216,병원좌표평균대체,3,A2400002,단국대학교의과대학부속병원,36.84295215169462,127.17327537305154,20.48336441763904,24.467,31.466666666666665,0.0,35700.0,성공,2026-07-27T20:19:56+09:00
경기도|안양시,경기도,안양시,37.38788443574328,126.94058267506522,병원좌표평균대체,1,A2100015,효산의료재단안양샘병원,37.39340413136221,126.92447734066778,1.5495736455636753,2.267,9.033333333333331,0.0,6200.0,성공,2026-07-27T20:19:56+09:00
경기도|안양시,경기도,안양시,37.38788443574328,126.94058267506522,병원좌표평균대체,2,A2100004,한림대학교성심병원,37.3916511961,126.9619708207,1.935441162244827,2.636,10.883333333333333,0.0,6800.0,성공,2026-07-27T20:19:56+09:00
경기도|안양시,경기도,안양시,37.38788443574328,126.94058267506522,병원좌표평균대체,3,A2100048,원광대학교산본병원,37.359787179442414,126.93330716393872,3.1897343831604155,4.091,11.016666666666667,0.0,7100.0,성공,2026-07-27T20:19:56+09:00
경기도|양주시,경기도,양주시,37.83756356362081,127.06463890111564,병원좌표평균대체,1,A2100040,가톨릭대학교의정부성모병원,37.75865547828227,127.07767290194454,8.848600133650365,12.473,16.8,0.0,16300.0,성공,2026-07-27T20:19:56+09:00
경기도|양주시,경기도,양주시,37.83756356362081,127.06463890111564,병원좌표평균대체,2,A2117994,학교법인을지학원의정부을지대학교병원,37.7518290378344,127.050695679688,9.611646826177726,11.28,24.65,0.0,15600.0,성공,2026-07-27T20:19:56+09:00
경기도|양주시,경기도,양주시,37.83756356362081,127.06463890111564,병원좌표평균대체,3,A2100031,경기도의료원포천병원,37.903264018475866,127.1983186069986,13.822417134472785,23.719,28.166666666666668,1800.0,30200.0,성공,2026-07-27T20:19:56+09:00
경기도|양평군,경기도,양평군,37.493962635485616,127.50347093330032,병원좌표평균대체,1,A2100155,참조은병원,37.41095382720454,127.26022384023878,23.371962583986264,30.619,51.78333333333333,0.0,45100.0,성공,2026-07-27T20:19:56+09:00
경기도|양평군,경기도,양평군,37.493962635485616,127.50347093330032,병원좌표평균대체,2,A2100193,경기도의료원이천병원,37.282694444444445,127.43266388888888,24.310604454918032,30.714,55.56666666666667,0.0,46900.0,성공,2026-07-27T20:19:56+09:00
경기도|양평군,경기도,양평군,37.493962635485616,127.50347093330032,병원좌표평균대체,3,A1100043,강동경희대학교병원,37.5520459324005,127.157084787845,31.222953233483164,37.167,48.88333333333333,0.0,53300.0,성공,2026-07-27T20:19:56+09:00
경기도|여주시,경기도,여주시,37.29559872664473,127.62979984000764,병원좌표평균대체,1,A2100193,경기도의료원이천병원,37.282694444444445,127.43266388888888,17.498633027228326,20.082,30.016666666666666,0.0,31100.0,성공,2026-07-27T20:19:56+09:00
경기도|여주시,경기도,여주시,37.29559872664473,127.62979984000764,병원좌표평균대체,2,A2200001,연세대학교원주세브란스기독병원,37.34795543031888,127.9456453098751,28.529570939307646,35.379,43.71666666666667,0.0,53200.0,성공,2026-07-27T20:19:56+09:00
경기도|여주시,경기도,여주시,37.29559872664473,127.62979984000764,병원좌표평균대체,3,A2100155,참조은병원,37.41095382720454,127.26022384023878,35.09482104233112,38.89,39.13333333333333,0.0,58100.0,성공,2026-07-27T20:19:56+09:00
경기도|연천군,경기도,연천군,38.02374166666665,127.06124444444444,병원좌표평균대체,1,A2100031,경기도의료원포천병원,37.903264018475866,127.1983186069986,17.99637535601629,24.831,34.583333333333336,0.0,36700.0,성공,2026-07-27T20:19:56+09:00
경기도|연천군,경기도,연천군,38.02374166666665,127.06124444444444,병원좌표평균대체,2,A2100040,가톨릭대학교의정부성모병원,37.75865547828227,127.07767290194454,29.511472319689556,34.907,34.8,0.0,52200.0,성공,2026-07-27T20:19:56+09:00
경기도|연천군,경기도,연천군,38.02374166666665,127.06124444444444,병원좌표평균대체,3,A2117994,학교법인을지학원의정부을지대학교병원,37.7518290378344,127.050695679688,30.249473042285835,37.853,40.13333333333333,0.0,56500.0,성공,2026-07-27T20:19:56+09:00
경기도|오산시,경기도,오산시,37.14777751499649,127.07178910596976,병원좌표평균대체,1,A2100024,오산한국병원,37.14122844920573,127.07533756274844,0.7932403014919428,1.217,4.233333333333333,0.0,4900.0,성공,2026-07-27T20:19:56+09:00
경기도|오산시,경기도,오산시,37.14777751499649,127.07178910596976,병원좌표평균대체,2,A2100046,한림대학교동탄성심병원,37.216650193541184,127.08000809235828,7.692828675052709,9.087,17.066666666666666,0.0,13500.0,성공,2026-07-27T20:19:56+09:00
경기도|오산시,경기도,오산시,37.14777751499649,127.07178910596976,병원좌표평균대체,3,A2100029,강남병원,37.27377983891884,127.11140719951388,14.443422364187104,18.185,22.05,1600.0,24400.0,성공,2026-07-27T20:19:56+09:00
경기도|용인시,경기도,용인시,37.25098182421292,127.17713323414284,병원좌표평균대체,1,A2100020,연세대학교의과대학용인세브란스병원,37.27077583197877,127.14818862464035,3.3772692983454564,4.869,8.983333333333333,0.0,8100.0,성공,2026-07-27T20:19:56+09:00
경기도|용인시,경기도,용인시,37.25098182421292,127.17713323414284,병원좌표평균대체,2,A2100019,(의)영문의료재단다보스병원,37.234641294534285,127.21049868474802,3.467652830332336,6.358,15.833333333333334,0.0,10300.0,성공,2026-07-27T20:19:56+09:00
경기도|용인시,경기도,용인시,37.25098182421292,127.17713323414284,병원좌표평균대체,3,A2100029,강남병원,37.27377983891884,127.11140719951388,6.344962756725935,8.427,14.133333333333333,0.0,12100.0,성공,2026-07-27T20:19:56+09:00
경기도|의정부시,경기도,의정부시,37.74938005350045,127.05561752512918,병원좌표평균대체,1,A2117994,학교법인을지학원의정부을지대학교병원,37.7518290378344,127.050695679688,0.5112818554047172,0.833,2.45,0.0,4800.0,성공,2026-07-27T20:19:56+09:00
경기도|의정부시,경기도,의정부시,37.74938005350045,127.05561752512918,병원좌표평균대체,2,A2100040,가톨릭대학교의정부성모병원,37.75865547828227,127.07767290194454,2.1962551318412125,3.271,8.55,0.0,6600.0,성공,2026-07-27T20:19:56+09:00
경기도|의정부시,경기도,의정부시,37.74938005350045,127.05561752512918,병원좌표평균대체,3,A1100016,인제대학교상계백병원,37.6485812672986,127.06311619032104,11.227713646692395,13.63,23.316666666666663,0.0,15700.0,성공,2026-07-27T20:19:56+09:00
경기도|이천시,경기도,이천시,37.278213792340864,127.4415265814388,병원좌표평균대체,1,A2100193,경기도의료원이천병원,37.282694444444445,127.43266388888888,0.9290274199693616,1.425,4.566666666666666,0.0,5300.0,성공,2026-07-27T20:19:56+09:00
경기도|이천시,경기도,이천시,37.278213792340864,127.4415265814388,병원좌표평균대체,2,A2100019,(의)영문의료재단다보스병원,37.234641294534285,127.21049868474802,21.01304388739848,27.12,39.8,0.0,40200.0,성공,2026-07-27T20:19:56+09:00
경기도|이천시,경기도,이천시,37.278213792340864,127.4415265814388,병원좌표평균대체,3,A2100155,참조은병원,37.41095382720454,127.26022384023878,21.788267181178043,25.787,36.56666666666667,0.0,40300.0,성공,2026-07-27T20:19:56+09:00
경기도|파주시,경기도,파주시,37.80778517535877,126.77967441354244,병원좌표평균대체,1,A2100035,경기도의료원파주병원,37.7548802103,126.779637936,5.882764582324297,8.199,15.483333333333333,0.0,10400.0,성공,2026-07-27T20:19:56+09:00
경기도|파주시,경기도,파주시,37.80778517535877,126.77967441354244,병원좌표평균대체,2,A2100047,동국대학교일산불교병원,37.67643677699999,126.8055658392,14.781648406967864,21.242,32.56666666666667,1500.0,22700.0,성공,2026-07-27T20:19:56+09:00
경기도|파주시,경기도,파주시,37.80778517535877,126.77967441354244,병원좌표평균대체,3,A2100038,인제대학교일산백병원,37.67436543525074,126.75031388046008,15.05855860775049,18.029,32.0,0.0,19000.0,성공,2026-07-27T20:19:56+09:00
경기도|평택시,경기도,평택시,37.01887915022522,127.05536000353132,병원좌표평균대체,1,A2113246,의료법인양진의료재단평택성모병원,37.008809910565546,127.07371568769604,1.9773081151959515,4.352,9.8,0.0,7500.0,성공,2026-07-27T20:19:56+09:00
경기도|평택시,경기도,평택시,37.01887915022522,127.05536000353132,병원좌표평균대체,2,A2100028,의료법인백송의료재단굿모닝병원,36.9905734199,127.120463688,6.582388349374258,7.387,16.633333333333333,0.0,11300.0,성공,2026-07-27T20:19:56+09:00
경기도|평택시,경기도,평택시,37.01887915022522,127.05536000353132,병원좌표평균대체,3,A2100024,오산한국병원,37.14122844920573,127.07533756274844,13.71956590323127,17.133,32.416666666666664,0.0,21300.0,성공,2026-07-27T20:19:56+09:00
경기도|포천시,경기도,포천시,37.86537996586682,127.17323116265524,병원좌표평균대체,1,A2100031,경기도의료원포천병원,37.903264018475866,127.1983186069986,4.753181938647527,5.785,12.5,0.0,10700.0,성공,2026-07-27T20:19:56+09:00
경기도|포천시,경기도,포천시,37.86537996586682,127.17323116265524,병원좌표평균대체,2,A2100040,가톨릭대학교의정부성모병원,37.75865547828227,127.07767290194454,14.536110724154168,16.832,21.4,1400.0,24900.0,성공,2026-07-27T20:19:56+09:00
경기도|포천시,경기도,포천시,37.86537996586682,127.17323116265524,병원좌표평균대체,3,A2117994,학교법인을지학원의정부을지대학교병원,37.7518290378344,127.050695679688,16.592326433189303,19.778,26.98333333333333,1400.0,29200.0,성공,2026-07-27T20:19:56+09:00
경기도|화성시,경기도,화성시,37.19392132883032,126.95776547136174,병원좌표평균대체,1,A2117135,의료법인명인의료재단화홍병원,37.2601427452511,126.963891671858,7.383435584710314,13.816,18.78333333333333,0.0,17600.0,성공,2026-07-27T20:19:56+09:00
경기도|화성시,경기도,화성시,37.19392132883032,126.95776547136174,병원좌표평균대체,2,A2100046,한림대학교동탄성심병원,37.216650193541184,127.08000809235828,11.11736318232686,15.648,23.566666666666663,0.0,19200.0,성공,2026-07-27T20:19:56+09:00
경기도|화성시,경기도,화성시,37.19392132883032,126.95776547136174,병원좌표평균대체,3,A2100012,가톨릭대학교성빈센트병원,37.27792234538125,127.02744945028702,11.193791139908498,16.331,25.916666666666668,0.0,20700.0,성공,2026-07-27T20:19:56+09:00
경상남도|거제시,경상남도,거제시,34.88127738706635,128.66397965431463,병원좌표평균대체,1,A2800017,의료법인합포의료재단에스엠지연세병원,35.18635329986849,128.56163160027907,35.1795116611584,80.804,74.33333333333333,1800.0,81300.0,성공,2026-07-27T20:19:56+09:00
경상남도|거제시,경상남도,거제시,34.88127738706635,128.66397965431463,병원좌표평균대체,2,A2803505,창원경상국립대학교병원,35.19921298418469,128.7078072393552,35.57728240262559,63.737,64.0,11100.0,61700.0,성공,2026-07-27T20:19:56+09:00
경상남도|거제시,경상남도,거제시,34.88127738706635,128.66397965431463,병원좌표평균대체,3,A1200004,고신대학교복음병원,35.08029169184386,129.01572016067405,38.9442165086969,59.255,66.43333333333334,11400.0,57300.0,성공,2026-07-27T20:19:56+09:00
경상남도|거창군,경상남도,거창군,35.686801911628535,127.90877080146284,병원좌표평균대체,1,A2700012,의료법인덕산의료재단김천제일병원,36.13534199566352,128.11882383545816,53.34243476103828,62.819,69.08333333333333,0.0,77100.0,성공,2026-07-27T20:19:56+09:00
경상남도|거창군,경상남도,거창군,35.686801911628535,127.90877080146284,병원좌표평균대체,2,A2500004,전북특별자치도남원의료원,35.43189945917936,127.40719103150715,53.497638051620505,70.959,54.38333333333333,3800.0,85500.0,성공,2026-07-27T20:19:56+09:00
경상남도|거창군,경상남도,거창군,35.686801911628535,127.90877080146284,병원좌표평균대체,3,A1300003,계명대학교동산병원,35.85388728949212,128.48012966656532,54.79374891970487,72.965,59.55,3800.0,88200.0,성공,2026-07-27T20:19:56+09:00
경상남도|고성군,경상남도,고성군,34.973940520524295,128.3257521334943,병원좌표평균대체,1,A2800043,한일병원,35.16696519825003,128.128547657113,27.978026257043343,40.507,34.43333333333333,2300.0,56500.0,성공,2026-07-27T20:19:56+09:00
경상남도|고성군,경상남도,고성군,34.973940520524295,128.3257521334943,병원좌표평균대체,2,A2800001,경상국립대학교병원,35.17634016550792,128.09564813723503,30.74067508020126,43.484,39.083333333333336,2300.0,60900.0,성공,2026-07-27T20:19:56+09:00
경상남도|고성군,경상남도,고성군,34.973940520524295,128.3257521334943,병원좌표평균대체,3,A2800003,제일병원,35.1793997485,128.0899464997,31.3432577846709,43.628,40.86666666666667,2300.0,61700.0,성공,2026-07-27T20:19:56+09:00
경상남도|김해시,경상남도,김해시,35.22937633431955,128.85275272234097,병원좌표평균대체,1,A2800006,의료법인숭인의료재단 김해복음병원,35.2304897832,128.8935457971,3.7072567995370354,5.2,12.933333333333334,0.0,7700.0,성공,2026-07-27T20:19:56+09:00
경상남도|김해시,경상남도,김해시,35.22937633431955,128.85275272234097,병원좌표평균대체,2,A2800010,의료법인환명의료재단 조은금강병원,35.2623038386,128.8615781975,3.748061355145081,5.456,12.916666666666666,0.0,7800.0,성공,2026-07-27T20:19:56+09:00
경상남도|김해시,경상남도,김해시,35.22937633431955,128.85275272234097,병원좌표평균대체,3,A2803505,창원경상국립대학교병원,35.19921298418469,128.7078072393552,13.588213860701432,17.259,21.966666666666665,0.0,18000.0,성공,2026-07-27T20:19:56+09:00
경상남도|남해군,경상남도,남해군,34.84640603127717,127.89425156305388,병원좌표평균대체,1,A2600014,여천전남병원,34.76918041182927,127.65404273510528,23.55204618665494,57.484,74.23333333333333,0.0,84400.0,성공,2026-07-27T20:19:56+09:00
경상남도|남해군,경상남도,남해군,34.84640603127717,127.89425156305388,병원좌표평균대체,2,A2600019,성가롤로병원,34.9634252378637,127.542308899549,34.631486133663024,52.6,52.98333333333333,1900.0,76500.0,성공,2026-07-27T20:19:56+09:00
경상남도|남해군,경상남도,남해군,34.84640603127717,127.89425156305388,병원좌표평균대체,3,A2800001,경상국립대학교병원,35.17634016550792,128.09564813723503,41.01651064881268,55.408,60.46666666666667,1800.0,81400.0,성공,2026-07-27T20:19:56+09:00
경상남도|밀양시,경상남도,밀양시,35.44882608368644,128.7385672569371,병원좌표평균대체,1,A2800010,의료법인환명의료재단 조은금강병원,35.2623038386,128.8615781975,23.55013094763548,39.302,57.53333333333333,0.0,39800.0,성공,2026-07-27T20:19:56+09:00
경상남도|밀양시,경상남도,밀양시,35.44882608368644,128.7385672569371,병원좌표평균대체,2,A2800007,창원한마음병원,35.2379796340839,128.699059273138,23.71732764459708,37.055,53.7,0.0,37600.0,성공,2026-07-27T20:19:56+09:00
경상남도|밀양시,경상남도,밀양시,35.44882608368644,128.7385672569371,병원좌표평균대체,3,A2800004,창원파티마병원,35.2372418321,128.6444852768,25.02685438133241,38.664,58.6,0.0,39200.0,성공,2026-07-27T20:19:56+09:00
경상남도|사천시,경상남도,사천시,34.984258964583724,128.08203785496008,병원좌표평균대체,1,A2800043,한일병원,35.16696519825003,128.128547657113,20.752198139510973,20.752198139510973,,,,직선거리대체:출발지도로탐색실패,2026-07-27T20:19:56+09:00
경상남도|사천시,경상남도,사천시,34.984258964583724,128.08203785496008,병원좌표평균대체,2,A2800001,경상국립대학교병원,35.17634016550792,128.09564813723503,21.3943318846452,,,,,경로오류:102:시작 지점 주변의 도로를 탐색할 수 없음,2026-07-27T20:19:56+09:00
경상남도|사천시,경상남도,사천시,34.984258964583724,128.08203785496008,병원좌표평균대체,3,A2800003,제일병원,35.1793997485,128.0899464997,21.71059540865486,,,,,경로오류:102:시작 지점 주변의 도로를 탐색할 수 없음,2026-07-27T20:19:56+09:00
경상남도|산청군,경상남도,산청군,35.4160463200281,127.88419591621032,병원좌표평균대체,1,A2800003,제일병원,35.1793997485,128.0899464997,32.265783913377504,36.21,35.983333333333334,0.0,51800.0,성공,2026-07-27T20:19:56+09:00
경상남도|산청군,경상남도,산청군,35.4160463200281,127.88419591621032,병원좌표평균대체,2,A2800001,경상국립대학교병원,35.17634016550792,128.09564813723503,32.843665738753174,37.72,38.2,0.0,53900.0,성공,2026-07-27T20:19:56+09:00
경상남도|산청군,경상남도,산청군,35.4160463200281,127.88419591621032,병원좌표평균대체,3,A2800043,한일병원,35.16696519825003,128.128547657113,35.48142199665666,47.062,43.61666666666667,0.0,68100.0,성공,2026-07-27T20:19:56+09:00
경상남도|양산시,경상남도,양산시,35.35358743685658,129.0573089896282,병원좌표평균대체,1,A2800011,양산부산대학교병원,35.32781996751182,129.00588613550423,5.474036542927393,5.474036542927393,,,,직선거리대체:출발지도로탐색실패,2026-07-27T20:19:56+09:00
경상남도|양산시,경상남도,양산시,35.35358743685658,129.0573089896282,병원좌표평균대체,2,A1200018,대동병원,35.204273174435535,129.08021549527504,16.73268565776533,,,,,경로오류:102:시작 지점 주변의 도로를 탐색할 수 없음,2026-07-27T20:19:56+09:00
경상남도|양산시,경상남도,양산시,35.35358743685658,129.0573089896282,병원좌표평균대체,3,A2800006,의료법인숭인의료재단 김해복음병원,35.2304897832,128.8935457971,20.20559898612557,,,,,경로오류:102:시작 지점 주변의 도로를 탐색할 수 없음,2026-07-27T20:19:56+09:00
경상남도|의령군,경상남도,의령군,35.31860563079656,128.2586798056445,병원좌표평균대체,1,A2800043,한일병원,35.16696519825003,128.128547657113,20.59070834536993,37.541,35.71666666666667,2300.0,59000.0,성공,2026-07-27T20:19:56+09:00
경상남도|의령군,경상남도,의령군,35.31860563079656,128.2586798056445,병원좌표평균대체,2,A2800001,경상국립대학교병원,35.17634016550792,128.09564813723503,21.666291900334524,37.998,41.75,2100.0,60500.0,성공,2026-07-27T20:19:56+09:00
경상남도|의령군,경상남도,의령군,35.31860563079656,128.2586798056445,병원좌표평균대체,3,A2800003,제일병원,35.1793997485,128.0899464997,21.78003977479517,38.129,42.9,2100.0,61000.0,성공,2026-07-27T20:19:56+09:00
경상남도|진주시,경상남도,진주시,35.179002787485125,128.0935887165518,병원좌표평균대체,1,A2800003,제일병원,35.1793997485,128.0899464997,0.3339550951162306,0.394,1.3833333333333333,0.0,4600.0,성공,2026-07-27T20:19:56+09:00
경상남도|진주시,경상남도,진주시,35.179002787485125,128.0935887165518,병원좌표평균대체,2,A2800001,경상국립대학교병원,35.17634016550792,128.09564813723503,0.3502742607364388,0.829,2.1166666666666667,0.0,4600.0,성공,2026-07-27T20:19:56+09:00
경상남도|진주시,경상남도,진주시,35.179002787485125,128.0935887165518,병원좌표평균대체,3,A2800043,한일병원,35.16696519825003,128.128547657113,3.4479256695431912,5.71,12.25,0.0,7900.0,성공,2026-07-27T20:19:56+09:00
경상남도|창녕군,경상남도,창녕군,35.5421522771,128.4934147264,병원좌표평균대체,1,A1300004,대구가톨릭대학교병원,35.843065593522674,128.56742621424615,34.12106586445841,46.836,45.13333333333333,2700.0,69200.0,성공,2026-07-27T20:19:56+09:00
경상남도|창녕군,경상남도,창녕군,35.5421522771,128.4934147264,병원좌표평균대체,2,A2800020,학교법인성균관대학삼성창원병원,35.242599227316994,128.592430520838,34.496855124999385,49.21,39.333333333333336,2600.0,69500.0,성공,2026-07-27T20:19:56+09:00
경상남도|창녕군,경상남도,창녕군,35.5421522771,128.4934147264,병원좌표평균대체,3,A1300003,계명대학교동산병원,35.85388728949212,128.48012966656532,34.68410511217031,47.834,41.75,2700.0,70600.0,성공,2026-07-27T20:19:56+09:00
경상남도|창원시,경상남도,창원시,35.21228256746614,128.62182592250878,병원좌표평균대체,1,A2800004,창원파티마병원,35.2372418321,128.6444852768,3.4552777375839363,8.343,13.683333333333334,0.0,10000.0,성공,2026-07-27T20:19:56+09:00
경상남도|창원시,경상남도,창원시,35.21228256746614,128.62182592250878,병원좌표평균대체,2,A2800020,학교법인성균관대학삼성창원병원,35.242599227316994,128.592430520838,4.300362015170817,9.025,17.833333333333332,0.0,10600.0,성공,2026-07-27T20:19:56+09:00
경상남도|창원시,경상남도,창원시,35.21228256746614,128.62182592250878,병원좌표평균대체,3,A2800017,의료법인합포의료재단에스엠지연세병원,35.18635329986849,128.56163160027907,6.182853779079351,19.642,26.05,2500.0,19100.0,성공,2026-07-27T20:19:56+09:00
경상남도|통영시,경상남도,통영시,34.86535758722789,128.4206525557243,병원좌표평균대체,1,A2800017,의료법인합포의료재단에스엠지연세병원,35.18635329986849,128.56163160027907,37.9313449561244,56.996,48.48333333333333,1600.0,58000.0,성공,2026-07-27T20:19:56+09:00
경상남도|통영시,경상남도,통영시,34.86535758722789,128.4206525557243,병원좌표평균대체,2,A2800043,한일병원,35.16696519825003,128.128547657113,42.80618821433364,56.057,42.583333333333336,3000.0,56800.0,성공,2026-07-27T20:19:56+09:00
경상남도|통영시,경상남도,통영시,34.86535758722789,128.4206525557243,병원좌표평균대체,3,A2800020,학교법인성균관대학삼성창원병원,35.242599227316994,128.592430520838,44.76681851532314,65.407,62.333333333333336,1600.0,66800.0,성공,2026-07-27T20:19:56+09:00
경상남도|하동군,경상남도,하동군,35.07144347237017,127.75322730361016,병원좌표평균대체,1,A2600019,성가롤로병원,34.9634252378637,127.542308899549,22.6537997304747,37.119,36.45,0.0,57300.0,성공,2026-07-27T20:19:56+09:00
경상남도|하동군,경상남도,하동군,35.07144347237017,127.75322730361016,병원좌표평균대체,2,A2800003,제일병원,35.1793997485,128.0899464997,32.89190675523277,40.583,47.06666666666667,0.0,59000.0,성공,2026-07-27T20:19:56+09:00
경상남도|하동군,경상남도,하동군,35.07144347237017,127.75322730361016,병원좌표평균대체,3,A2800001,경상국립대학교병원,35.17634016550792,128.09564813723503,33.2549138614477,41.78,50.38333333333333,0.0,61100.0,성공,2026-07-27T20:19:56+09:00
경상남도|함안군,경상남도,함안군,35.308982637512486,128.51554361153526,병원좌표평균대체,1,A2800020,학교법인성균관대학삼성창원병원,35.242599227316994,128.592430520838,10.158806016220923,14.687,25.35,0.0,25000.0,성공,2026-07-27T20:19:56+09:00
경상남도|함안군,경상남도,함안군,35.308982637512486,128.51554361153526,병원좌표평균대체,2,A2800004,창원파티마병원,35.2372418321,128.6444852768,14.165168889239109,20.82,36.21666666666667,0.0,34700.0,성공,2026-07-27T20:19:56+09:00
경상남도|함안군,경상남도,함안군,35.308982637512486,128.51554361153526,병원좌표평균대체,3,A2800017,의료법인합포의료재단에스엠지연세병원,35.18635329986849,128.56163160027907,14.263585700658645,17.315,33.083333333333336,0.0,29700.0,성공,2026-07-27T20:19:56+09:00
경상남도|함양군,경상남도,함양군,35.52046827900683,127.72924773802184,병원좌표평균대체,1,A2500004,전북특별자치도남원의료원,35.43189945917936,127.40719103150715,30.780999126985645,44.903,35.18333333333333,2600.0,66100.0,성공,2026-07-27T20:19:56+09:00
경상남도|함양군,경상남도,함양군,35.52046827900683,127.72924773802184,병원좌표평균대체,2,A2800003,제일병원,35.1793997485,128.0899464997,50.08458233490674,61.398,52.28333333333333,3200.0,93100.0,성공,2026-07-27T20:19:56+09:00
경상남도|함양군,경상남도,함양군,35.52046827900683,127.72924773802184,병원좌표평균대체,3,A2800001,경상국립대학교병원,35.17634016550792,128.09564813723503,50.68064137181909,62.308,54.81666666666667,3200.0,94700.0,성공,2026-07-27T20:19:56+09:00
경상남도|합천군,경상남도,합천군,35.56635668398722,128.16327169035327,병원좌표평균대체,1,A1300003,계명대학교동산병원,35.85388728949212,128.48012966656532,42.90275930163516,57.204,49.56666666666667,2400.0,86800.0,성공,2026-07-27T20:19:56+09:00
경상남도|합천군,경상남도,합천군,35.56635668398722,128.16327169035327,병원좌표평균대체,2,A2800003,제일병원,35.1793997485,128.0899464997,43.53823402527435,52.847,48.25,0.0,75400.0,성공,2026-07-27T20:19:56+09:00
경상남도|합천군,경상남도,합천군,35.56635668398722,128.16327169035327,병원좌표평균대체,3,A2800001,경상국립대학교병원,35.17634016550792,128.09564813723503,43.79914824892151,52.729,48.78333333333333,0.0,74900.0,성공,2026-07-27T20:19:56+09:00
경상북도|경산시,경상북도,경산시,35.817523212133125,128.7387823644503,병원좌표평균대체,1,A1300009,대구파티마병원,35.88393360650045,128.62383509209542,12.72246208977218,15.88,29.966666666666665,0.0,22500.0,성공,2026-07-27T20:19:56+09:00
경상북도|경산시,경상북도,경산시,35.817523212133125,128.7387823644503,병원좌표평균대체,2,A1300002,경북대학교병원,35.866235497221616,128.60431466100363,13.275964069557736,15.716,28.416666666666668,0.0,22400.0,성공,2026-07-27T20:19:56+09:00
경상북도|경산시,경상북도,경산시,35.817523212133125,128.7387823644503,병원좌표평균대체,3,A1300001,영남대학교병원,35.84750592025217,128.58513118547506,14.247110209047174,21.056,35.666666666666664,900.0,29400.0,성공,2026-07-27T20:19:56+09:00
경상북도|경주시,경상북도,경주시,35.85192790375551,129.203169845571,병원좌표평균대체,1,A2700003,동국대학교의과대학경주병원,35.85839884416154,129.19669937927446,0.9261670027156634,1.318,3.583333333333333,0.0,4500.0,성공,2026-07-27T20:19:56+09:00
경상북도|경주시,경상북도,경주시,35.85192790375551,129.203169845571,병원좌표평균대체,2,A2700016,포항성모병원,36.01585627687779,129.33981334567275,21.991193891387304,27.795,31.98333333333333,0.0,37100.0,성공,2026-07-27T20:19:56+09:00
경상북도|경주시,경상북도,경주시,35.85192790375551,129.203169845571,병원좌표평균대체,3,A2700002,포항세명기독병원,36.0181008246,129.3615706051,23.34103190868343,29.225,36.55,0.0,39400.0,성공,2026-07-27T20:19:56+09:00
경상북도|고령군,경상북도,고령군,35.72995531573922,128.27201138885076,병원좌표평균대체,1,A1300003,계명대학교동산병원,35.85388728949212,128.48012966656532,23.286614017065634,33.415,45.38333333333333,0.0,33700.0,성공,2026-07-27T20:19:56+09:00
경상북도|고령군,경상북도,고령군,35.72995531573922,128.27201138885076,병원좌표평균대체,2,A1300004,대구가톨릭대학교병원,35.843065593522674,128.56742621424615,29.46594869066577,35.035,40.016666666666666,1900.0,34600.0,성공,2026-07-27T20:19:56+09:00
경상북도|고령군,경상북도,고령군,35.72995531573922,128.27201138885076,병원좌표평균대체,3,A1300001,영남대학교병원,35.84750592025217,128.58513118547506,31.12109028186469,37.093,45.73333333333333,1900.0,36600.0,성공,2026-07-27T20:19:56+09:00
경상북도|구미시,경상북도,구미시,36.104531839884096,128.3820597197325,병원좌표평균대체,1,A2700013,순천향대학교부속구미병원,36.10286857919866,128.38265476387454,0.192517342592355,0.412,1.1833333333333331,0.0,4500.0,성공,2026-07-27T20:19:56+09:00
경상북도|구미시,경상북도,구미시,36.104531839884096,128.3820597197325,병원좌표평균대체,2,A2700007,차의과학대학교부속구미차병원,36.11452808183706,128.34054647885029,3.8914036049961194,4.772,12.15,0.0,7300.0,성공,2026-07-27T20:19:56+09:00
경상북도|구미시,경상북도,구미시,36.104531839884096,128.3820597197325,병원좌표평균대체,3,A1300010,칠곡경북대학교병원,35.9560830613237,128.564408469835,23.266957718764186,39.199,33.11666666666667,2500.0,54300.0,성공,2026-07-27T20:19:56+09:00
경상북도|김천시,경상북도,김천시,36.1289163778372,128.12265857034225,병원좌표평균대체,1,A2700012,의료법인덕산의료재단김천제일병원,36.13534199566352,128.11882383545816,0.7931633301226076,6.982,10.2,0.0,10800.0,성공,2026-07-27T20:19:56+09:00
경상북도|김천시,경상북도,김천시,36.1289163778372,128.12265857034225,병원좌표평균대체,2,A2700007,차의과학대학교부속구미차병원,36.11452808183706,128.34054647885029,19.63587313733457,36.546,30.866666666666667,2400.0,46500.0,성공,2026-07-27T20:19:56+09:00
경상북도|김천시,경상북도,김천시,36.1289163778372,128.12265857034225,병원좌표평균대체,3,A2700013,순천향대학교부속구미병원,36.10286857919866,128.38265476387454,23.53337963913902,37.636,33.083333333333336,2400.0,47600.0,성공,2026-07-27T20:19:56+09:00
경상북도|문경시,경상북도,문경시,36.5848214366,128.189771534,병원좌표평균대체,1,A2700006,의료법인동춘의료재단문경제일병원,36.5848214366,128.189771534,0.0,0.0,0.0,0.0,0.0,성공:출도착5m이내,2026-07-27T20:19:56+09:00
경상북도|문경시,경상북도,문경시,36.5848214366,128.189771534,병원좌표평균대체,2,A2700014,의료법인안동병원,36.54691448006022,128.70097021920307,45.84860411699527,57.683,54.65,0.0,56400.0,성공,2026-07-27T20:19:56+09:00
경상북도|문경시,경상북도,문경시,36.5848214366,128.189771534,병원좌표평균대체,3,A2700004,안동성소병원,36.56712693337398,128.72245351866204,47.60752890142771,56.474,56.98333333333333,0.0,55800.0,성공,2026-07-27T20:19:56+09:00
경상북도|봉화군,경상북도,봉화군,36.89170700324608,128.73350079244224,병원좌표평균대체,1,A2700004,안동성소병원,36.56712693337398,128.72245351866204,36.10508262648911,44.702,51.93333333333333,0.0,43800.0,성공,2026-07-27T20:19:56+09:00
경상북도|봉화군,경상북도,봉화군,36.89170700324608,128.73350079244224,병원좌표평균대체,2,A2700014,의료법인안동병원,36.54691448006022,128.70097021920307,38.44866186052809,43.784,52.65,0.0,43100.0,성공,2026-07-27T20:19:56+09:00
경상북도|봉화군,경상북도,봉화군,36.89170700324608,128.73350079244224,병원좌표평균대체,3,A2300009,의료법인명지의료재단명지병원,37.1630057642892,128.23405656001103,53.62636712945956,90.736,76.53333333333333,2800.0,88000.0,성공,2026-07-27T20:19:56+09:00
경상북도|상주시,경상북도,상주시,36.417466016920784,128.15766731585825,병원좌표평균대체,1,A2700006,의료법인동춘의료재단문경제일병원,36.5848214366,128.189771534,18.82902371633747,22.522,23.65,0.0,21500.0,성공,2026-07-27T20:19:56+09:00
경상북도|상주시,경상북도,상주시,36.417466016920784,128.15766731585825,병원좌표평균대체,2,A2700012,의료법인덕산의료재단김천제일병원,36.13534199566352,128.11882383545816,31.56341154623293,35.194,41.78333333333333,0.0,34800.0,성공,2026-07-27T20:19:56+09:00
경상북도|상주시,경상북도,상주시,36.417466016920784,128.15766731585825,병원좌표평균대체,3,A2700007,차의과학대학교부속구미차병원,36.11452808183706,128.34054647885029,37.46349366261768,47.586,52.25,0.0,46900.0,성공,2026-07-27T20:19:56+09:00
경상북도|성주군,경상북도,성주군,35.91869489182473,128.28669967111344,병원좌표평균대체,1,A1300003,계명대학교동산병원,35.85388728949212,128.48012966656532,18.85700950889724,22.807,30.716666666666665,0.0,23500.0,성공,2026-07-27T20:19:56+09:00
경상북도|성주군,경상북도,성주군,35.91869489182473,128.28669967111344,병원좌표평균대체,2,A2700013,순천향대학교부속구미병원,36.10286857919866,128.38265476387454,22.223577727069728,28.909,32.9,0.0,29600.0,성공,2026-07-27T20:19:56+09:00
경상북도|성주군,경상북도,성주군,35.91869489182473,128.28669967111344,병원좌표평균대체,3,A2700007,차의과학대학교부속구미차병원,36.11452808183706,128.34054647885029,22.307699760949017,31.589,41.21666666666667,0.0,32500.0,성공,2026-07-27T20:19:56+09:00
경상북도|안동시,경상북도,안동시,36.560769582638905,128.71851905548343,병원좌표평균대체,1,A2700004,안동성소병원,36.56712693337398,128.72245351866204,0.7894239756986903,1.226,3.9166666666666665,0.0,4500.0,성공,2026-07-27T20:19:56+09:00
경상북도|안동시,경상북도,안동시,36.560769582638905,128.71851905548343,병원좌표평균대체,2,A2700014,의료법인안동병원,36.54691448006022,128.70097021920307,2.1978585013096694,3.543,6.633333333333334,0.0,6300.0,성공,2026-07-27T20:19:56+09:00
경상북도|안동시,경상북도,안동시,36.560769582638905,128.71851905548343,병원좌표평균대체,3,A2700006,의료법인동춘의료재단문경제일병원,36.5848214366,128.189771534,47.29314360001285,56.476,58.38333333333333,0.0,54300.0,성공,2026-07-27T20:19:56+09:00
경상북도|영덕군,경상북도,영덕군,36.52464784739123,129.4022978175491,병원좌표평균대체,1,A2700002,포항세명기독병원,36.0181008246,129.3615706051,56.44366873475979,64.318,53.68333333333333,2400.0,59300.0,성공,2026-07-27T20:19:56+09:00
경상북도|영덕군,경상북도,영덕군,36.52464784739123,129.4022978175491,병원좌표평균대체,2,A2700016,포항성모병원,36.01585627687779,129.33981334567275,56.85168148618426,65.896,51.0,2400.0,60400.0,성공,2026-07-27T20:19:56+09:00
경상북도|영덕군,경상북도,영덕군,36.52464784739123,129.4022978175491,병원좌표평균대체,3,A2700004,안동성소병원,36.56712693337398,128.72245351866204,60.914996772218565,92.622,72.01666666666667,3100.0,84100.0,성공,2026-07-27T20:19:56+09:00
경상북도|영양군,경상북도,영양군,36.66257764096643,129.1173135291313,병원좌표평균대체,1,A2700004,안동성소병원,36.56712693337398,128.72245351866204,36.80556567093728,57.009,71.58333333333333,0.0,55000.0,성공,2026-07-27T20:19:56+09:00
경상북도|영양군,경상북도,영양군,36.66257764096643,129.1173135291313,병원좌표평균대체,2,A2700014,의료법인안동병원,36.54691448006022,128.70097021920307,39.32677990533078,60.111,66.46666666666667,0.0,57400.0,성공,2026-07-27T20:19:56+09:00
경상북도|영양군,경상북도,영양군,36.66257764096643,129.1173135291313,병원좌표평균대체,3,A2700016,포항성모병원,36.01585627687779,129.33981334567275,74.62252824570143,96.832,83.38333333333334,3400.0,92000.0,성공,2026-07-27T20:19:56+09:00
경상북도|영주시,경상북도,영주시,36.82212222850136,128.61025400655777,병원좌표평균대체,1,A2700004,안동성소병원,36.56712693337398,128.72245351866204,30.0671344814838,40.399,41.11666666666667,0.0,38500.0,성공,2026-07-27T20:19:56+09:00
경상북도|영주시,경상북도,영주시,36.82212222850136,128.61025400655777,병원좌표평균대체,2,A2700014,의료법인안동병원,36.54691448006022,128.70097021920307,31.652813148252715,39.481,41.78333333333333,0.0,37800.0,성공,2026-07-27T20:19:56+09:00
경상북도|영주시,경상북도,영주시,36.82212222850136,128.61025400655777,병원좌표평균대체,3,A2700006,의료법인동춘의료재단문경제일병원,36.5848214366,128.189771534,45.84133766812463,55.85,52.65,0.0,54600.0,성공,2026-07-27T20:19:56+09:00
경상북도|영천시,경상북도,영천시,35.957320739100794,128.91305328332228,병원좌표평균대체,1,A1300009,대구파티마병원,35.88393360650045,128.62383509209542,27.2923064601969,43.689,47.25,2600.0,63900.0,성공,2026-07-27T20:19:56+09:00
경상북도|영천시,경상북도,영천시,35.957320739100794,128.91305328332228,병원좌표평균대체,2,A2700003,동국대학교의과대학경주병원,35.85839884416154,129.19669937927446,27.81362979630388,38.804,40.46666666666667,0.0,56600.0,성공,2026-07-27T20:19:56+09:00
경상북도|영천시,경상북도,영천시,35.957320739100794,128.91305328332228,병원좌표평균대체,3,A1300002,경북대학교병원,35.866235497221616,128.60431466100363,29.59193423059256,36.155,54.03333333333333,300.0,55600.0,성공,2026-07-27T20:19:56+09:00
경상북도|예천군,경상북도,예천군,36.65741644988633,128.45890491333589,병원좌표평균대체,1,A2700014,의료법인안동병원,36.54691448006022,128.70097021920307,24.857555071447116,31.803,33.28333333333333,0.0,44900.0,성공,2026-07-27T20:19:56+09:00
경상북도|예천군,경상북도,예천군,36.65741644988633,128.45890491333589,병원좌표평균대체,2,A2700006,의료법인동춘의료재단문경제일병원,36.5848214366,128.189771534,25.33890673936235,29.841,33.78333333333333,0.0,39400.0,성공,2026-07-27T20:19:56+09:00
경상북도|예천군,경상북도,예천군,36.65741644988633,128.45890491333589,병원좌표평균대체,3,A2700004,안동성소병원,36.56712693337398,128.72245351866204,25.57594538091883,30.594,35.61666666666667,0.0,43900.0,성공,2026-07-27T20:19:56+09:00
경상북도|울릉군,경상북도,울릉군,37.48588602454544,130.89947707708177,병원좌표평균대체,1,A2200007,강원특별자치도삼척의료원,37.44027922704624,129.16370014395005,153.2822104791625,183.584,181.85,1300.0,192900.0,성공,2026-07-27T20:19:56+09:00
경상북도|울릉군,경상북도,울릉군,37.48588602454544,130.89947707708177,병원좌표평균대체,2,A2200005,의료법인강릉동인병원,37.77432579461282,128.90714180258507,178.35457046018695,205.815,201.8,2000.0,226000.0,성공,2026-07-27T20:19:56+09:00
경상북도|울릉군,경상북도,울릉군,37.48588602454544,130.89947707708177,병원좌표평균대체,3,A2200008,강릉아산병원,37.81842668503607,128.85771413305145,183.509983745928,218.331,197.96666666666667,2800.0,242700.0,성공,2026-07-27T20:19:56+09:00
경상북도|울진군,경상북도,울진군,36.99264955966117,129.40949155236495,병원좌표평균대체,1,A2200007,강원특별자치도삼척의료원,37.44027922704624,129.16370014395005,54.32471746128842,60.875,49.85,0.0,57500.0,성공,2026-07-27T20:19:56+09:00
경상북도|울진군,경상북도,울진군,36.99264955966117,129.40949155236495,병원좌표평균대체,2,A2700004,안동성소병원,36.56712693337398,128.72245351866204,77.34801135196463,115.419,107.43333333333334,0.0,106900.0,성공,2026-07-27T20:19:56+09:00
경상북도|울진군,경상북도,울진군,36.99264955966117,129.40949155236495,병원좌표평균대체,3,A2700014,의료법인안동병원,36.54691448006022,128.70097021920307,80.2452412557505,114.501,107.96666666666668,0.0,106200.0,성공,2026-07-27T20:19:56+09:00
경상북도|의성군,경상북도,의성군,36.38925516777733,128.43429486266444,병원좌표평균대체,1,A2700014,의료법인안동병원,36.54691448006022,128.70097021920307,29.5971188733198,43.367,37.96666666666667,2000.0,40700.0,성공,2026-07-27T20:19:56+09:00
경상북도|의성군,경상북도,의성군,36.38925516777733,128.43429486266444,병원좌표평균대체,2,A2700006,의료법인동춘의료재단문경제일병원,36.5848214366,128.189771534,30.83439600610265,47.54,40.4,1400.0,46300.0,성공,2026-07-27T20:19:56+09:00
경상북도|의성군,경상북도,의성군,36.38925516777733,128.43429486266444,병원좌표평균대체,3,A2700007,차의과학대학교부속구미차병원,36.11452808183706,128.34054647885029,31.68381558093824,49.769,48.7,1400.0,48600.0,성공,2026-07-27T20:19:56+09:00
경상북도|청도군,경상북도,청도군,35.64871261648798,128.73711323398672,병원좌표평균대체,1,A1300001,영남대학교병원,35.84750592025217,128.58513118547506,26.01423491144805,30.829,48.78333333333333,0.0,31600.0,성공,2026-07-27T20:19:56+09:00
경상북도|청도군,경상북도,청도군,35.64871261648798,128.73711323398672,병원좌표평균대체,2,A1300004,대구가톨릭대학교병원,35.843065593522674,128.56742621424615,26.48681242647949,32.607,53.13333333333333,0.0,33600.0,성공,2026-07-27T20:19:56+09:00
경상북도|청도군,경상북도,청도군,35.64871261648798,128.73711323398672,병원좌표평균대체,3,A1300002,경북대학교병원,35.866235497221616,128.60431466100363,26.993040118583966,36.057,38.85,2100.0,35900.0,성공,2026-07-27T20:19:56+09:00
경상북도|청송군,경상북도,청송군,36.43104059070308,129.0526608512385,병원좌표평균대체,1,A2700004,안동성소병원,36.56712693337398,128.72245351866204,33.16873918858038,43.326,42.53333333333333,1500.0,42900.0,성공,2026-07-27T20:19:56+09:00
경상북도|청송군,경상북도,청송군,36.43104059070308,129.0526608512385,병원좌표평균대체,2,A2700014,의료법인안동병원,36.54691448006022,128.70097021920307,33.97795449744127,44.799,38.56666666666667,1500.0,44100.0,성공,2026-07-27T20:19:56+09:00
경상북도|청송군,경상북도,청송군,36.43104059070308,129.0526608512385,병원좌표평균대체,3,A2700016,포항성모병원,36.01585627687779,129.33981334567275,52.86610266113452,85.806,64.18333333333334,3800.0,81500.0,성공,2026-07-27T20:19:56+09:00
경상북도|칠곡군,경상북도,칠곡군,35.99606388888889,128.4015222222222,병원좌표평균대체,1,A2700013,순천향대학교부속구미병원,36.10286857919866,128.38265476387454,11.996660783886314,15.209,21.266666666666666,0.0,22600.0,성공,2026-07-27T20:19:56+09:00
경상북도|칠곡군,경상북도,칠곡군,35.99606388888889,128.4015222222222,병원좌표평균대체,2,A2700007,차의과학대학교부속구미차병원,36.11452808183706,128.34054647885029,14.267586769171396,17.889,29.6,0.0,27000.0,성공,2026-07-27T20:19:56+09:00
경상북도|칠곡군,경상북도,칠곡군,35.99606388888889,128.4015222222222,병원좌표평균대체,3,A1300010,칠곡경북대학교병원,35.9560830613237,128.564408469835,15.316821666895503,25.105,28.433333333333334,1700.0,35800.0,성공,2026-07-27T20:19:56+09:00
경상북도|포항시,경상북도,포항시,36.03029863921504,129.35096412926546,병원좌표평균대체,1,A2700002,포항세명기독병원,36.0181008246,129.3615706051,1.658154402074718,2.51,9.283333333333331,0.0,6200.0,성공,2026-07-27T20:19:56+09:00
경상북도|포항시,경상북도,포항시,36.03029863921504,129.35096412926546,병원좌표평균대체,2,A2700016,포항성모병원,36.01585627687779,129.33981334567275,1.893306328755763,3.205,8.283333333333333,0.0,6200.0,성공,2026-07-27T20:19:56+09:00
경상북도|포항시,경상북도,포항시,36.03029863921504,129.35096412926546,병원좌표평균대체,3,A2700003,동국대학교의과대학경주병원,35.85839884416154,129.19669937927446,23.626559863997027,28.759,35.0,0.0,35500.0,성공,2026-07-27T20:19:56+09:00
대구광역시|남구,대구광역시,남구,35.842303654330735,128.5763314772624,병원좌표평균대체,1,A1300004,대구가톨릭대학교병원,35.843065593522674,128.56742621424615,0.8071587722026968,1.036,4.25,0.0,4500.0,성공,2026-07-27T20:19:56+09:00
대구광역시|남구,대구광역시,남구,35.842303654330735,128.5763314772624,병원좌표평균대체,2,A1300001,영남대학교병원,35.84750592025217,128.58513118547506,0.9816976975650236,2.054,7.016666666666667,0.0,5000.0,성공,2026-07-27T20:19:56+09:00
대구광역시|남구,대구광역시,남구,35.842303654330735,128.5763314772624,병원좌표평균대체,3,A1300002,경북대학교병원,35.866235497221616,128.60431466100363,3.666304659447812,5.259,14.983333333333333,0.0,8100.0,성공,2026-07-27T20:19:56+09:00
대구광역시|달서구,대구광역시,달서구,35.83465643049715,128.53286295565596,병원좌표평균대체,1,A1300004,대구가톨릭대학교병원,35.843065593522674,128.56742621424615,3.252892693032455,4.928,14.85,0.0,7900.0,성공,2026-07-27T20:19:56+09:00
대구광역시|달서구,대구광역시,달서구,35.83465643049715,128.53286295565596,병원좌표평균대체,2,A1300001,영남대학교병원,35.84750592025217,128.58513118547506,4.9233186305636885,6.986,20.316666666666663,0.0,9600.0,성공,2026-07-27T20:19:56+09:00
대구광역시|달서구,대구광역시,달서구,35.83465643049715,128.53286295565596,병원좌표평균대체,3,A1300003,계명대학교동산병원,35.85388728949212,128.48012966656532,5.212023934238458,6.412,13.35,0.0,9000.0,성공,2026-07-27T20:19:56+09:00
대구광역시|달성군,대구광역시,달성군,35.69330550768229,128.47043956090056,병원좌표평균대체,1,A1300003,계명대학교동산병원,35.85388728949212,128.48012966656532,17.8772666320222,23.555,32.75,0.0,22800.0,성공,2026-07-27T20:19:56+09:00
대구광역시|달성군,대구광역시,달성군,35.69330550768229,128.47043956090056,병원좌표평균대체,2,A1300004,대구가톨릭대학교병원,35.843065593522674,128.56742621424615,18.81160416625386,23.647,36.583333333333336,0.0,22800.0,성공,2026-07-27T20:19:56+09:00
대구광역시|달성군,대구광역시,달성군,35.69330550768229,128.47043956090056,병원좌표평균대체,3,A1300001,영남대학교병원,35.84750592025217,128.58513118547506,20.026614854269027,25.584,38.016666666666666,0.0,24500.0,성공,2026-07-27T20:19:56+09:00
대구광역시|동구,대구광역시,동구,35.878465601149564,128.63415827693336,병원좌표평균대체,1,A1300009,대구파티마병원,35.88393360650045,128.62383509209542,1.111164211660154,2.224,8.15,0.0,5500.0,성공,2026-07-27T20:19:56+09:00
대구광역시|동구,대구광역시,동구,35.878465601149564,128.63415827693336,병원좌표평균대체,2,A1300002,경북대학교병원,35.866235497221616,128.60431466100363,3.013348820185445,5.492,13.45,0.0,8200.0,성공,2026-07-27T20:19:56+09:00
대구광역시|동구,대구광역시,동구,35.878465601149564,128.63415827693336,병원좌표평균대체,3,A1300001,영남대학교병원,35.84750592025217,128.58513118547506,5.600932908538718,8.652,21.516666666666666,0.0,11200.0,성공,2026-07-27T20:19:56+09:00
대구광역시|북구,대구광역시,북구,35.94548129005412,128.55683022766203,병원좌표평균대체,1,A1300010,칠곡경북대학교병원,35.9560830613237,128.564408469835,1.3620026919850097,2.626,6.566666666666666,0.0,5300.0,성공,2026-07-27T20:19:56+09:00
대구광역시|북구,대구광역시,북구,35.94548129005412,128.55683022766203,병원좌표평균대체,2,A1300009,대구파티마병원,35.88393360650045,128.62383509209542,9.124073980752298,11.877,22.03333333333333,0.0,13300.0,성공,2026-07-27T20:19:56+09:00
대구광역시|북구,대구광역시,북구,35.94548129005412,128.55683022766203,병원좌표평균대체,3,A1300002,경북대학교병원,35.866235497221616,128.60431466100363,9.79474171746285,15.987,23.0,0.0,16400.0,성공,2026-07-27T20:19:56+09:00
대구광역시|서구,대구광역시,서구,35.86508416087152,128.56057816808834,병원좌표평균대체,1,A1300004,대구가톨릭대학교병원,35.843065593522674,128.56742621424615,2.5249438761122915,3.882,14.283333333333331,0.0,7900.0,성공,2026-07-27T20:19:56+09:00
대구광역시|서구,대구광역시,서구,35.86508416087152,128.56057816808834,병원좌표평균대체,2,A1300001,영남대학교병원,35.84750592025217,128.58513118547506,2.95243419386437,5.632,18.383333333333333,0.0,8800.0,성공,2026-07-27T20:19:56+09:00
대구광역시|서구,대구광역시,서구,35.86508416087152,128.56057816808834,병원좌표평균대체,3,A1300002,경북대학교병원,35.866235497221616,128.60431466100363,3.9432433492417727,6.069,19.883333333333333,0.0,9500.0,성공,2026-07-27T20:19:56+09:00
대구광역시|수성구,대구광역시,수성구,35.84022544517349,128.70573339664242,병원좌표평균대체,1,A1300009,대구파티마병원,35.88393360650045,128.62383509209542,8.836850415570082,10.795,22.1,0.0,12700.0,성공,2026-07-27T20:19:56+09:00
대구광역시|수성구,대구광역시,수성구,35.84022544517349,128.70573339664242,병원좌표평균대체,2,A1300002,경북대학교병원,35.866235497221616,128.60431466100363,9.587090108614824,10.906,22.55,0.0,12600.0,성공,2026-07-27T20:19:56+09:00
대구광역시|수성구,대구광역시,수성구,35.84022544517349,128.70573339664242,병원좌표평균대체,3,A1300001,영남대학교병원,35.84750592025217,128.58513118547506,10.90074585590221,14.035,32.983333333333334,0.0,16200.0,성공,2026-07-27T20:19:56+09:00
대구광역시|중구,대구광역시,중구,35.86956700537224,128.59521683039895,병원좌표평균대체,1,A1300002,경북대학교병원,35.866235497221616,128.60431466100363,0.8996096460447955,1.251,5.783333333333333,0.0,4800.0,성공,2026-07-27T20:19:56+09:00
대구광역시|중구,대구광역시,중구,35.86956700537224,128.59521683039895,병원좌표평균대체,2,A1300001,영남대학교병원,35.84750592025217,128.58513118547506,2.61605270995972,4.233,15.116666666666667,0.0,7500.0,성공,2026-07-27T20:19:56+09:00
대구광역시|중구,대구광역시,중구,35.86956700537224,128.59521683039895,병원좌표평균대체,3,A1300009,대구파티마병원,35.88393360650045,128.62383509209542,3.03323629135595,3.72,13.783333333333331,0.0,7300.0,성공,2026-07-27T20:19:56+09:00
대전광역시|대덕구,대전광역시,대덕구,36.407756730183365,127.4339539888841,병원좌표평균대체,1,A1600002,학교법인을지학원대전을지대학교병원,36.35506871267816,127.38199955857137,7.480362582899974,10.278,21.85,0.0,11600.0,성공,2026-07-27T20:19:56+09:00
대전광역시|대덕구,대전광역시,대덕구,36.407756730183365,127.4339539888841,병원좌표평균대체,2,A1600008,의료법인영훈의료재단대전선병원,36.3359621088938,127.41011056508802,8.26369466485335,10.551,22.25,0.0,11500.0,성공,2026-07-27T20:19:56+09:00
대전광역시|대덕구,대전광역시,대덕구,36.407756730183365,127.4339539888841,병원좌표평균대체,3,A1600005,학교법인가톨릭학원가톨릭대학교대전성모병원,36.32302490017959,127.42027313317438,9.50104988112172,11.663,26.23333333333333,0.0,12600.0,성공,2026-07-27T20:19:56+09:00
대전광역시|동구,대전광역시,동구,36.338656368071554,127.43746991621974,병원좌표평균대체,1,A1600005,학교법인가톨릭학원가톨릭대학교대전성모병원,36.32302490017959,127.42027313317438,2.3225452944359146,3.315,10.866666666666667,0.0,6200.0,성공,2026-07-27T20:19:56+09:00
대전광역시|동구,대전광역시,동구,36.338656368071554,127.43746991621974,병원좌표평균대체,2,A1600008,의료법인영훈의료재단대전선병원,36.3359621088938,127.41011056508802,2.4688829136721107,3.707,9.516666666666667,0.0,6200.0,성공,2026-07-27T20:19:56+09:00
대전광역시|동구,대전광역시,동구,36.338656368071554,127.43746991621974,병원좌표평균대체,3,A1600001,충남대학교병원,36.31696055071064,127.41546133417684,3.1156360011203827,4.118,13.266666666666667,0.0,7100.0,성공,2026-07-27T20:19:56+09:00
대전광역시|서구,대전광역시,서구,36.32335558104399,127.3650611006983,병원좌표평균대체,1,A1600006,학교법인건양교육재단건양대학교병원,36.306711701457246,127.34263046359918,2.732066799256387,5.359,12.35,0.0,7300.0,성공,2026-07-27T20:19:56+09:00
대전광역시|서구,대전광역시,서구,36.32335558104399,127.3650611006983,병원좌표평균대체,2,A1600002,학교법인을지학원대전을지대학교병원,36.35506871267816,127.38199955857137,3.838867066955717,4.873,12.3,0.0,7300.0,성공,2026-07-27T20:19:56+09:00
대전광역시|서구,대전광역시,서구,36.32335558104399,127.3650611006983,병원좌표평균대체,3,A1600008,의료법인영훈의료재단대전선병원,36.3359621088938,127.41011056508802,4.272105324511099,5.75,17.166666666666668,0.0,8200.0,성공,2026-07-27T20:19:56+09:00
대전광역시|유성구,대전광역시,유성구,36.37535496572087,127.32491359339664,병원좌표평균대체,1,A1600007,의료법인영훈의료재단유성선병원,36.37535496572087,127.32491359339664,0.0,0.0,0.0,0.0,0.0,성공:출도착5m이내,2026-07-27T20:19:56+09:00
대전광역시|유성구,대전광역시,유성구,36.37535496572087,127.32491359339664,병원좌표평균대체,2,A1600002,학교법인을지학원대전을지대학교병원,36.35506871267816,127.38199955857137,5.58709224028686,6.625,13.883333333333333,0.0,8300.0,성공,2026-07-27T20:19:56+09:00
대전광역시|유성구,대전광역시,유성구,36.37535496572087,127.32491359339664,병원좌표평균대체,3,A1600006,학교법인건양교육재단건양대학교병원,36.306711701457246,127.34263046359918,7.795993142289408,9.779,22.25,0.0,11300.0,성공,2026-07-27T20:19:56+09:00
대전광역시|중구,대전광역시,중구,36.325315853261344,127.41528167747974,병원좌표평균대체,1,A1600005,학교법인가톨릭학원가톨릭대학교대전성모병원,36.32302490017959,127.42027313317438,0.5146414940331164,1.563,5.25,0.0,4500.0,성공,2026-07-27T20:19:56+09:00
대전광역시|중구,대전광역시,중구,36.325315853261344,127.41528167747974,병원좌표평균대체,2,A1600001,충남대학교병원,36.31696055071064,127.41546133417684,0.9292066675619776,1.235,5.0,0.0,4300.0,성공,2026-07-27T20:19:56+09:00
대전광역시|중구,대전광역시,중구,36.325315853261344,127.41528167747974,병원좌표평균대체,3,A1600008,의료법인영훈의료재단대전선병원,36.3359621088938,127.41011056508802,1.2712140786570052,2.889,8.666666666666666,0.0,5500.0,성공,2026-07-27T20:19:56+09:00
부산광역시|금정구,부산광역시,금정구,35.214424760113644,129.10408278932294,병원좌표평균대체,1,A1200018,대동병원,35.204273174435535,129.08021549527504,2.444608748327391,3.696,9.766666666666667,0.0,6500.0,성공,2026-07-27T20:19:56+09:00
부산광역시|금정구,부산광역시,금정구,35.214424760113644,129.10408278932294,병원좌표평균대체,2,A1200007,비에이치에스한서병원,35.1610460623,129.1128811328,5.989052270150484,9.13,20.65,0.0,11600.0,성공,2026-07-27T20:19:56+09:00
부산광역시|금정구,부산광역시,금정구,35.214424760113644,129.10408278932294,병원좌표평균대체,3,A1200020,의료법인 온그룹의료재단 온병원,35.15787735996765,129.04998435792845,7.981648630078794,9.067,24.016666666666666,0.0,11400.0,성공,2026-07-27T20:19:56+09:00
부산광역시|기장군,부산광역시,기장군,35.278724226738234,129.23007041766613,병원좌표평균대체,1,A1200022,인제대학교 해운대백병원,35.17334313589264,129.182181239924,12.499188149260249,13.554,24.73333333333333,0.0,14400.0,성공,2026-07-27T20:19:56+09:00
부산광역시|기장군,부산광역시,기장군,35.278724226738234,129.23007041766613,병원좌표평균대체,2,A1200018,대동병원,35.204273174435535,129.08021549527504,15.929389170777515,19.717,35.96666666666667,0.0,18900.0,성공,2026-07-27T20:19:56+09:00
부산광역시|기장군,부산광역시,기장군,35.278724226738234,129.23007041766613,병원좌표평균대체,3,A1200007,비에이치에스한서병원,35.1610460623,129.1128811328,16.86858487338062,24.255,28.516666666666666,1200.0,22500.0,성공,2026-07-27T20:19:56+09:00
부산광역시|남구,부산광역시,남구,35.110457328247016,129.10919202844133,병원좌표평균대체,1,A1200007,비에이치에스한서병원,35.1610460623,129.1128811328,5.635204627519308,8.708,20.5,0.0,10400.0,성공,2026-07-27T20:19:56+09:00
부산광역시|남구,부산광역시,남구,35.110457328247016,129.10919202844133,병원좌표평균대체,2,A1200020,의료법인 온그룹의료재단 온병원,35.15787735996765,129.04998435792845,7.536028000799707,12.248,25.98333333333333,0.0,13200.0,성공,2026-07-27T20:19:56+09:00
부산광역시|남구,부산광역시,남구,35.110457328247016,129.10919202844133,병원좌표평균대체,3,A1200002,부산대학교병원,35.10105418267188,129.01922207984205,8.250874879007673,14.378,31.35,0.0,15400.0,성공,2026-07-27T20:19:56+09:00
부산광역시|동구,부산광역시,동구,35.13298376051699,129.05220646862384,병원좌표평균대체,1,A1200020,의료법인 온그룹의료재단 온병원,35.15787735996765,129.04998435792845,2.775405773139626,5.754,9.633333333333333,1000.0,7700.0,성공,2026-07-27T20:19:56+09:00
부산광역시|동구,부산광역시,동구,35.13298376051699,129.05220646862384,병원좌표평균대체,2,A1200001,인제대학교부산백병원,35.146454469689104,129.02057150748325,3.2431806397264538,5.098,11.433333333333334,1000.0,7700.0,성공,2026-07-27T20:19:56+09:00
부산광역시|동구,부산광역시,동구,35.13298376051699,129.05220646862384,병원좌표평균대체,3,A1200003,동아대학교병원,35.12000583968841,129.01760368790897,3.4620320870980272,12.057,18.466666666666665,2000.0,12800.0,성공,2026-07-27T20:19:56+09:00
부산광역시|동래구,부산광역시,동래구,35.201046453501846,129.08893253402164,병원좌표평균대체,1,A1200018,대동병원,35.204273174435535,129.08021549527504,0.8695039904665579,0.946,2.9,0.0,4800.0,성공,2026-07-27T20:19:56+09:00
부산광역시|동래구,부산광역시,동래구,35.201046453501846,129.08893253402164,병원좌표평균대체,2,A1200007,비에이치에스한서병원,35.1610460623,129.1128811328,4.951826495509587,7.313,17.466666666666665,0.0,9800.0,성공,2026-07-27T20:19:56+09:00
부산광역시|동래구,부산광역시,동래구,35.201046453501846,129.08893253402164,병원좌표평균대체,3,A1200020,의료법인 온그룹의료재단 온병원,35.15787735996765,129.04998435792845,5.964233300261613,6.882,19.066666666666663,0.0,9900.0,성공,2026-07-27T20:19:56+09:00
부산광역시|부산진구,부산광역시,부산진구,35.15532274603159,129.0514619938929,병원좌표평균대체,1,A1200020,의료법인 온그룹의료재단 온병원,35.15787735996765,129.04998435792845,0.314222143214984,9.935,14.316666666666666,0.0,10900.0,성공,2026-07-27T20:19:56+09:00
부산광역시|부산진구,부산광역시,부산진구,35.15532274603159,129.0514619938929,병원좌표평균대체,2,A1200001,인제대학교부산백병원,35.146454469689104,129.02057150748325,2.976568640997273,7.917,14.55,0.0,10000.0,성공,2026-07-27T20:19:56+09:00
부산광역시|부산진구,부산광역시,부산진구,35.15532274603159,129.0514619938929,병원좌표평균대체,3,A1200005,의료법인 은성의료재단 좋은삼선병원,35.1505677387241,129.0081978825217,3.968733386886637,7.345,11.616666666666667,0.0,9100.0,성공,2026-07-27T20:19:56+09:00
부산광역시|북구,부산광역시,북구,35.21907036279106,129.00819668585683,병원좌표평균대체,1,A1200018,대동병원,35.204273174435535,129.08021549527504,6.746573304384146,10.492,19.666666666666668,0.0,12200.0,성공,2026-07-27T20:19:56+09:00
부산광역시|북구,부산광역시,북구,35.21907036279106,129.00819668585683,병원좌표평균대체,2,A1200005,의료법인 은성의료재단 좋은삼선병원,35.1505677387241,129.0081978825217,7.617144258861658,13.382,20.016666666666666,0.0,14000.0,성공,2026-07-27T20:19:56+09:00
부산광역시|북구,부산광역시,북구,35.21907036279106,129.00819668585683,병원좌표평균대체,3,A1200020,의료법인 온그룹의료재단 온병원,35.15787735996765,129.04998435792845,7.792300025301472,10.303,23.9,0.0,11900.0,성공,2026-07-27T20:19:56+09:00
부산광역시|사상구,부산광역시,사상구,35.15503234326105,128.99977021603,병원좌표평균대체,1,A1200005,의료법인 은성의료재단 좋은삼선병원,35.1505677387241,129.0081978825217,0.912973304715761,2.362,8.1,0.0,5600.0,성공,2026-07-27T20:19:56+09:00
부산광역시|사상구,부산광역시,사상구,35.15503234326105,128.99977021603,병원좌표평균대체,2,A1200001,인제대학교부산백병원,35.146454469689104,129.02057150748325,2.118113020484922,3.647,10.416666666666666,0.0,6700.0,성공,2026-07-27T20:19:56+09:00
부산광역시|사상구,부산광역시,사상구,35.15503234326105,128.99977021603,병원좌표평균대체,3,A1200003,동아대학교병원,35.12000583968841,129.01760368790897,4.2188784999985405,7.37,16.433333333333334,0.0,9600.0,성공,2026-07-27T20:19:56+09:00
부산광역시|사하구,부산광역시,사하구,35.10658381193713,128.96489218029475,병원좌표평균대체,1,A1200002,부산대학교병원,35.10105418267188,129.01922207984205,4.980481977260481,6.879,19.05,0.0,9300.0,성공,2026-07-27T20:19:56+09:00
부산광역시|사하구,부산광역시,사하구,35.10658381193713,128.96489218029475,병원좌표평균대체,2,A1200003,동아대학교병원,35.12000583968841,129.01760368790897,5.021516346596979,6.529,18.316666666666663,0.0,9100.0,성공,2026-07-27T20:19:56+09:00
부산광역시|사하구,부산광역시,사하구,35.10658381193713,128.96489218029475,병원좌표평균대체,3,A1200004,고신대학교복음병원,35.08029169184386,129.01572016067405,5.471036256324746,6.608,20.1,0.0,9300.0,성공,2026-07-27T20:19:56+09:00
부산광역시|서구,부산광역시,서구,35.10328223023866,129.01582392985057,병원좌표평균대체,1,A1200002,부산대학교병원,35.10105418267188,129.01922207984205,0.3961610359065908,0.593,2.0166666666666666,0.0,4800.0,성공,2026-07-27T20:19:56+09:00
부산광역시|서구,부산광역시,서구,35.10328223023866,129.01582392985057,병원좌표평균대체,2,A1200003,동아대학교병원,35.12000583968841,129.01760368790897,1.8666139667917936,3.403,12.933333333333334,0.0,6800.0,성공,2026-07-27T20:19:56+09:00
부산광역시|서구,부산광역시,서구,35.10328223023866,129.01582392985057,병원좌표평균대체,3,A1200004,고신대학교복음병원,35.08029169184386,129.01572016067405,2.556448664212478,4.217,11.883333333333333,0.0,6800.0,성공,2026-07-27T20:19:56+09:00
부산광역시|수영구,부산광역시,수영구,35.15919213640223,129.11275793941385,병원좌표평균대체,1,A1200007,비에이치에스한서병원,35.1610460623,129.1128811328,0.2064511318404018,0.981,4.083333333333333,0.0,4800.0,성공,2026-07-27T20:19:56+09:00
부산광역시|수영구,부산광역시,수영구,35.15919213640223,129.11275793941385,병원좌표평균대체,2,A1200020,의료법인 온그룹의료재단 온병원,35.15787735996765,129.04998435792845,5.708538843977848,8.703,19.8,0.0,10300.0,성공,2026-07-27T20:19:56+09:00
부산광역시|수영구,부산광역시,수영구,35.15919213640223,129.11275793941385,병원좌표평균대체,3,A1200018,대동병원,35.204273174435535,129.08021549527504,5.820230387227191,7.603,21.5,0.0,10400.0,성공,2026-07-27T20:19:56+09:00
부산광역시|연제구,부산광역시,연제구,35.187312651309654,129.05917919433944,병원좌표평균대체,1,A1200018,대동병원,35.204273174435535,129.08021549527504,2.6852502877476554,3.98,13.533333333333331,0.0,7500.0,성공,2026-07-27T20:19:56+09:00
부산광역시|연제구,부산광역시,연제구,35.187312651309654,129.05917919433944,병원좌표평균대체,2,A1200020,의료법인 온그룹의료재단 온병원,35.15787735996765,129.04998435792845,3.378070668183009,4.596,12.85,0.0,7500.0,성공,2026-07-27T20:19:56+09:00
부산광역시|연제구,부산광역시,연제구,35.187312651309654,129.05917919433944,병원좌표평균대체,3,A1200007,비에이치에스한서병원,35.1610460623,129.1128811328,5.688151334033984,7.433,21.716666666666665,0.0,9900.0,성공,2026-07-27T20:19:56+09:00
부산광역시|영도구,부산광역시,영도구,35.092107089198734,129.0422007140825,병원좌표평균대체,1,A1200002,부산대학교병원,35.10105418267188,129.01922207984205,2.3152021133030214,3.459,12.633333333333333,0.0,6900.0,성공,2026-07-27T20:19:56+09:00
부산광역시|영도구,부산광역시,영도구,35.092107089198734,129.0422007140825,병원좌표평균대체,2,A1200004,고신대학교복음병원,35.08029169184386,129.01572016067405,2.7443692198288776,3.995,10.25,0.0,6900.0,성공,2026-07-27T20:19:56+09:00
부산광역시|영도구,부산광역시,영도구,35.092107089198734,129.0422007140825,병원좌표평균대체,3,A1200003,동아대학교병원,35.12000583968841,129.01760368790897,3.8249397656436313,4.848,14.766666666666667,0.0,7600.0,성공,2026-07-27T20:19:56+09:00
부산광역시|중구,부산광역시,중구,35.107580971280804,129.03246380102908,병원좌표평균대체,1,A1200002,부산대학교병원,35.10105418267188,129.01922207984205,1.4063227237972074,1.698,8.116666666666667,0.0,5500.0,성공,2026-07-27T20:19:56+09:00
부산광역시|중구,부산광역시,중구,35.107580971280804,129.03246380102908,병원좌표평균대체,2,A1200003,동아대학교병원,35.12000583968841,129.01760368790897,1.9328076251282256,3.406,8.25,0.0,6100.0,성공,2026-07-27T20:19:56+09:00
부산광역시|중구,부산광역시,중구,35.107580971280804,129.03246380102908,병원좌표평균대체,3,A1200004,고신대학교복음병원,35.08029169184386,129.01572016067405,3.3953438231491626,4.448,15.416666666666666,0.0,7600.0,성공,2026-07-27T20:19:56+09:00
부산광역시|해운대구,부산광역시,해운대구,35.1733920862645,129.1530987773539,병원좌표평균대체,1,A1200022,인제대학교 해운대백병원,35.17334313589264,129.182181239924,2.6433731640313445,3.838,12.116666666666667,0.0,6700.0,성공,2026-07-27T20:19:56+09:00
부산광역시|해운대구,부산광역시,해운대구,35.1733920862645,129.1530987773539,병원좌표평균대체,2,A1200007,비에이치에스한서병원,35.1610460623,129.1128811328,3.905008345097536,6.983,20.116666666666667,0.0,9600.0,성공,2026-07-27T20:19:56+09:00
부산광역시|해운대구,부산광역시,해운대구,35.1733920862645,129.1530987773539,병원좌표평균대체,3,A1200018,대동병원,35.204273174435535,129.08021549527504,7.460473373621904,10.671,25.016666666666666,0.0,12100.0,성공,2026-07-27T20:19:56+09:00
서울특별시|강남구,서울특별시,강남구,37.49494511742832,127.05164366530214,병원좌표평균대체,1,A1100015,연세대학교의과대학강남세브란스병원,37.49280698464548,127.04631254186796,0.5270090155384828,0.863,3.966666666666667,0.0,4800.0,성공,2026-07-27T20:19:56+09:00
서울특별시|강남구,서울특별시,강남구,37.49494511742832,127.05164366530214,병원좌표평균대체,2,A1100010,삼성서울병원,37.48851613490445,127.08668245340024,3.172934164645376,4.862,12.716666666666669,0.0,8000.0,성공,2026-07-27T20:19:56+09:00
서울특별시|강남구,서울특별시,강남구,37.49494511742832,127.05164366530214,병원좌표평균대체,3,A1100012,학교법인가톨릭학원가톨릭대학교서울성모병원,37.50180080478528,127.00472725970135,4.208526004030501,6.178,17.666666666666668,0.0,9300.0,성공,2026-07-27T20:19:56+09:00
서울특별시|강동구,서울특별시,강동구,37.53875030516696,127.14635573196524,병원좌표평균대체,1,A1100028,성심의료재단강동성심병원,37.53598408220376,127.13526354631516,1.0252562049925007,1.534,5.616666666666666,0.0,5300.0,성공,2026-07-27T20:19:56+09:00
서울특별시|강동구,서울특별시,강동구,37.53875030516696,127.14635573196524,병원좌표평균대체,2,A1100053,한국보훈복지의료공단중앙보훈병원,37.52822090089664,127.14671886173552,1.1712540966366958,1.43,6.65,0.0,5300.0,성공,2026-07-27T20:19:56+09:00
서울특별시|강동구,서울특별시,강동구,37.53875030516696,127.14635573196524,병원좌표평균대체,3,A1100043,강동경희대학교병원,37.5520459324005,127.157084787845,1.7551145245124906,2.453,6.55,0.0,5500.0,성공,2026-07-27T20:19:56+09:00
서울특별시|강북구,서울특별시,강북구,37.63371563617153,127.0257871392716,병원좌표평균대체,1,A1100020,의료법인한전의료재단한일병원,37.64611570419094,127.02902417950423,1.40797621522555,1.858,8.266666666666667,0.0,5900.0,성공,2026-07-27T20:19:56+09:00
서울특별시|강북구,서울특별시,강북구,37.63371563617153,127.0257871392716,병원좌표평균대체,2,A1100016,인제대학교상계백병원,37.6485812672986,127.06311619032104,3.679064806370075,4.592,13.95,0.0,7900.0,성공,2026-07-27T20:19:56+09:00
서울특별시|강북구,서울특별시,강북구,37.63371563617153,127.0257871392716,병원좌표평균대체,3,A1100048,노원을지대학교병원,37.636442927386746,127.07000281991384,3.905294153110622,5.309,16.733333333333334,0.0,8700.0,성공,2026-07-27T20:19:56+09:00
서울특별시|강서구,서울특별시,강서구,37.55316188670325,126.8312610223918,병원좌표평균대체,1,A1120796,이화여자대학교의과대학부속서울병원,37.557261149,126.8362659275,0.6343644388257966,0.783,4.316666666666666,0.0,4900.0,성공,2026-07-27T20:19:56+09:00
서울특별시|강서구,서울특별시,강서구,37.55316188670325,126.8312610223918,병원좌표평균대체,2,A1100005,이화여자대학교의과대학부속목동병원,37.53654282637804,126.8862159683056,5.185493779292471,6.5,17.316666666666666,0.0,9600.0,성공,2026-07-27T20:19:56+09:00
서울특별시|강서구,서울특별시,강서구,37.55316188670325,126.8312610223918,병원좌표평균대체,3,A2100052,가톨릭대학교부천성모병원,37.4874477394264,126.79243459155,8.069613118288864,9.95,25.133333333333333,0.0,13400.0,성공,2026-07-27T20:19:56+09:00
서울특별시|관악구,서울특별시,관악구,37.48279250859197,126.93931369538898,병원좌표평균대체,1,A1100041,의료법인서울효천의료재단에이치플러스양지병원,37.48427507045319,126.93253922577289,0.6200699698060566,2.08,8.266666666666667,0.0,6100.0,성공,2026-07-27T20:19:56+09:00
서울특별시|관악구,서울특별시,관악구,37.48279250859197,126.93931369538898,병원좌표평균대체,2,A1100040,서울특별시보라매병원,37.4937184009319,126.92404876254014,1.8138244939881976,3.533,13.116666666666667,0.0,7600.0,성공,2026-07-27T20:19:56+09:00
서울특별시|관악구,서울특별시,관악구,37.48279250859197,126.93931369538898,병원좌표평균대체,3,A1100055,한림대학교강남성심병원,37.4932492859,126.9086725295,2.942938064680244,5.663,15.7,0.0,9200.0,성공,2026-07-27T20:19:56+09:00
서울특별시|광진구,서울특별시,광진구,37.538080227428814,127.07786210594432,병원좌표평균대체,1,A1100002,건국대학교병원,37.54084479467721,127.0721229093036,0.5920818544458958,0.837,2.6,0.0,4800.0,성공,2026-07-27T20:19:56+09:00
서울특별시|광진구,서울특별시,광진구,37.538080227428814,127.07786210594432,병원좌표평균대체,2,A1100009,재단법인아산사회복지재단서울아산병원,37.526563966361216,127.10823825113609,2.968892001200369,4.674,12.05,0.0,8000.0,성공,2026-07-27T20:19:56+09:00
서울특별시|광진구,서울특별시,광진구,37.538080227428814,127.07786210594432,병원좌표평균대체,3,A1100013,한양대학교병원,37.559944533564746,127.04488284061982,3.7899610356871576,5.567,15.733333333333333,0.0,8800.0,성공,2026-07-27T20:19:56+09:00
서울특별시|구로구,서울특별시,구로구,37.49587846597221,126.87555266595972,병원좌표평균대체,1,A1100014,고려대학교의과대학부속구로병원,37.49211114525054,126.8847449363546,0.91278100547899,3.199,10.383333333333333,0.0,6800.0,성공,2026-07-27T20:19:56+09:00
서울특별시|구로구,서울특별시,구로구,37.49587846597221,126.87555266595972,병원좌표평균대체,2,A2100007,광명성애병원,37.4734614743463,126.87192258470483,2.5131503742492733,4.185,10.433333333333334,0.0,7600.0,성공,2026-07-27T20:19:56+09:00
서울특별시|구로구,서울특별시,구로구,37.49587846597221,126.87555266595972,병원좌표평균대체,3,A1100055,한림대학교강남성심병원,37.4932492859,126.9086725295,2.9365322760589607,5.87,14.2,0.0,8700.0,성공,2026-07-27T20:19:56+09:00
서울특별시|금천구,서울특별시,금천구,37.45567063464179,126.90056251863876,병원좌표평균대체,1,A2100007,광명성애병원,37.4734614743463,126.87192258470483,3.2098075271349376,4.299,10.683333333333334,0.0,7100.0,성공,2026-07-27T20:19:56+09:00
서울특별시|금천구,서울특별시,금천구,37.45567063464179,126.90056251863876,병원좌표평균대체,2,A2118788,중앙대학교광명병원,37.4245974351169,126.885910072451,3.689411640865603,4.94,13.05,0.0,8500.0,성공,2026-07-27T20:19:56+09:00
서울특별시|금천구,서울특별시,금천구,37.45567063464179,126.90056251863876,병원좌표평균대체,3,A1100055,한림대학교강남성심병원,37.4932492859,126.9086725295,4.239401970557346,4.465,10.833333333333334,0.0,7500.0,성공,2026-07-27T20:19:56+09:00
서울특별시|노원구,서울특별시,노원구,37.63794672533857,127.07193738940023,병원좌표평균대체,1,A1100048,노원을지대학교병원,37.636442927386746,127.07000281991384,0.2387028741553335,0.31,1.2333333333333334,0.0,4800.0,성공,2026-07-27T20:19:56+09:00
서울특별시|노원구,서울특별시,노원구,37.63794672533857,127.07193738940023,병원좌표평균대체,2,A1100016,인제대학교상계백병원,37.6485812672986,127.06311619032104,1.4147648725186512,2.024,5.983333333333333,0.0,5500.0,성공,2026-07-27T20:19:56+09:00
서울특별시|노원구,서울특별시,노원구,37.63794672533857,127.07193738940023,병원좌표평균대체,3,A1100035,서울특별시서울의료원,37.61286931510163,127.0980910949257,3.6167521572121446,4.905,13.4,0.0,8400.0,성공,2026-07-27T20:19:56+09:00
서울특별시|도봉구,서울특별시,도봉구,37.64611570419094,127.02902417950423,병원좌표평균대체,1,A1100020,의료법인한전의료재단한일병원,37.64611570419094,127.02902417950423,0.0,0.0,0.0,0.0,0.0,성공:출도착5m이내,2026-07-27T20:19:56+09:00
서울특별시|도봉구,서울특별시,도봉구,37.64611570419094,127.02902417950423,병원좌표평균대체,2,A1100016,인제대학교상계백병원,37.6485812672986,127.06311619032104,3.0140402421483743,4.71,14.633333333333333,0.0,8300.0,성공,2026-07-27T20:19:56+09:00
서울특별시|도봉구,서울특별시,도봉구,37.64611570419094,127.02902417950423,병원좌표평균대체,3,A1100048,노원을지대학교병원,37.636442927386746,127.07000281991384,3.765053762266738,5.586,17.75,0.0,9300.0,성공,2026-07-27T20:19:56+09:00
서울특별시|동대문구,서울특별시,동대문구,37.5853646770691,127.04960042391504,병원좌표평균대체,1,A1100001,경희대학교병원,37.5938765502235,127.05183223390304,0.9666896402963004,1.588,7.083333333333333,0.0,5600.0,성공,2026-07-27T20:19:56+09:00
서울특별시|동대문구,서울특별시,동대문구,37.5853646770691,127.04960042391504,병원좌표평균대체,2,A1100021,삼육서울병원,37.5879920013054,127.0653288266823,1.4163553473122787,1.958,6.683333333333334,0.0,5400.0,성공,2026-07-27T20:19:56+09:00
서울특별시|동대문구,서울특별시,동대문구,37.5853646770691,127.04960042391504,병원좌표평균대체,3,A1100008,학교법인고려중앙학원고려대학교의과대학부속병원(안암병원),37.58715608002366,127.02647086385966,2.0477691204584474,3.006,11.016666666666667,0.0,6900.0,성공,2026-07-27T20:19:56+09:00
서울특별시|동작구,서울특별시,동작구,37.49444655989805,126.95544107632789,병원좌표평균대체,1,A1100003,중앙대학교병원,37.50707428493414,126.96079378447554,1.481409362788447,2.562,8.2,0.0,6100.0,성공,2026-07-27T20:19:56+09:00
서울특별시|동작구,서울특별시,동작구,37.49444655989805,126.95544107632789,병원좌표평균대체,2,A1100041,의료법인서울효천의료재단에이치플러스양지병원,37.48427507045319,126.93253922577289,2.315620020905315,4.315,15.016666666666667,0.0,8400.0,성공,2026-07-27T20:19:56+09:00
서울특별시|동작구,서울특별시,동작구,37.49444655989805,126.95544107632789,병원좌표평균대체,3,A1100040,서울특별시보라매병원,37.4937184009319,126.92404876254014,2.7707342821596743,4.645,14.833333333333334,0.0,8000.0,성공,2026-07-27T20:19:56+09:00
서울특별시|마포구,서울특별시,마포구,37.5525892651719,126.933734666413,병원좌표평균대체,1,A1100007,연세대학교의과대학세브란스병원,37.56211711412639,126.94082769649864,1.2301874066165686,2.05,8.2,0.0,5600.0,성공,2026-07-27T20:19:56+09:00
서울특별시|마포구,서울특별시,마포구,37.5525892651719,126.933734666413,병원좌표평균대체,2,A1100006,강북삼성병원,37.56849763123383,126.96793805451702,3.4955025257753456,4.231,13.1,0.0,7600.0,성공,2026-07-27T20:19:56+09:00
서울특별시|마포구,서울특별시,마포구,37.5525892651719,126.933734666413,병원좌표평균대체,3,A1100011,가톨릭대학교여의도성모병원,37.51827233800711,126.93673129599132,3.8250054152352178,5.87,15.066666666666666,0.0,8700.0,성공,2026-07-27T20:19:56+09:00
서울특별시|서대문구,서울특별시,서대문구,37.57161069792939,126.93870538129369,병원좌표평균대체,1,A1100007,연세대학교의과대학세브란스병원,37.56211711412639,126.94082769649864,1.0720831887580786,1.698,6.35,0.0,4800.0,성공,2026-07-27T20:19:56+09:00
서울특별시|서대문구,서울특별시,서대문구,37.57161069792939,126.93870538129369,병원좌표평균대체,2,A1100006,강북삼성병원,37.56849763123383,126.96793805451702,2.5995438305540977,5.419,15.6,0.0,8600.0,성공,2026-07-27T20:19:56+09:00
서울특별시|서대문구,서울특별시,서대문구,37.57161069792939,126.93870538129369,병원좌표평균대체,3,A1100017,서울대학교병원,37.57966608924356,126.99896308412193,5.385368646474018,9.906,24.3,0.0,12300.0,성공,2026-07-27T20:19:56+09:00
서울특별시|서초구,서울특별시,서초구,37.490247546117125,127.00905900890278,병원좌표평균대체,1,A1100012,학교법인가톨릭학원가톨릭대학교서울성모병원,37.50180080478528,127.00472725970135,1.3402993657849451,1.684,4.733333333333333,0.0,5100.0,성공,2026-07-27T20:19:56+09:00
서울특별시|서초구,서울특별시,서초구,37.490247546117125,127.00905900890278,병원좌표평균대체,2,A1100015,연세대학교의과대학강남세브란스병원,37.49280698464548,127.04631254186796,3.299061209723212,4.473,14.283333333333331,0.0,8100.0,성공,2026-07-27T20:19:56+09:00
서울특별시|서초구,서울특별시,서초구,37.490247546117125,127.00905900890278,병원좌표평균대체,3,A1100003,중앙대학교병원,37.50707428493414,126.96079378447554,4.650848233484852,6.828,15.883333333333333,0.0,10000.0,성공,2026-07-27T20:19:56+09:00
서울특별시|성동구,서울특별시,성동구,37.56252740907152,127.03645131844542,병원좌표평균대체,1,A1100013,한양대학교병원,37.559944533564746,127.04488284061982,0.79675579021571,1.959,8.316666666666666,0.0,6100.0,성공,2026-07-27T20:19:56+09:00
서울특별시|성동구,서울특별시,성동구,37.56252740907152,127.03645131844542,병원좌표평균대체,2,A1100052,국립중앙의료원,37.56733955813183,127.00579539705473,2.754488536759551,3.598,11.133333333333333,0.0,7000.0,성공,2026-07-27T20:19:56+09:00
서울특별시|성동구,서울특별시,성동구,37.56252740907152,127.03645131844542,병원좌표평균대체,3,A1100008,학교법인고려중앙학원고려대학교의과대학부속병원(안암병원),37.58715608002366,127.02647086385966,2.8763633539486424,3.931,13.333333333333334,0.0,7900.0,성공,2026-07-27T20:19:56+09:00
서울특별시|성북구,서울특별시,성북구,37.58715608002366,127.02647086385966,병원좌표평균대체,1,A1100008,학교법인고려중앙학원고려대학교의과대학부속병원(안암병원),37.58715608002366,127.02647086385966,0.0,0.0,0.0,0.0,0.0,성공:출도착5m이내,2026-07-27T20:19:56+09:00
서울특별시|성북구,서울특별시,성북구,37.58715608002366,127.02647086385966,병원좌표평균대체,2,A1100001,경희대학교병원,37.5938765502235,127.05183223390304,2.356226602366402,3.223,12.533333333333331,0.0,6900.0,성공,2026-07-27T20:19:56+09:00
서울특별시|성북구,서울특별시,성북구,37.58715608002366,127.02647086385966,병원좌표평균대체,3,A1100017,서울대학교병원,37.57966608924356,126.99896308412193,2.5630269289631737,4.434,14.583333333333334,0.0,8000.0,성공,2026-07-27T20:19:56+09:00
서울특별시|송파구,서울특별시,송파구,37.50844092111324,127.10867434163004,병원좌표평균대체,1,A1100009,재단법인아산사회복지재단서울아산병원,37.526563966361216,127.10823825113609,2.015557687829436,4.108,12.133333333333333,0.0,7900.0,성공,2026-07-27T20:19:56+09:00
서울특별시|송파구,서울특별시,송파구,37.50844092111324,127.10867434163004,병원좌표평균대체,2,A1100010,삼성서울병원,37.48851613490445,127.08668245340024,2.9449218051664,5.138,13.6,0.0,8600.0,성공,2026-07-27T20:19:56+09:00
서울특별시|송파구,서울특별시,송파구,37.50844092111324,127.10867434163004,병원좌표평균대체,3,A1100028,성심의료재단강동성심병원,37.53598408220376,127.13526354631516,3.857269339423876,5.511,15.966666666666669,0.0,9000.0,성공,2026-07-27T20:19:56+09:00
서울특별시|양천구,서울특별시,양천구,37.52566788656313,126.8610033005714,병원좌표평균대체,1,A1100005,이화여자대학교의과대학부속목동병원,37.53654282637804,126.8862159683056,2.530834368553694,3.459,8.15,0.0,7000.0,성공,2026-07-27T20:19:56+09:00
서울특별시|양천구,서울특별시,양천구,37.52566788656313,126.8610033005714,병원좌표평균대체,2,A1120796,이화여자대학교의과대학부속서울병원,37.557261149,126.8362659275,4.134994905274629,5.161,17.216666666666665,0.0,9400.0,성공,2026-07-27T20:19:56+09:00
서울특별시|양천구,서울특별시,양천구,37.52566788656313,126.8610033005714,병원좌표평균대체,3,A1100014,고려대학교의과대학부속구로병원,37.49211114525054,126.8847449363546,4.278833179617682,4.815,15.433333333333334,0.0,8800.0,성공,2026-07-27T20:19:56+09:00
서울특별시|영등포구,서울특별시,영등포구,37.51107666516952,126.9083036321398,병원좌표평균대체,1,A1100054,성애의료재단성애병원,37.51205044957338,126.92236733617032,1.245180640780462,1.807,6.45,0.0,5700.0,성공,2026-07-27T20:19:56+09:00
서울특별시|영등포구,서울특별시,영등포구,37.51107666516952,126.9083036321398,병원좌표평균대체,2,A1100055,한림대학교강남성심병원,37.4932492859,126.9086725295,1.9825812200286967,2.544,8.75,0.0,6300.0,성공,2026-07-27T20:19:56+09:00
서울특별시|영등포구,서울특별시,영등포구,37.51107666516952,126.9083036321398,병원좌표평균대체,3,A1100040,서울특별시보라매병원,37.4937184009319,126.92404876254014,2.3779488893652543,4.531,16.416666666666668,0.0,8700.0,성공,2026-07-27T20:19:56+09:00
서울특별시|용산구,서울특별시,용산구,37.53384172231443,127.00441798640304,병원좌표평균대체,1,A1100004,순천향대학교부속서울병원,37.53384172231443,127.00441798640304,0.0,0.0,0.0,0.0,0.0,성공:출도착5m이내,2026-07-27T20:19:56+09:00
서울특별시|용산구,서울특별시,용산구,37.53384172231443,127.00441798640304,병원좌표평균대체,2,A1100012,학교법인가톨릭학원가톨릭대학교서울성모병원,37.50180080478528,127.00472725970135,3.562891887242561,5.102,13.083333333333334,0.0,8800.0,성공,2026-07-27T20:19:56+09:00
서울특별시|용산구,서울특별시,용산구,37.53384172231443,127.00441798640304,병원좌표평균대체,3,A1100052,국립중앙의료원,37.56733955813183,127.00579539705473,3.7267681604717855,4.906,14.683333333333334,0.0,8400.0,성공,2026-07-27T20:19:56+09:00
서울특별시|은평구,서울특별시,은평구,37.61846544233049,126.91925811463432,병원좌표평균대체,1,A1121013,가톨릭대학교은평성모병원,37.63360840972685,126.91615048739686,1.7059177448212366,2.131,8.1,0.0,6000.0,성공,2026-07-27T20:19:56+09:00
서울특별시|은평구,서울특별시,은평구,37.61846544233049,126.91925811463432,병원좌표평균대체,2,A1100007,연세대학교의과대학세브란스병원,37.56211711412639,126.94082769649864,6.5475368027830125,9.437,22.166666666666668,0.0,11500.0,성공,2026-07-27T20:19:56+09:00
서울특별시|은평구,서울특별시,은평구,37.61846544233049,126.91925811463432,병원좌표평균대체,3,A1100006,강북삼성병원,37.56849763123383,126.96793805451702,7.019016559092639,7.64,20.683333333333334,0.0,10300.0,성공,2026-07-27T20:19:56+09:00
서울특별시|종로구,서울특별시,종로구,37.57422232767808,126.97776067573592,병원좌표평균대체,1,A1100006,강북삼성병원,37.56849763123383,126.96793805451702,1.0745361037314145,1.765,5.733333333333333,0.0,5400.0,성공,2026-07-27T20:19:56+09:00
서울특별시|종로구,서울특별시,종로구,37.57422232767808,126.97776067573592,병원좌표평균대체,2,A1100017,서울대학교병원,37.57966608924356,126.99896308412193,1.9640854678152628,3.151,9.25,0.0,6500.0,성공,2026-07-27T20:19:56+09:00
서울특별시|종로구,서울특별시,종로구,37.57422232767808,126.97776067573592,병원좌표평균대체,3,A1100052,국립중앙의료원,37.56733955813183,127.00579539705473,2.58660529294482,4.198,12.033333333333331,0.0,7600.0,성공,2026-07-27T20:19:56+09:00
서울특별시|중구,서울특별시,중구,37.56733955813183,127.00579539705473,병원좌표평균대체,1,A1100052,국립중앙의료원,37.56733955813183,127.00579539705473,0.0,0.0,0.0,0.0,0.0,성공:출도착5m이내,2026-07-27T20:19:56+09:00
서울특별시|중구,서울특별시,중구,37.56733955813183,127.00579539705473,병원좌표평균대체,2,A1100017,서울대학교병원,37.57966608924356,126.99896308412193,1.4970762966016835,2.227,8.3,0.0,5900.0,성공,2026-07-27T20:19:56+09:00
서울특별시|중구,서울특별시,중구,37.56733955813183,127.00579539705473,병원좌표평균대체,3,A1100008,학교법인고려중앙학원고려대학교의과대학부속병원(안암병원),37.58715608002366,127.02647086385966,2.8592331094512047,4.65,15.55,0.0,8300.0,성공,2026-07-27T20:19:56+09:00
서울특별시|중랑구,서울특별시,중랑구,37.59905526666312,127.0977252618787,병원좌표평균대체,1,A1100035,서울특별시서울의료원,37.61286931510163,127.0980910949257,1.5363901290320814,2.529,8.5,0.0,6300.0,성공,2026-07-27T20:19:56+09:00
서울특별시|중랑구,서울특별시,중랑구,37.59905526666312,127.0977252618787,병원좌표평균대체,2,A2100039,한양대학교구리병원,37.6012760077,127.13250756940002,3.0741989526295987,3.271,8.533333333333333,0.0,7200.0,성공,2026-07-27T20:19:56+09:00
서울특별시|중랑구,서울특별시,중랑구,37.59905526666312,127.0977252618787,병원좌표평균대체,3,A1100021,삼육서울병원,37.5879920013054,127.0653288266823,3.1081396666272814,4.607,14.783333333333331,0.0,7800.0,성공,2026-07-27T20:19:56+09:00
세종특별자치시|세종시,세종특별자치시,세종시,36.49956793583464,127.26009942532248,병원좌표평균대체,1,A1800441,세종충남대학교병원,36.5195133641377,127.257942661368,2.2261912671679003,2.688,6.8,0.0,5400.0,성공,2026-07-27T20:19:56+09:00
세종특별자치시|세종시,세종특별자치시,세종시,36.49956793583464,127.26009942532248,병원좌표평균대체,2,A1600007,의료법인영훈의료재단유성선병원,36.37535496572087,127.32491359339664,14.97948345834074,15.761,22.916666666666668,0.0,21000.0,성공,2026-07-27T20:19:56+09:00
세종특별자치시|세종시,세종특별자치시,세종시,36.49956793583464,127.26009942532248,병원좌표평균대체,3,A1600002,학교법인을지학원대전을지대학교병원,36.35506871267816,127.38199955857137,19.419397550607403,22.171,35.733333333333334,0.0,30200.0,성공,2026-07-27T20:19:56+09:00
울산광역시|남구,울산광역시,남구,35.54287600587693,129.30478161251958,병원좌표평균대체,1,A1700002,의료법인동강의료재단동강병원,35.55340950863559,129.30194290200075,1.1990978277444064,2.896,9.35,0.0,5900.0,성공,2026-07-27T20:19:56+09:00
울산광역시|남구,울산광역시,남구,35.54287600587693,129.30478161251958,병원좌표평균대체,2,A1700028,의료법인정안의료재단중앙병원,35.53208761614168,129.3048401436768,1.1996258958271246,1.995,7.65,0.0,5200.0,성공,2026-07-27T20:19:56+09:00
울산광역시|남구,울산광역시,남구,35.54287600587693,129.30478161251958,병원좌표평균대체,3,A1700003,울산병원,35.54621707569275,129.32309962689618,1.6984564619586342,2.609,10.883333333333333,0.0,6200.0,성공,2026-07-27T20:19:56+09:00
울산광역시|동구,울산광역시,동구,35.5200593154,129.4288047478,병원좌표평균대체,1,A1700004,학교법인울산공업학원울산대학교병원,35.5200593154,129.4288047478,0.0,0.0,0.0,0.0,0.0,성공:출도착5m이내,2026-07-27T20:19:56+09:00
울산광역시|동구,울산광역시,동구,35.5200593154,129.4288047478,병원좌표평균대체,2,A1700025,의료법인송은의료재단울산시티병원,35.58285370330335,129.35905740278503,9.41108726484102,14.302,19.85,0.0,14900.0,성공,2026-07-27T20:19:56+09:00
울산광역시|동구,울산광역시,동구,35.5200593154,129.4288047478,병원좌표평균대체,3,A1700003,울산병원,35.54621707569275,129.32309962689618,9.997519583782246,14.185,20.6,0.0,14800.0,성공,2026-07-27T20:19:56+09:00
울산광역시|북구,울산광역시,북구,35.60588249902747,129.35484377555352,병원좌표평균대체,1,A1700025,의료법인송은의료재단울산시티병원,35.58285370330335,129.35905740278503,2.588873105942625,3.731,7.2,0.0,6100.0,성공,2026-07-27T20:19:56+09:00
울산광역시|북구,울산광역시,북구,35.60588249902747,129.35484377555352,병원좌표평균대체,2,A1700003,울산병원,35.54621707569275,129.32309962689618,7.229020595411978,12.526,18.58333333333333,0.0,13400.0,성공,2026-07-27T20:19:56+09:00
울산광역시|북구,울산광역시,북구,35.60588249902747,129.35484377555352,병원좌표평균대체,3,A1700002,의료법인동강의료재단동강병원,35.55340950863559,129.30194290200075,7.545325275543547,13.034,21.183333333333334,0.0,14100.0,성공,2026-07-27T20:19:56+09:00
울산광역시|울주군,울산광역시,울주군,35.55991148325753,129.12071299840133,병원좌표평균대체,1,A1700002,의료법인동강의료재단동강병원,35.55340950863559,129.30194290200075,16.410281600841166,20.202,26.166666666666668,0.0,19600.0,성공,2026-07-27T20:19:56+09:00
울산광역시|울주군,울산광역시,울주군,35.55991148325753,129.12071299840133,병원좌표평균대체,2,A1700028,의료법인정안의료재단중앙병원,35.53208761614168,129.3048401436768,16.943515297863897,23.548,25.383333333333333,1600.0,22200.0,성공,2026-07-27T20:19:56+09:00
울산광역시|울주군,울산광역시,울주군,35.55991148325753,129.12071299840133,병원좌표평균대체,3,A1700003,울산병원,35.54621707569275,129.32309962689618,18.37225323917736,22.636,29.85,0.0,21700.0,성공,2026-07-27T20:19:56+09:00
울산광역시|중구,울산광역시,중구,35.559513232114575,129.32779657814646,병원좌표평균대체,1,A1700003,울산병원,35.54621707569275,129.32309962689618,1.5383143367486531,2.19,4.383333333333334,0.0,4800.0,성공,2026-07-27T20:19:56+09:00
울산광역시|중구,울산광역시,중구,35.559513232114575,129.32779657814646,병원좌표평균대체,2,A1700002,의료법인동강의료재단동강병원,35.55340950863559,129.30194290200075,2.435259375443785,3.298,7.333333333333333,0.0,5800.0,성공,2026-07-27T20:19:56+09:00
울산광역시|중구,울산광역시,중구,35.559513232114575,129.32779657814646,병원좌표평균대체,3,A1700028,의료법인정안의료재단중앙병원,35.53208761614168,129.3048401436768,3.689681200410792,5.123,11.366666666666667,0.0,7500.0,성공,2026-07-27T20:19:56+09:00
인천광역시|강화군,인천광역시,강화군,37.7360530472,126.4857069547,병원좌표평균대체,1,A2100006,의료법인인봉의료재단뉴고려병원,37.64095507933562,126.66022763544731,18.645287309485543,22.157,35.25,0.0,33500.0,성공,2026-07-27T20:19:56+09:00
인천광역시|강화군,인천광역시,강화군,37.7360530472,126.4857069547,병원좌표평균대체,2,A1400010,검단탑병원,37.59241914491385,126.6710400927469,22.83010193569016,27.587,47.4,0.0,41000.0,성공,2026-07-27T20:19:56+09:00
인천광역시|강화군,인천광역시,강화군,37.7360530472,126.4857069547,병원좌표평균대체,3,A2100053,의료법인우리의료재단김포우리병원,37.632530143647166,126.7105272263707,22.889079256650312,27.055,37.45,0.0,39700.0,성공,2026-07-27T20:19:56+09:00
인천광역시|검단구,인천광역시,검단구,37.5976123575052,126.66267437771958,병원좌표평균대체,1,A1400010,검단탑병원,37.59241914491385,126.6710400927469,0.9363289381399208,1.67,6.633333333333334,0.0,5500.0,성공,2026-07-27T20:19:56+09:00
인천광역시|검단구,인천광역시,검단구,37.5976123575052,126.66267437771958,병원좌표평균대체,2,A2100006,의료법인인봉의료재단뉴고려병원,37.64095507933562,126.66022763544731,4.8243062705128725,9.608,21.933333333333334,0.0,13400.0,성공,2026-07-27T20:19:56+09:00
인천광역시|검단구,인천광역시,검단구,37.5976123575052,126.66267437771958,병원좌표평균대체,3,A2100053,의료법인우리의료재단김포우리병원,37.632530143647166,126.7105272263707,5.730681444033099,7.906,24.183333333333334,0.0,11200.0,성공,2026-07-27T20:19:56+09:00
인천광역시|계양구,인천광역시,계양구,37.533240529001766,126.73115391642516,병원좌표평균대체,1,A1400014,의료법인인성의료재단한림병원,37.53218449100167,126.73435495537971,0.3057133349465634,0.607,3.066666666666667,0.0,4800.0,성공,2026-07-27T20:19:56+09:00
인천광역시|계양구,인천광역시,계양구,37.533240529001766,126.73115391642516,병원좌표평균대체,2,A1403372,인천세종병원,37.5325382832,126.7368531237,0.5085750657198344,0.898,3.8666666666666663,0.0,4800.0,성공,2026-07-27T20:19:56+09:00
인천광역시|계양구,인천광역시,계양구,37.533240529001766,126.73115391642516,병원좌표평균대체,3,A1400013,안은의료재단 부평세림병원,37.50684250997099,126.71994675790395,3.097266874438225,3.803,11.75,0.0,7100.0,성공,2026-07-27T20:19:56+09:00
인천광역시|남동구,인천광역시,남동구,37.43954978533748,126.70569161829,병원좌표평균대체,1,A1400001,의료법인 길의료재단 길병원,37.45208024654252,126.70916173607196,1.426603723641191,2.483,8.716666666666667,0.0,6000.0,성공,2026-07-27T20:19:56+09:00
인천광역시|남동구,인천광역시,남동구,37.43954978533748,126.70569161829,병원좌표평균대체,2,A1400016,인천사랑병원,37.4620681991805,126.680345104401,3.3579635839277384,4.518,15.9,0.0,8600.0,성공,2026-07-27T20:19:56+09:00
인천광역시|남동구,인천광역시,남동구,37.43954978533748,126.70569161829,병원좌표평균대체,3,A1400011,의료법인 나사렛의료재단 나사렛국제병원,37.4079911136402,126.67046935782248,4.689201877389131,6.551,14.383333333333333,0.0,8800.0,성공,2026-07-27T20:19:56+09:00
인천광역시|미추홀구,인천광역시,미추홀구,37.45987713636871,126.65787651937508,병원좌표평균대체,1,A1400016,인천사랑병원,37.4620681991805,126.680345104401,1.9980532846928305,2.741,10.1,0.0,6400.0,성공,2026-07-27T20:19:56+09:00
인천광역시|미추홀구,인천광역시,미추홀구,37.45987713636871,126.65787651937508,병원좌표평균대체,2,A1400002,인하대학교의과대학부속병원,37.4584235016321,126.631868269228,2.301304392834659,3.209,11.083333333333334,0.0,7100.0,성공,2026-07-27T20:19:56+09:00
인천광역시|미추홀구,인천광역시,미추홀구,37.45987713636871,126.65787651937508,병원좌표평균대체,3,A1400003,의료법인 루가의료재단 나은병원,37.4890534064866,126.679450677348,3.761627781046399,5.761,18.883333333333333,0.0,9200.0,성공,2026-07-27T20:19:56+09:00
인천광역시|부평구,인천광역시,부평구,37.48925030212912,126.7326569321084,병원좌표평균대체,1,A1400012,가톨릭대학교 인천성모병원,37.4845586499062,126.724708130675,0.8740926333465477,1.732,9.166666666666666,0.0,6000.0,성공,2026-07-27T20:19:56+09:00
인천광역시|부평구,인천광역시,부평구,37.48925030212912,126.7326569321084,병원좌표평균대체,2,A1400013,안은의료재단 부평세림병원,37.50684250997099,126.71994675790395,2.254739416301876,2.877,11.916666666666666,0.0,6900.0,성공,2026-07-27T20:19:56+09:00
인천광역시|부평구,인천광역시,부평구,37.48925030212912,126.7326569321084,병원좌표평균대체,3,A2100005,순천향대학교부속부천병원,37.49857073407877,126.76238239812,2.819859277294366,3.57,15.0,0.0,8400.0,성공,2026-07-27T20:19:56+09:00
인천광역시|서해구,인천광역시,서해구,37.513473246840455,126.67751139838728,병원좌표평균대체,1,A1400003,의료법인 루가의료재단 나은병원,37.4890534064866,126.679450677348,2.720746058692732,3.378,11.05,0.0,6700.0,성공,2026-07-27T20:19:56+09:00
인천광역시|서해구,인천광역시,서해구,37.513473246840455,126.67751139838728,병원좌표평균대체,2,A1400015,가톨릭관동대학교국제성모병원,37.54237265391807,126.6836048687878,3.2580843337298604,4.301,12.95,0.0,7500.0,성공,2026-07-27T20:19:56+09:00
인천광역시|서해구,인천광역시,서해구,37.513473246840455,126.67751139838728,병원좌표평균대체,3,A1400013,안은의료재단 부평세림병원,37.50684250997099,126.71994675790395,3.814931809706279,6.687,13.8,0.0,8900.0,성공,2026-07-27T20:19:56+09:00
인천광역시|연수구,인천광역시,연수구,37.4132790196701,126.67900144461125,병원좌표평균대체,1,A1400011,의료법인 나사렛의료재단 나사렛국제병원,37.4079911136402,126.67046935782248,0.9558262486358232,1.325,5.5,0.0,4900.0,성공,2026-07-27T20:19:56+09:00
인천광역시|연수구,인천광역시,연수구,37.4132790196701,126.67900144461125,병원좌표평균대체,2,A1400001,의료법인 길의료재단 길병원,37.45208024654252,126.70916173607196,5.070178072200797,6.887,19.933333333333334,0.0,9700.0,성공,2026-07-27T20:19:56+09:00
인천광역시|연수구,인천광역시,연수구,37.4132790196701,126.67900144461125,병원좌표평균대체,3,A1400016,인천사랑병원,37.4620681991805,126.680345104401,5.426406163991028,6.495,18.6,0.0,9300.0,성공,2026-07-27T20:19:56+09:00
인천광역시|영종구,인천광역시,영종구,37.48847125467195,126.56466845237,병원좌표평균대체,1,A1400002,인하대학교의과대학부속병원,37.4584235016321,126.631868269228,6.806715102362562,15.025,21.633333333333333,3200.0,15100.0,성공,2026-07-27T20:19:56+09:00
인천광역시|영종구,인천광역시,영종구,37.48847125467195,126.56466845237,병원좌표평균대체,2,A1400003,의료법인 루가의료재단 나은병원,37.4890534064866,126.679450677348,10.127458185303984,17.545,27.85,2000.0,17300.0,성공,2026-07-27T20:19:56+09:00
인천광역시|영종구,인천광역시,영종구,37.48847125467195,126.56466845237,병원좌표평균대체,3,A1400016,인천사랑병원,37.4620681991805,126.680345104401,10.62181185019994,21.11,31.933333333333334,2000.0,19800.0,성공,2026-07-27T20:19:56+09:00
인천광역시|옹진군,인천광역시,옹진군,37.96801574541532,124.72111307252132,병원좌표평균대체,1,A2100006,의료법인인봉의료재단뉴고려병원,37.64095507933562,126.66022763544731,174.19747905739385,251.199,251.05,2100.0,356900.0,성공,2026-07-27T20:19:56+09:00
인천광역시|옹진군,인천광역시,옹진군,37.96801574541532,124.72111307252132,병원좌표평균대체,2,A1400010,검단탑병원,37.59241914491385,126.6710400927469,176.38082300595556,249.308,248.4833333333333,2100.0,350600.0,성공,2026-07-27T20:19:56+09:00
인천광역시|옹진군,인천광역시,옹진군,37.96801574541532,124.72111307252132,병원좌표평균대체,3,A1400002,인하대학교의과대학부속병원,37.4584235016321,126.631868269228,177.36867216400842,226.352,225.0,0.0,311400.0,성공,2026-07-27T20:19:56+09:00
인천광역시|제물포구,인천광역시,제물포구,37.47143869804603,126.64526595318556,병원좌표평균대체,1,A1400002,인하대학교의과대학부속병원,37.4584235016321,126.631868269228,1.868866036260974,3.604,12.316666666666666,0.0,7400.0,성공,2026-07-27T20:19:56+09:00
인천광역시|제물포구,인천광역시,제물포구,37.47143869804603,126.64526595318556,병원좌표평균대체,2,A1400016,인천사랑병원,37.4620681991805,126.680345104401,3.2665839833066244,4.728,15.683333333333334,0.0,8300.0,성공,2026-07-27T20:19:56+09:00
인천광역시|제물포구,인천광역시,제물포구,37.47143869804603,126.64526595318556,병원좌표평균대체,3,A1400003,의료법인 루가의료재단 나은병원,37.4890534064866,126.679450677348,3.596588024149931,4.565,13.433333333333334,0.0,7700.0,성공,2026-07-27T20:19:56+09:00
전남광주통합특별시|강진군,전남광주통합특별시,강진군,34.63681860822126,126.75789950922356,병원좌표평균대체,1,A2600011,목포한국병원,34.8092145829474,126.4163391650001,36.63219671848797,45.698,40.85,1700.0,74100.0,성공,2026-07-27T20:19:56+09:00
전남광주통합특별시|강진군,전남광주통합특별시,강진군,34.63681860822126,126.75789950922356,병원좌표평균대체,2,A2600017,의료법인목포구암의료재단목포중앙병원,34.8208073192579,126.421380872161,36.93660654601876,48.832,37.61666666666667,1700.0,77800.0,성공,2026-07-27T20:19:56+09:00
전남광주통합특별시|강진군,전남광주통합특별시,강진군,34.63681860822126,126.75789950922356,병원좌표평균대체,3,A2600001,화순전남대학교병원,35.0586707410237,127.002108292339,51.93233851338421,86.389,66.65,0.0,141000.0,성공,2026-07-27T20:19:56+09:00
전남광주통합특별시|고흥군,전남광주통합특별시,고흥군,34.583293495335354,127.21970575509134,병원좌표평균대체,1,A2600014,여천전남병원,34.76918041182927,127.65404273510528,44.77418434639216,80.588,63.28333333333333,1700.0,117000.0,성공,2026-07-27T20:19:56+09:00
전남광주통합특별시|고흥군,전남광주통합특별시,고흥군,34.583293495335354,127.21970575509134,병원좌표평균대체,2,A2600019,성가롤로병원,34.9634252378637,127.542308899549,51.525337296459725,69.83,54.0,1700.0,100400.0,성공,2026-07-27T20:19:56+09:00
전남광주통합특별시|고흥군,전남광주통합특별시,고흥군,34.583293495335354,127.21970575509134,병원좌표평균대체,3,A2600001,화순전남대학교병원,35.0586707410237,127.002108292339,56.46834274930515,102.619,80.6,1700.0,151700.0,성공,2026-07-27T20:19:56+09:00
전남광주통합특별시|곡성군,전남광주통합특별시,곡성군,35.27628370526432,127.2879760334259,병원좌표평균대체,1,A2500004,전북특별자치도남원의료원,35.43189945917936,127.40719103150715,20.403607933799435,27.7,29.0,0.0,42800.0,성공,2026-07-27T20:19:56+09:00
전남광주통합특별시|곡성군,전남광주통합특별시,곡성군,35.27628370526432,127.2879760334259,병원좌표평균대체,2,A2600001,화순전남대학교병원,35.0586707410237,127.002108292339,35.50683783590255,62.085,53.13333333333333,3500.0,89900.0,성공,2026-07-27T20:19:56+09:00
전남광주통합특별시|곡성군,전남광주통합특별시,곡성군,35.27628370526432,127.2879760334259,병원좌표평균대체,3,A1500001,조선대학교병원,35.13854706991291,126.92683853357782,36.20932156718224,49.976,41.41666666666666,3500.0,71900.0,성공,2026-07-27T20:19:56+09:00
전남광주통합특별시|광산구,전남광주통합특별시,광산구,35.18019377987817,126.82314128515314,병원좌표평균대체,1,A1500019,KS병원,35.197963178976366,126.83322475289852,2.178006627720336,3.989,10.283333333333331,0.0,6400.0,성공,2026-07-27T20:19:56+09:00
전남광주통합특별시|광산구,전남광주통합특별시,광산구,35.18019377987817,126.82314128515314,병원좌표평균대체,2,A1500011,첨단종합병원,35.22113373578457,126.84530205666944,4.977751879219987,6.755,15.25,0.0,8500.0,성공,2026-07-27T20:19:56+09:00
전남광주통합특별시|광산구,전남광주통합특별시,광산구,35.18019377987817,126.82314128515314,병원좌표평균대체,3,A1500020,서광병원,35.132568331498724,126.85552710578938,6.0591274259985415,10.101,14.3,1200.0,11000.0,성공,2026-07-27T20:19:56+09:00
전남광주통합특별시|광양시,전남광주통합특별시,광양시,34.94702875048968,127.69375412146918,병원좌표평균대체,1,A2600019,성가롤로병원,34.9634252378637,127.542308899549,13.921913150155389,18.847,21.133333333333333,0.0,19400.0,성공,2026-07-27T20:19:56+09:00
전남광주통합특별시|광양시,전남광주통합특별시,광양시,34.94702875048968,127.69375412146918,병원좌표평균대체,2,A2600014,여천전남병원,34.76918041182927,127.65404273510528,20.105037529831527,25.254,36.1,0.0,28500.0,성공,2026-07-27T20:19:56+09:00
전남광주통합특별시|광양시,전남광주통합특별시,광양시,34.94702875048968,127.69375412146918,병원좌표평균대체,3,A2800003,제일병원,35.1793997485,128.0899464997,44.361112400751466,56.841,58.23333333333333,2600.0,61300.0,성공,2026-07-27T20:19:56+09:00
전남광주통합특별시|구례군,전남광주통합특별시,구례군,35.215900947788214,127.46406009751604,병원좌표평균대체,1,A2500004,전북특별자치도남원의료원,35.43189945917936,127.40719103150715,24.565836595583125,29.36,27.73333333333333,0.0,43500.0,성공,2026-07-27T20:19:56+09:00
전남광주통합특별시|구례군,전남광주통합특별시,구례군,35.215900947788214,127.46406009751604,병원좌표평균대체,2,A2600019,성가롤로병원,34.9634252378637,127.542308899549,28.96269670971624,36.914,40.53333333333333,0.0,58600.0,성공,2026-07-27T20:19:56+09:00
전남광주통합특별시|구례군,전남광주통합특별시,구례군,35.215900947788214,127.46406009751604,병원좌표평균대체,3,A2600001,화순전남대학교병원,35.0586707410237,127.002108292339,45.49940257530131,98.598,75.85,5200.0,152200.0,성공,2026-07-27T20:19:56+09:00
전남광주통합특별시|나주시,전남광주통합특별시,나주시,35.03030381099089,126.76009177078508,병원좌표평균대체,1,A1500020,서광병원,35.132568331498724,126.85552710578938,14.30804862770865,20.855,27.98333333333333,0.0,31200.0,성공,2026-07-27T20:19:56+09:00
전남광주통합특별시|나주시,전남광주통합특별시,나주시,35.03030381099089,126.76009177078508,병원좌표평균대체,2,A1500021,광주기독병원,35.136682861070376,126.91198438867642,18.191842966406465,21.566,27.066666666666663,0.0,31200.0,성공,2026-07-27T20:19:56+09:00
전남광주통합특별시|나주시,전남광주통합특별시,나주시,35.03030381099089,126.76009177078508,병원좌표평균대체,3,A1500002,전남대학교병원,35.141852541291165,126.92158688926376,19.229540491741112,25.471,28.133333333333333,0.0,35900.0,성공,2026-07-27T20:19:56+09:00
전남광주통합특별시|남구,전남광주통합특별시,남구,35.12092128686359,126.90195555350812,병원좌표평균대체,1,A1500021,광주기독병원,35.136682861070376,126.91198438867642,1.9757155158975297,3.159,8.516666666666667,0.0,5600.0,성공,2026-07-27T20:19:56+09:00
전남광주통합특별시|남구,전남광주통합특별시,남구,35.12092128686359,126.90195555350812,병원좌표평균대체,2,A1500002,전남대학교병원,35.141852541291165,126.92158688926376,2.9332842114449056,4.547,11.5,0.0,6600.0,성공,2026-07-27T20:19:56+09:00
전남광주통합특별시|남구,전남광주통합특별시,남구,35.12092128686359,126.90195555350812,병원좌표평균대체,3,A1500001,조선대학교병원,35.13854706991291,126.92683853357782,2.993631208523652,4.427,11.35,0.0,6700.0,성공,2026-07-27T20:19:56+09:00
전남광주통합특별시|담양군,전남광주통합특별시,담양군,35.31524596036869,126.98263077003996,병원좌표평균대체,1,A1500011,첨단종합병원,35.22113373578457,126.84530205666944,16.27732169692451,19.932,27.316666666666663,0.0,30500.0,성공,2026-07-27T20:19:56+09:00
전남광주통합특별시|담양군,전남광주통합특별시,담양군,35.31524596036869,126.98263077003996,병원좌표평균대체,2,A1500019,KS병원,35.197963178976366,126.83322475289852,18.81776061165028,29.219,28.933333333333334,1500.0,43500.0,성공,2026-07-27T20:19:56+09:00
전남광주통합특별시|담양군,전남광주통합특별시,담양군,35.31524596036869,126.98263077003996,병원좌표평균대체,3,A1500002,전남대학교병원,35.141852541291165,126.92158688926376,20.06189055620353,25.436,25.883333333333333,2700.0,37800.0,성공,2026-07-27T20:19:56+09:00
전남광주통합특별시|동구,전남광주통합특별시,동구,35.14019980560204,126.9242127114208,병원좌표평균대체,1,A1500002,전남대학교병원,35.141852541291165,126.92158688926376,0.3012982230304646,1.589,5.866666666666666,0.0,4500.0,성공,2026-07-27T20:19:56+09:00
전남광주통합특별시|동구,전남광주통합특별시,동구,35.14019980560204,126.9242127114208,병원좌표평균대체,2,A1500001,조선대학교병원,35.13854706991291,126.92683853357782,0.3013020645704297,0.38,0.9666666666666668,0.0,4300.0,성공,2026-07-27T20:19:56+09:00
전남광주통합특별시|동구,전남광주통합특별시,동구,35.14019980560204,126.9242127114208,병원좌표평균대체,3,A1500021,광주기독병원,35.136682861070376,126.91198438867642,1.178700204650674,3.108,6.1,0.0,5500.0,성공,2026-07-27T20:19:56+09:00
전남광주통합특별시|목포시,전남광주통합특별시,목포시,34.81110285422817,126.4087742224373,병원좌표평균대체,1,A2600011,목포한국병원,34.8092145829474,126.4163391650001,0.7218626820839179,3.836,10.166666666666666,0.0,6400.0,성공,2026-07-27T20:19:56+09:00
전남광주통합특별시|목포시,전남광주통합특별시,목포시,34.81110285422817,126.4087742224373,병원좌표평균대체,2,A2600017,의료법인목포구암의료재단목포중앙병원,34.8208073192579,126.421380872161,1.5776276740032549,4.344,11.866666666666667,0.0,6900.0,성공,2026-07-27T20:19:56+09:00
전남광주통합특별시|목포시,전남광주통합특별시,목포시,34.81110285422817,126.4087742224373,병원좌표평균대체,3,A1500020,서광병원,35.132568331498724,126.85552710578938,54.17336377355563,74.655,60.333333333333336,3900.0,71100.0,성공,2026-07-27T20:19:56+09:00
전남광주통합특별시|무안군,전남광주통합특별시,무안군,34.99175918279295,126.48926066040336,병원좌표평균대체,1,A2600017,의료법인목포구암의료재단목포중앙병원,34.8208073192579,126.421380872161,19.991413539361183,30.441,24.766666666666666,1700.0,41100.0,성공,2026-07-27T20:19:56+09:00
전남광주통합특별시|무안군,전남광주통합특별시,무안군,34.99175918279295,126.48926066040336,병원좌표평균대체,2,A2600011,목포한국병원,34.8092145829474,126.4163391650001,21.35965178943,31.645,28.28333333333333,1700.0,43000.0,성공,2026-07-27T20:19:56+09:00
전남광주통합특별시|무안군,전남광주통합특별시,무안군,34.99175918279295,126.48926066040336,병원좌표평균대체,3,A1500020,서광병원,35.132568331498724,126.85552710578938,36.8300230533223,48.397,39.66666666666666,3100.0,73600.0,성공,2026-07-27T20:19:56+09:00
전남광주통합특별시|보성군,전남광주통합특별시,보성군,34.804658636405264,127.22500818527938,병원좌표평균대체,1,A2600019,성가롤로병원,34.9634252378637,127.542308899549,33.9017126083332,45.04,37.66666666666666,1900.0,71500.0,성공,2026-07-27T20:19:56+09:00
전남광주통합특별시|보성군,전남광주통합특별시,보성군,34.804658636405264,127.22500818527938,병원좌표평균대체,2,A2600001,화순전남대학교병원,35.0586707410237,127.002108292339,34.79466183189457,56.065,48.833333333333336,0.0,88800.0,성공,2026-07-27T20:19:56+09:00
전남광주통합특별시|보성군,전남광주통합특별시,보성군,34.804658636405264,127.22500818527938,병원좌표평균대체,3,A2600014,여천전남병원,34.76918041182927,127.65404273510528,39.378416438421446,55.798,47.016666666666666,1900.0,89200.0,성공,2026-07-27T20:19:56+09:00
전남광주통합특별시|북구,전남광주통합특별시,북구,35.18741829927824,126.8957864415889,병원좌표평균대체,1,A1500002,전남대학교병원,35.141852541291165,126.92158688926376,5.58316539902944,6.86,19.15,0.0,9200.0,성공,2026-07-27T20:19:56+09:00
전남광주통합특별시|북구,전남광주통합특별시,북구,35.18741829927824,126.8957864415889,병원좌표평균대체,2,A1500019,KS병원,35.197963178976366,126.83322475289852,5.804673405404473,7.2,20.766666666666666,0.0,9900.0,성공,2026-07-27T20:19:56+09:00
전남광주통합특별시|북구,전남광주통합특별시,북구,35.18741829927824,126.8957864415889,병원좌표평균대체,3,A1500021,광주기독병원,35.136682861070376,126.91198438867642,5.830519395539144,8.037,20.716666666666665,0.0,10000.0,성공,2026-07-27T20:19:56+09:00
전남광주통합특별시|서구,전남광주통합특별시,서구,35.148750076602994,126.87011396544167,병원좌표평균대체,1,A1500020,서광병원,35.132568331498724,126.85552710578938,2.235357492401487,3.776,9.433333333333334,0.0,6100.0,성공,2026-07-27T20:19:56+09:00
전남광주통합특별시|서구,전남광주통합특별시,서구,35.148750076602994,126.87011396544167,병원좌표평균대체,2,A1500021,광주기독병원,35.136682861070376,126.91198438867642,4.03666674235067,5.4,14.266666666666667,0.0,7400.0,성공,2026-07-27T20:19:56+09:00
전남광주통합특별시|서구,전남광주통합특별시,서구,35.148750076602994,126.87011396544167,병원좌표평균대체,3,A1500002,전남대학교병원,35.141852541291165,126.92158688926376,4.742528101896642,6.994,17.933333333333334,0.0,8800.0,성공,2026-07-27T20:19:56+09:00
전남광주통합특별시|순천시,전남광주통합특별시,순천시,34.95589364290066,127.51174952607296,병원좌표평균대체,1,A2600019,성가롤로병원,34.9634252378637,127.542308899549,2.908087188749914,4.082,10.666666666666666,0.0,6500.0,성공,2026-07-27T20:19:56+09:00
전남광주통합특별시|순천시,전남광주통합특별시,순천시,34.95589364290066,127.51174952607296,병원좌표평균대체,2,A2600014,여천전남병원,34.76918041182927,127.65404273510528,24.48652333046422,27.311,31.58333333333333,0.0,29500.0,성공,2026-07-27T20:19:56+09:00
전남광주통합특별시|순천시,전남광주통합특별시,순천시,34.95589364290066,127.51174952607296,병원좌표평균대체,3,A2600001,화순전남대학교병원,35.0586707410237,127.002108292339,47.80293970142346,67.491,66.35,2000.0,64000.0,성공,2026-07-27T20:19:56+09:00
전남광주통합특별시|신안군,전남광주통합특별시,신안군,34.722263099542104,125.93256566497465,병원좌표평균대체,1,A2600011,목포한국병원,34.8092145829474,126.4163391650001,45.23584887256391,50.966,57.8,0.0,67800.0,성공,2026-07-27T20:19:56+09:00
전남광주통합특별시|신안군,전남광주통합특별시,신안군,34.722263099542104,125.93256566497465,병원좌표평균대체,2,A2600017,의료법인목포구암의료재단목포중앙병원,34.8208073192579,126.421380872161,45.97286948715565,55.404,56.78333333333333,0.0,72900.0,성공,2026-07-27T20:19:56+09:00
전남광주통합특별시|신안군,전남광주통합특별시,신안군,34.722263099542104,125.93256566497465,병원좌표평균대체,3,A1500020,서광병원,35.132568331498724,126.85552710578938,95.71545918409932,124.161,126.18333333333334,3200.0,161300.0,성공,2026-07-27T20:19:56+09:00
전남광주통합특별시|여수시,전남광주통합특별시,여수시,34.76040236312154,127.6801951324342,병원좌표평균대체,1,A2600014,여천전남병원,34.76918041182927,127.65404273510528,2.580643506128206,3.654,9.916666666666666,0.0,6300.0,성공,2026-07-27T20:19:56+09:00
전남광주통합특별시|여수시,전남광주통합특별시,여수시,34.76040236312154,127.6801951324342,병원좌표평균대체,2,A2600019,성가롤로병원,34.9634252378637,127.542308899549,25.843894116925387,30.802,33.766666666666666,0.0,30400.0,성공,2026-07-27T20:19:56+09:00
전남광주통합특별시|여수시,전남광주통합특별시,여수시,34.76040236312154,127.6801951324342,병원좌표평균대체,3,A2800003,제일병원,35.1793997485,128.0899464997,59.70456308341576,79.637,87.03333333333333,2600.0,82300.0,성공,2026-07-27T20:19:56+09:00
전남광주통합특별시|영광군,전남광주통합특별시,영광군,35.27957148943506,126.50490808759136,병원좌표평균대체,1,A1500019,KS병원,35.197963178976366,126.83322475289852,31.16761902359612,44.446,46.98333333333333,0.0,71500.0,성공,2026-07-27T20:19:56+09:00
전남광주통합특별시|영광군,전남광주통합특별시,영광군,35.27957148943506,126.50490808759136,병원좌표평균대체,2,A1500011,첨단종합병원,35.22113373578457,126.84530205666944,31.585429111314035,48.312,48.48333333333333,1200.0,79400.0,성공,2026-07-27T20:19:56+09:00
전남광주통합특별시|영광군,전남광주통합특별시,영광군,35.27957148943506,126.50490808759136,병원좌표평균대체,3,A1500020,서광병원,35.132568331498724,126.85552710578938,35.80467317888465,45.882,45.88333333333333,700.0,74100.0,성공,2026-07-27T20:19:56+09:00
전남광주통합특별시|영암군,전남광주통합특별시,영암군,34.794341315816496,126.70116990992956,병원좌표평균대체,1,A2600017,의료법인목포구암의료재단목포중앙병원,34.8208073192579,126.421380872161,25.713477021148105,41.06,36.16666666666666,900.0,60700.0,성공,2026-07-27T20:19:56+09:00
전남광주통합특별시|영암군,전남광주통합특별시,영암군,34.794341315816496,126.70116990992956,병원좌표평균대체,2,A2600011,목포한국병원,34.8092145829474,126.4163391650001,26.059182056728485,37.926,39.4,900.0,57100.0,성공,2026-07-27T20:19:56+09:00
전남광주통합특별시|영암군,전남광주통합특별시,영암군,34.794341315816496,126.70116990992956,병원좌표평균대체,3,A1500020,서광병원,35.132568331498724,126.85552710578938,40.15341890932755,51.332,57.13333333333333,0.0,85000.0,성공,2026-07-27T20:19:56+09:00
전남광주통합특별시|완도군,전남광주통합특별시,완도군,34.28131988238665,126.778754274961,병원좌표평균대체,1,A2600011,목포한국병원,34.8092145829474,126.4163391650001,67.43415466665748,67.43415466665748,,,,직선거리대체:출발지도로탐색실패,2026-07-27T20:19:56+09:00
전남광주통합특별시|완도군,전남광주통합특별시,완도군,34.28131988238665,126.778754274961,병원좌표평균대체,2,A2600017,의료법인목포구암의료재단목포중앙병원,34.8208073192579,126.421380872161,68.33570533860745,,,,,경로오류:102:시작 지점 주변의 도로를 탐색할 수 없음,2026-07-27T20:19:56+09:00
전남광주통합특별시|완도군,전남광주통합특별시,완도군,34.28131988238665,126.778754274961,병원좌표평균대체,3,A2600001,화순전남대학교병원,35.0586707410237,127.002108292339,88.81803655446178,,,,,경로오류:102:시작 지점 주변의 도로를 탐색할 수 없음,2026-07-27T20:19:56+09:00
전남광주통합특별시|장성군,전남광주통합특별시,장성군,35.305871659607845,126.78361958777766,병원좌표평균대체,1,A1500011,첨단종합병원,35.22113373578457,126.84530205666944,10.961053457618586,15.315,22.466666666666665,0.0,23600.0,성공,2026-07-27T20:19:56+09:00
전남광주통합특별시|장성군,전남광주통합특별시,장성군,35.305871659607845,126.78361958777766,병원좌표평균대체,2,A1500019,KS병원,35.197963178976366,126.83322475289852,12.816483814470775,16.057,22.966666666666665,0.0,24400.0,성공,2026-07-27T20:19:56+09:00
전남광주통합특별시|장성군,전남광주통합특별시,장성군,35.305871659607845,126.78361958777766,병원좌표평균대체,3,A1500020,서광병원,35.132568331498724,126.85552710578938,20.347458242266764,26.023,32.36666666666667,1200.0,39500.0,성공,2026-07-27T20:19:56+09:00
전남광주통합특별시|장흥군,전남광주통합특별시,장흥군,34.67782151234226,126.91101760552904,병원좌표평균대체,1,A2600001,화순전남대학교병원,35.0586707410237,127.002108292339,43.156198419535336,56.086,59.55,0.0,88000.0,성공,2026-07-27T20:19:56+09:00
전남광주통합특별시|장흥군,전남광주통합특별시,장흥군,34.67782151234226,126.91101760552904,병원좌표평균대체,2,A2600017,의료법인목포구암의료재단목포중앙병원,34.8208073192579,126.421380872161,47.47635994221984,62.766,49.3,2600.0,103100.0,성공,2026-07-27T20:19:56+09:00
전남광주통합특별시|장흥군,전남광주통합특별시,장흥군,34.67782151234226,126.91101760552904,병원좌표평균대체,3,A2600011,목포한국병원,34.8092145829474,126.4163391650001,47.501451669549056,59.632,52.55,2600.0,99400.0,성공,2026-07-27T20:19:56+09:00
전남광주통합특별시|진도군,전남광주통합특별시,진도군,34.48085317728773,126.26461743486192,병원좌표평균대체,1,A2600011,목포한국병원,34.8092145829474,126.4163391650001,39.06110458822149,50.566,58.46666666666667,0.0,93800.0,성공,2026-07-27T20:19:56+09:00
전남광주통합특별시|진도군,전남광주통합특별시,진도군,34.48085317728773,126.26461743486192,병원좌표평균대체,2,A2600017,의료법인목포구암의료재단목포중앙병원,34.8208073192579,126.421380872161,40.42956911087711,51.36,57.0,0.0,94500.0,성공,2026-07-27T20:19:56+09:00
전남광주통합특별시|진도군,전남광주통합특별시,진도군,34.48085317728773,126.26461743486192,병원좌표평균대체,3,A1500020,서광병원,35.132568331498724,126.85552710578938,90.3441309252554,126.017,100.85,3900.0,234100.0,성공,2026-07-27T20:19:56+09:00
전남광주통합특별시|함평군,전남광주통합특별시,함평군,35.061886111111114,126.51980555555556,병원좌표평균대체,1,A2600017,의료법인목포구암의료재단목포중앙병원,34.8208073192579,126.421380872161,28.26815400660699,38.49,31.65,2100.0,61800.0,성공,2026-07-27T20:19:56+09:00
전남광주통합특별시|함평군,전남광주통합특별시,함평군,35.061886111111114,126.51980555555556,병원좌표평균대체,2,A2600011,목포한국병원,34.8092145829474,126.4163391650001,29.636638204381804,39.694,35.13333333333333,2100.0,64000.0,성공,2026-07-27T20:19:56+09:00
전남광주통합특별시|함평군,전남광주통합특별시,함평군,35.061886111111114,126.51980555555556,병원좌표평균대체,3,A1500020,서광병원,35.132568331498724,126.85552710578938,31.53800436987871,39.719,35.28333333333333,2700.0,65900.0,성공,2026-07-27T20:19:56+09:00
전남광주통합특별시|해남군,전남광주통합특별시,해남군,34.57789230271816,126.62963315442238,병원좌표평균대체,1,A2600011,목포한국병원,34.8092145829474,126.4163391650001,32.278191753025304,32.278191753025304,,,,직선거리대체:출발지도로탐색실패,2026-07-27T20:19:56+09:00
전남광주통합특별시|해남군,전남광주통합특별시,해남군,34.57789230271816,126.62963315442238,병원좌표평균대체,2,A2600017,의료법인목포구암의료재단목포중앙병원,34.8208073192579,126.421380872161,33.04605230904424,,,,,경로오류:102:시작 지점 주변의 도로를 탐색할 수 없음,2026-07-27T20:19:56+09:00
전남광주통합특별시|해남군,전남광주통합특별시,해남군,34.57789230271816,126.62963315442238,병원좌표평균대체,3,A2600001,화순전남대학교병원,35.0586707410237,127.002108292339,63.357096237386735,,,,,경로오류:102:시작 지점 주변의 도로를 탐색할 수 없음,2026-07-27T20:19:56+09:00
전남광주통합특별시|화순군,전남광주통합특별시,화순군,35.05768845795306,126.99387413101412,병원좌표평균대체,1,A2600001,화순전남대학교병원,35.0586707410237,127.002108292339,0.7573965654174211,1.452,4.516666666666667,0.0,5000.0,성공,2026-07-27T20:19:56+09:00
전남광주통합특별시|화순군,전남광주통합특별시,화순군,35.05768845795306,126.99387413101412,병원좌표평균대체,2,A1500001,조선대학교병원,35.13854706991291,126.92683853357782,10.864287040933878,12.183,19.58333333333333,0.0,19800.0,성공,2026-07-27T20:19:56+09:00
전남광주통합특별시|화순군,전남광주통합특별시,화순군,35.05768845795306,126.99387413101412,병원좌표평균대체,3,A1500002,전남대학교병원,35.141852541291165,126.92158688926376,11.438149136317222,12.849,21.08333333333333,0.0,20800.0,성공,2026-07-27T20:19:56+09:00
전북특별자치도|고창군,전북특별자치도,고창군,35.43645131091079,126.69331814963527,병원좌표평균대체,1,A2500008,재단법인 아산사회복지재단 정읍아산병원,35.58899495218047,126.82346011194952,20.6510011555737,23.638,27.78333333333333,0.0,33700.0,성공,2026-07-27T20:19:56+09:00
전북특별자치도|고창군,전북특별자치도,고창군,35.43645131091079,126.69331814963527,병원좌표평균대체,2,A1500011,첨단종합병원,35.22113373578457,126.84530205666944,27.628421074519405,36.605,34.266666666666666,2100.0,55300.0,성공,2026-07-27T20:19:56+09:00
전북특별자치도|고창군,전북특별자치도,고창군,35.43645131091079,126.69331814963527,병원좌표평균대체,3,A1500019,KS병원,35.197963178976366,126.83322475289852,29.400233124515356,37.83,34.583333333333336,2100.0,55900.0,성공,2026-07-27T20:19:56+09:00
전북특별자치도|군산시,전북특별자치도,군산시,35.966185736275015,126.72454581145558,병원좌표평균대체,1,A2500012,의료법인오성의료재단동군산병원,35.97740074466571,126.73719225835914,1.6882910666461466,2.633,7.266666666666667,0.0,5200.0,성공,2026-07-27T20:19:56+09:00
전북특별자치도|군산시,전북특별자치도,군산시,35.966185736275015,126.72454581145558,병원좌표평균대체,2,A2500007,전북특별자치도군산의료원,35.95497072788432,126.71189936455204,1.6884000429475334,2.484,6.35,0.0,4900.0,성공,2026-07-27T20:19:56+09:00
전북특별자치도|군산시,전북특별자치도,군산시,35.966185736275015,126.72454581145558,병원좌표평균대체,3,A2500001,원광대학교병원,35.9642419612473,126.959306346821,21.129137805759285,27.001,31.766666666666666,0.0,32000.0,성공,2026-07-27T20:19:56+09:00
전북특별자치도|김제시,전북특별자치도,김제시,35.80673935689978,126.8796995613974,병원좌표평균대체,1,A2500011,의료법인대산의료재단익산병원,35.96168123354797,126.96649966881398,18.92035988681512,22.419,24.7,0.0,21600.0,성공,2026-07-27T20:19:56+09:00
전북특별자치도|김제시,전북특별자치도,김제시,35.80673935689978,126.8796995613974,병원좌표평균대체,2,A2500001,원광대학교병원,35.9642419612473,126.959306346821,18.924997152616044,22.086,24.03333333333333,0.0,21200.0,성공,2026-07-27T20:19:56+09:00
전북특별자치도|김제시,전북특별자치도,김제시,35.80673935689978,126.8796995613974,병원좌표평균대체,3,A2500005,의료법인영경의료재단전주병원,35.81502660230338,127.1247991889436,22.12076731504317,24.218,38.11666666666667,0.0,23800.0,성공,2026-07-27T20:19:56+09:00
전북특별자치도|남원시,전북특별자치도,남원시,35.43189945917936,127.40719103150715,병원좌표평균대체,1,A2500004,전북특별자치도남원의료원,35.43189945917936,127.40719103150715,0.0,0.0,0.0,0.0,0.0,성공:출도착5m이내,2026-07-27T20:19:56+09:00
전북특별자치도|남원시,전북특별자치도,남원시,35.43189945917936,127.40719103150715,병원좌표평균대체,2,A2500006,재단법인예수병원유지재단예수병원,35.81440117465108,127.13325187439274,49.21446803156646,59.467,55.66666666666666,2100.0,75500.0,성공,2026-07-27T20:19:56+09:00
전북특별자치도|남원시,전북특별자치도,남원시,35.43189945917936,127.40719103150715,병원좌표평균대체,3,A2500005,의료법인영경의료재단전주병원,35.81502660230338,127.1247991889436,49.66283293971058,60.39,58.53333333333333,2100.0,76800.0,성공,2026-07-27T20:19:56+09:00
전북특별자치도|무주군,전북특별자치도,무주군,36.00586316008286,127.6717026515394,병원좌표평균대체,1,A1600001,충남대학교병원,36.31696055071064,127.41546133417684,41.54287422734868,55.144,53.25,2600.0,83100.0,성공,2026-07-27T20:19:56+09:00
전북특별자치도|무주군,전북특별자치도,무주군,36.00586316008286,127.6717026515394,병원좌표평균대체,2,A1600005,학교법인가톨릭학원가톨릭대학교대전성모병원,36.32302490017959,127.42027313317438,41.87112687342107,55.042,52.91666666666666,2600.0,82900.0,성공,2026-07-27T20:19:56+09:00
전북특별자치도|무주군,전북특별자치도,무주군,36.00586316008286,127.6717026515394,병원좌표평균대체,3,A2700012,의료법인덕산의료재단김천제일병원,36.13534199566352,128.11882383545816,42.68750167223571,66.065,56.516666666666666,2100.0,101400.0,성공,2026-07-27T20:19:56+09:00
전북특별자치도|부안군,전북특별자치도,부안군,35.72481539925256,126.73452574138332,병원좌표평균대체,1,A2500008,재단법인 아산사회복지재단 정읍아산병원,35.58899495218047,126.82346011194952,17.106992071352696,24.155,32.4,0.0,36700.0,성공,2026-07-27T20:19:56+09:00
전북특별자치도|부안군,전북특별자치도,부안군,35.72481539925256,126.73452574138332,병원좌표평균대체,2,A2500007,전북특별자치도군산의료원,35.95497072788432,126.71189936455204,25.67324733007139,44.793,38.2,2100.0,66800.0,성공,2026-07-27T20:19:56+09:00
전북특별자치도|부안군,전북특별자치도,부안군,35.72481539925256,126.73452574138332,병원좌표평균대체,3,A2500012,의료법인오성의료재단동군산병원,35.97740074466571,126.73719225835914,28.087237152141864,47.804,41.88333333333333,2400.0,71300.0,성공,2026-07-27T20:19:56+09:00
전북특별자치도|순창군,전북특별자치도,순창군,35.3670362953963,127.143667225508,병원좌표평균대체,1,A2500004,전북특별자치도남원의료원,35.43189945917936,127.40719103150715,24.95062426186303,30.392,23.633333333333333,2100.0,45500.0,성공,2026-07-27T20:19:56+09:00
전북특별자치도|순창군,전북특별자치도,순창군,35.3670362953963,127.143667225508,병원좌표평균대체,2,A1500011,첨단종합병원,35.22113373578457,126.84530205666944,31.566783348856752,39.252,32.56666666666667,2200.0,58700.0,성공,2026-07-27T20:19:56+09:00
전북특별자치도|순창군,전북특별자치도,순창군,35.3670362953963,127.143667225508,병원좌표평균대체,3,A1500001,조선대학교병원,35.13854706991291,126.92683853357782,32.14270162343533,40.501,32.03333333333333,3500.0,60100.0,성공,2026-07-27T20:19:56+09:00
전북특별자치도|익산시,전북특별자치도,익산시,35.96296159739764,126.96290300781747,병원좌표평균대체,1,A2500001,원광대학교병원,35.9642419612473,126.959306346821,0.3536251832334974,0.898,2.033333333333333,0.0,4300.0,성공,2026-07-27T20:19:56+09:00
전북특별자치도|익산시,전북특별자치도,익산시,35.96296159739764,126.96290300781747,병원좌표평균대체,2,A2500011,의료법인대산의료재단익산병원,35.96168123354797,126.96649966881398,0.3536299874977872,0.455,1.3666666666666667,0.0,4300.0,성공,2026-07-27T20:19:56+09:00
전북특별자치도|익산시,전북특별자치도,익산시,35.96296159739764,126.96290300781747,병원좌표평균대체,3,A2500012,의료법인오성의료재단동군산병원,35.97740074466571,126.73719225835914,20.37564581533365,25.226,27.0,0.0,35200.0,성공,2026-07-27T20:19:56+09:00
전북특별자치도|임실군,전북특별자치도,임실군,35.61249558187053,127.28697578028248,병원좌표평균대체,1,A2500004,전북특별자치도남원의료원,35.43189945917936,127.40719103150715,22.839125240956463,31.153,29.816666666666663,0.0,43100.0,성공,2026-07-27T20:19:56+09:00
전북특별자치도|임실군,전북특별자치도,임실군,35.61249558187053,127.28697578028248,병원좌표평균대체,2,A2500006,재단법인예수병원유지재단예수병원,35.81440117465108,127.13325187439274,26.394395820775877,31.996,40.55,0.0,47400.0,성공,2026-07-27T20:19:56+09:00
전북특별자치도|임실군,전북특별자치도,임실군,35.61249558187053,127.28697578028248,병원좌표평균대체,3,A2500005,의료법인영경의료재단전주병원,35.81502660230338,127.1247991889436,26.861783976163643,32.919,43.5,0.0,48900.0,성공,2026-07-27T20:19:56+09:00
전북특별자치도|장수군,전북특별자치도,장수군,35.654664903392614,127.52014287444382,병원좌표평균대체,1,A2500004,전북특별자치도남원의료원,35.43189945917936,127.40719103150715,26.795711410389018,40.113,45.2,1300.0,57500.0,성공,2026-07-27T20:19:56+09:00
전북특별자치도|장수군,전북특별자치도,장수군,35.654664903392614,127.52014287444382,병원좌표평균대체,2,A2500006,재단법인예수병원유지재단예수병원,35.81440117465108,127.13325187439274,39.17847822008934,68.004,60.21666666666667,3000.0,100700.0,성공,2026-07-27T20:19:56+09:00
전북특별자치도|장수군,전북특별자치도,장수군,35.654664903392614,127.52014287444382,병원좌표평균대체,3,A2500056,대자인병원,35.84599245880299,127.153316348062,39.350212176783,63.656,53.66666666666666,2800.0,93500.0,성공,2026-07-27T20:19:56+09:00
전북특별자치도|전주시,전북특별자치도,전주시,35.8379601536408,127.14429505530217,병원좌표평균대체,1,A2500002,전북대학교병원,35.84697279303408,127.1393674038135,1.096179627576717,1.875,5.216666666666667,0.0,4400.0,성공,2026-07-27T20:19:56+09:00
전북특별자치도|전주시,전북특별자치도,전주시,35.8379601536408,127.14429505530217,병원좌표평균대체,2,A2500056,대자인병원,35.84599245880299,127.153316348062,1.2078735152026951,1.484,4.833333333333333,0.0,4300.0,성공,2026-07-27T20:19:56+09:00
전북특별자치도|전주시,전북특별자치도,전주시,35.8379601536408,127.14429505530217,병원좌표평균대체,3,A2500006,재단법인예수병원유지재단예수병원,35.81440117465108,127.13325187439274,2.80245524137991,4.33,10.766666666666667,0.0,6700.0,성공,2026-07-27T20:19:56+09:00
전북특별자치도|정읍시,전북특별자치도,정읍시,35.58899495218047,126.82346011194952,병원좌표평균대체,1,A2500008,재단법인 아산사회복지재단 정읍아산병원,35.58899495218047,126.82346011194952,0.0,0.0,0.0,0.0,0.0,성공:출도착5m이내,2026-07-27T20:19:56+09:00
전북특별자치도|정읍시,전북특별자치도,정읍시,35.58899495218047,126.82346011194952,병원좌표평균대체,2,A2500005,의료법인영경의료재단전주병원,35.81502660230338,127.1247991889436,37.04164032929689,47.43,44.56666666666667,2400.0,42100.0,성공,2026-07-27T20:19:56+09:00
전북특별자치도|정읍시,전북특별자치도,정읍시,35.58899495218047,126.82346011194952,병원좌표평균대체,3,A2500006,재단법인예수병원유지재단예수병원,35.81440117465108,127.13325187439274,37.55951452588925,48.137,46.66666666666666,2400.0,42800.0,성공,2026-07-27T20:19:56+09:00
전북특별자치도|진안군,전북특별자치도,진안군,35.79518695884379,127.43207008323516,병원좌표평균대체,1,A2500056,대자인병원,35.84599245880299,127.153316348062,25.760296001327,37.015,40.93333333333333,0.0,53900.0,성공,2026-07-27T20:19:56+09:00
전북특별자치도|진안군,전북특별자치도,진안군,35.79518695884379,127.43207008323516,병원좌표평균대체,2,A2500002,전북대학교병원,35.84697279303408,127.1393674038135,27.01163268269716,38.798,44.88333333333333,0.0,57500.0,성공,2026-07-27T20:19:56+09:00
전북특별자치도|진안군,전북특별자치도,진안군,35.79518695884379,127.43207008323516,병원좌표평균대체,3,A2500006,재단법인예수병원유지재단예수병원,35.81440117465108,127.13325187439274,27.03219981323388,40.842,49.53333333333333,0.0,60900.0,성공,2026-07-27T20:19:56+09:00
제주특별자치도|서귀포시,제주특별자치도,서귀포시,33.255354935811724,126.5642013167026,병원좌표평균대체,1,A2900002,제주특별자치도서귀포의료원,33.255354935811724,126.5642013167026,0.0,0.0,0.0,0.0,0.0,성공:출도착5m이내,2026-07-27T20:19:56+09:00
제주특별자치도|서귀포시,제주특별자치도,서귀포시,33.255354935811724,126.5642013167026,병원좌표평균대체,2,A2900007,제주대학교병원,33.46727330825531,126.54525733713078,23.62983593758821,47.279,65.7,0.0,45400.0,성공,2026-07-27T20:19:56+09:00
제주특별자치도|서귀포시,제주특별자치도,서귀포시,33.255354935811724,126.5642013167026,병원좌표평균대체,3,A2900005,한마음병원,33.4962612399279,126.54622454609036,26.839518209951272,47.707,68.08333333333333,0.0,46600.0,성공,2026-07-27T20:19:56+09:00
제주특별자치도|제주시,제주특별자치도,제주시,33.48920267255816,126.51282681040009,병원좌표평균대체,1,A2900001,제주한라병원,33.489946745300735,126.48507635686154,2.5747690382673665,3.255,8.116666666666667,0.0,5700.0,성공,2026-07-27T20:19:56+09:00
제주특별자치도|제주시,제주특별자치도,제주시,33.48920267255816,126.51282681040009,병원좌표평균대체,2,A2900005,한마음병원,33.4962612399279,126.54622454609036,3.194935084750583,4.211,10.4,0.0,6500.0,성공,2026-07-27T20:19:56+09:00
제주특별자치도|제주시,제주특별자치도,제주시,33.48920267255816,126.51282681040009,병원좌표평균대체,3,A2900007,제주대학교병원,33.46727330825531,126.54525733713078,3.872087358363079,5.845,14.15,0.0,7800.0,성공,2026-07-27T20:19:56+09:00
충청남도|공주시,충청남도,공주시,36.45905455773722,127.10921562289596,병원좌표평균대체,1,A1800441,세종충남대학교병원,36.5195133641377,127.257942661368,14.898740479550645,18.977,29.383333333333333,0.0,29500.0,성공,2026-07-27T20:19:56+09:00
충청남도|공주시,충청남도,공주시,36.45905455773722,127.10921562289596,병원좌표평균대체,2,A1600007,의료법인영훈의료재단유성선병원,36.37535496572087,127.32491359339664,21.42748294031776,32.487,30.05,1800.0,49400.0,성공,2026-07-27T20:19:56+09:00
충청남도|공주시,충청남도,공주시,36.45905455773722,127.10921562289596,병원좌표평균대체,3,A1600006,학교법인건양교육재단건양대학교병원,36.306711701457246,127.34263046359918,26.899181254043462,41.736,46.55,0.0,59600.0,성공,2026-07-27T20:19:56+09:00
충청남도|금산군,충청남도,금산군,36.10403152848004,127.49620122672218,병원좌표평균대체,1,A1600001,충남대학교병원,36.31696055071064,127.41546133417684,24.759953461918094,30.355,40.96666666666667,0.0,50400.0,성공,2026-07-27T20:19:56+09:00
충청남도|금산군,충청남도,금산군,36.10403152848004,127.49620122672218,병원좌표평균대체,2,A1600005,학교법인가톨릭학원가톨릭대학교대전성모병원,36.32302490017959,127.42027313317438,25.28576481630308,30.253,40.65,0.0,50200.0,성공,2026-07-27T20:19:56+09:00
충청남도|금산군,충청남도,금산군,36.10403152848004,127.49620122672218,병원좌표평균대체,3,A1600006,학교법인건양교육재단건양대학교병원,36.306711701457246,127.34263046359918,26.41543836195518,40.578,38.78333333333333,2000.0,67300.0,성공,2026-07-27T20:19:56+09:00
충청남도|논산시,충청남도,논산시,36.19250243074026,127.09436976296004,병원좌표평균대체,1,A2400009,의료법인백제병원,36.19250243074026,127.09436976296004,0.0,0.0,0.0,0.0,0.0,성공:출도착5m이내,2026-07-27T20:19:56+09:00
충청남도|논산시,충청남도,논산시,36.19250243074026,127.09436976296004,병원좌표평균대체,2,A1600006,학교법인건양교육재단건양대학교병원,36.306711701457246,127.34263046359918,25.629778970334087,30.193,38.23333333333333,0.0,42200.0,성공,2026-07-27T20:19:56+09:00
충청남도|논산시,충청남도,논산시,36.19250243074026,127.09436976296004,병원좌표평균대체,3,A2500011,의료법인대산의료재단익산병원,35.96168123354797,126.96649966881398,28.121363073202968,34.534,40.95,0.0,50900.0,성공,2026-07-27T20:19:56+09:00
충청남도|당진시,충청남도,당진시,36.90439755063778,126.68435813411776,병원좌표평균대체,1,A2400008,당진종합병원,36.90439755063778,126.68435813411776,0.0,0.0,0.0,0.0,0.0,성공:출도착5m이내,2026-07-27T20:19:56+09:00
충청남도|당진시,충청남도,당진시,36.90439755063778,126.68435813411776,병원좌표평균대체,2,A2400003,서산중앙병원,36.78101237096687,126.50342177166652,21.1536731409674,24.403,21.98333333333333,0.0,39100.0,성공,2026-07-27T20:19:56+09:00
충청남도|당진시,충청남도,당진시,36.90439755063778,126.68435813411776,병원좌표평균대체,3,A2400006,충청남도서산의료원,36.77556877677842,126.46515725738564,24.201764129192654,28.806,28.1,0.0,46700.0,성공,2026-07-27T20:19:56+09:00
충청남도|보령시,충청남도,보령시,36.38113998244595,126.62282846665184,병원좌표평균대체,1,A2400011,재단법인아산사회복지재단보령아산병원,36.38113998244595,126.62282846665184,0.0,0.0,0.0,0.0,0.0,성공:출도착5m이내,2026-07-27T20:19:56+09:00
충청남도|보령시,충청남도,보령시,36.38113998244595,126.62282846665184,병원좌표평균대체,2,A2400007,충청남도홍성의료원,36.59933992060475,126.67440672396911,24.696966397513155,36.935,43.583333333333336,0.0,54800.0,성공,2026-07-27T20:19:56+09:00
충청남도|보령시,충청남도,보령시,36.38113998244595,126.62282846665184,병원좌표평균대체,3,A2400003,서산중앙병원,36.78101237096687,126.50342177166652,45.72421588505073,70.166,58.3,2500.0,106800.0,성공,2026-07-27T20:19:56+09:00
충청남도|부여군,충청남도,부여군,36.27555409443824,126.90169662482884,병원좌표평균대체,1,A2400009,의료법인백제병원,36.19250243074026,127.09436976296004,19.59380782299362,23.401,23.183333333333334,0.0,36500.0,성공,2026-07-27T20:19:56+09:00
충청남도|부여군,충청남도,부여군,36.27555409443824,126.90169662482884,병원좌표평균대체,2,A2400011,재단법인아산사회복지재단보령아산병원,36.38113998244595,126.62282846665184,27.60303619938728,43.308,44.266666666666666,0.0,66400.0,성공,2026-07-27T20:19:56+09:00
충청남도|부여군,충청남도,부여군,36.27555409443824,126.90169662482884,병원좌표평균대체,3,A2500001,원광대학교병원,35.9642419612473,126.959306346821,35.00095122673569,52.564,49.28333333333333,1000.0,86600.0,성공,2026-07-27T20:19:56+09:00
충청남도|서산시,충청남도,서산시,36.778290573872646,126.48428951452608,병원좌표평균대체,1,A2400003,서산중앙병원,36.78101237096687,126.50342177166652,1.730605709361246,3.123,4.683333333333334,0.0,6700.0,성공,2026-07-27T20:19:56+09:00
충청남도|서산시,충청남도,서산시,36.778290573872646,126.48428951452608,병원좌표평균대체,2,A2400006,충청남도서산의료원,36.77556877677842,126.46515725738564,1.7306652843040018,2.508,5.466666666666667,0.0,5900.0,성공,2026-07-27T20:19:56+09:00
충청남도|서산시,충청남도,서산시,36.778290573872646,126.48428951452608,병원좌표평균대체,3,A2400008,당진종합병원,36.90439755063778,126.68435813411776,22.66294710117053,27.09,25.95,0.0,45700.0,성공,2026-07-27T20:19:56+09:00
충청남도|서천군,충청남도,서천군,36.08449428686221,126.6875810614244,병원좌표평균대체,1,A2500012,의료법인오성의료재단동군산병원,35.97740074466571,126.73719225835914,12.716482273638588,16.425,20.53333333333333,0.0,25000.0,성공,2026-07-27T20:19:56+09:00
충청남도|서천군,충청남도,서천군,36.08449428686221,126.6875810614244,병원좌표평균대체,2,A2500007,전북특별자치도군산의료원,35.95497072788432,126.71189936455204,14.56747810928087,17.644,26.9,0.0,27900.0,성공,2026-07-27T20:19:56+09:00
충청남도|서천군,충청남도,서천군,36.08449428686221,126.6875810614244,병원좌표평균대체,3,A2500001,원광대학교병원,35.9642419612473,126.959306346821,27.85562048537925,37.739,38.8,0.0,57200.0,성공,2026-07-27T20:19:56+09:00
충청남도|아산시,충청남도,아산시,36.7812054020535,127.01045956611848,병원좌표평균대체,1,A2402257,아산충무병원,36.77929250489765,127.0199488549524,0.8714745599191377,1.162,3.716666666666667,0.0,4100.0,성공,2026-07-27T20:19:56+09:00
충청남도|아산시,충청남도,아산시,36.7812054020535,127.01045956611848,병원좌표평균대체,2,A2400012,의료법인영서의료재단천안충무병원,36.79739687904163,127.1315782043232,10.93481441456866,12.326,19.016666666666666,0.0,16000.0,성공,2026-07-27T20:19:56+09:00
충청남도|아산시,충청남도,아산시,36.7812054020535,127.01045956611848,병원좌표평균대체,3,A2400001,학교법인동은학원순천향대학교부속천안병원,36.8023584971179,127.135666806479,11.394712225065756,13.633,23.383333333333333,0.0,18100.0,성공,2026-07-27T20:19:56+09:00
충청남도|예산군,충청남도,예산군,36.70242214916566,126.83613678024034,병원좌표평균대체,1,A2400007,충청남도홍성의료원,36.59933992060475,126.67440672396911,18.42686103246606,21.211,30.133333333333333,0.0,32300.0,성공,2026-07-27T20:19:56+09:00
충청남도|예산군,충청남도,예산군,36.70242214916566,126.83613678024034,병원좌표평균대체,2,A2402257,아산충무병원,36.77929250489765,127.0199488549524,18.474976247211536,22.13,37.2,0.0,41400.0,성공,2026-07-27T20:19:56+09:00
충청남도|예산군,충청남도,예산군,36.70242214916566,126.83613678024034,병원좌표평균대체,3,A2400008,당진종합병원,36.90439755063778,126.68435813411776,26.21069819861651,34.216,33.03333333333333,0.0,59400.0,성공,2026-07-27T20:19:56+09:00
충청남도|천안시,충청남도,천안시,36.807443543237326,127.15595340503144,병원좌표평균대체,1,A2400001,학교법인동은학원순천향대학교부속천안병원,36.8023584971179,127.135666806479,1.8925860658102145,2.379,7.083333333333333,0.0,5400.0,성공,2026-07-27T20:19:56+09:00
충청남도|천안시,충청남도,천안시,36.807443543237326,127.15595340503144,병원좌표평균대체,2,A2400012,의료법인영서의료재단천안충무병원,36.79739687904163,127.1315782043232,2.440882461877522,3.66,8.766666666666667,0.0,6500.0,성공,2026-07-27T20:19:56+09:00
충청남도|천안시,충청남도,천안시,36.807443543237326,127.15595340503144,병원좌표평균대체,3,A2400002,단국대학교의과대학부속병원,36.84295215169462,127.17327537305154,4.238727119949498,5.676,11.266666666666667,0.0,8300.0,성공,2026-07-27T20:19:56+09:00
충청남도|청양군,충청남도,청양군,36.45529646339589,126.80455836964052,병원좌표평균대체,1,A2400011,재단법인아산사회복지재단보령아산병원,36.38113998244595,126.62282846665184,18.232240867957447,24.122,26.08333333333333,0.0,40400.0,성공,2026-07-27T20:19:56+09:00
충청남도|청양군,충청남도,청양군,36.45529646339589,126.80455836964052,병원좌표평균대체,2,A2400007,충청남도홍성의료원,36.59933992060475,126.67440672396911,19.793574406619808,24.261,29.683333333333334,0.0,42600.0,성공,2026-07-27T20:19:56+09:00
충청남도|청양군,충청남도,청양군,36.45529646339589,126.80455836964052,병원좌표평균대체,3,A2400009,의료법인백제병원,36.19250243074026,127.09436976296004,39.08950264213573,54.859,45.38333333333333,2500.0,94600.0,성공,2026-07-27T20:19:56+09:00
충청남도|태안군,충청남도,태안군,36.75191402131483,126.32320735565844,병원좌표평균대체,1,A2400006,충청남도서산의료원,36.77556877677842,126.46515725738564,12.91548128123653,15.791,18.0,0.0,46200.0,성공,2026-07-27T20:19:56+09:00
충청남도|태안군,충청남도,태안군,36.75191402131483,126.32320735565844,병원좌표평균대체,2,A2400003,서산중앙병원,36.78101237096687,126.50342177166652,16.375654134174255,20.558,22.05,0.0,59400.0,성공,2026-07-27T20:19:56+09:00
충청남도|태안군,충청남도,태안군,36.75191402131483,126.32320735565844,병원좌표평균대체,3,A2400007,충청남도홍성의료원,36.59933992060475,126.67440672396911,35.620225157633,52.443,58.083333333333336,0.0,153500.0,성공,2026-07-27T20:19:56+09:00
충청남도|홍성군,충청남도,홍성군,36.59933992060475,126.67440672396911,병원좌표평균대체,1,A2400007,충청남도홍성의료원,36.59933992060475,126.67440672396911,0.0,0.0,0.0,0.0,0.0,성공:출도착5m이내,2026-07-27T20:19:56+09:00
충청남도|홍성군,충청남도,홍성군,36.59933992060475,126.67440672396911,병원좌표평균대체,2,A2400011,재단법인아산사회복지재단보령아산병원,36.38113998244595,126.62282846665184,24.696966397513155,36.843,43.766666666666666,0.0,63400.0,성공,2026-07-27T20:19:56+09:00
충청남도|홍성군,충청남도,홍성군,36.59933992060475,126.67440672396911,병원좌표평균대체,3,A2400003,서산중앙병원,36.78101237096687,126.50342177166652,25.30844761893828,45.742,41.61666666666667,2000.0,77500.0,성공,2026-07-27T20:19:56+09:00
충청북도|괴산군,충청북도,괴산군,36.81544387632933,127.78424628538971,병원좌표평균대체,1,A2300010,건국대학교충주병원,36.97897509717851,127.92863660615964,22.26009478367504,38.994,40.06666666666667,0.0,60500.0,성공,2026-07-27T20:19:56+09:00
충청북도|괴산군,충청북도,괴산군,36.81544387632933,127.78424628538971,병원좌표평균대체,2,A2300008,청주성모병원,36.673801330174406,127.4854695707364,30.93157370259655,39.893,35.666666666666664,0.0,59300.0,성공,2026-07-27T20:19:56+09:00
충청북도|괴산군,충청북도,괴산군,36.81544387632933,127.78424628538971,병원좌표평균대체,3,A2300013,의료법인 건명의료재단 중앙제일병원,36.85848747628605,127.44050791116804,30.962891782438756,42.441,40.9,0.0,63600.0,성공,2026-07-27T20:19:56+09:00
충청북도|단양군,충청북도,단양군,36.984540593096746,128.36667620351827,병원좌표평균대체,1,A2300005,의료법인자산의료재단제천서울병원,37.13857101389598,128.20613928597675,22.27693821926093,26.847,37.75,0.0,60400.0,성공,2026-07-27T20:19:56+09:00
충청북도|단양군,충청북도,단양군,36.984540593096746,128.36667620351827,병원좌표평균대체,2,A2300009,의료법인명지의료재단명지병원,37.1630057642892,128.23405656001103,23.07018730394121,29.197,41.06666666666667,0.0,65700.0,성공,2026-07-27T20:19:56+09:00
충청북도|단양군,충청북도,단양군,36.984540593096746,128.36667620351827,병원좌표평균대체,3,A2300010,건국대학교충주병원,36.97897509717851,127.92863660615964,38.913981179981896,60.897,60.41666666666666,2500.0,142200.0,성공,2026-07-27T20:19:56+09:00
충청북도|보은군,충청북도,보은군,36.48327155579628,127.71821043397682,병원좌표평균대체,1,A2300007,의료법인인화재단한국병원,36.61950588971749,127.49659485930336,24.92702291128475,34.684,42.73333333333333,1400.0,51800.0,성공,2026-07-27T20:19:56+09:00
충청북도|보은군,충청북도,보은군,36.48327155579628,127.71821043397682,병원좌표평균대체,2,A2300003,의료법인정산의료재단효성병원,36.62455637262831,127.49558522201268,25.34243964334411,35.577,45.05,1400.0,53100.0,성공,2026-07-27T20:19:56+09:00
충청북도|보은군,충청북도,보은군,36.48327155579628,127.71821043397682,병원좌표평균대체,3,A2300001,충북대학교병원,36.62416682483455,127.4614360502226,27.77588012889714,37.595,49.91666666666666,1400.0,56800.0,성공,2026-07-27T20:19:56+09:00
충청북도|영동군,충청북도,영동군,36.1852328446,127.7808325647,병원좌표평균대체,1,A2700012,의료법인덕산의료재단김천제일병원,36.13534199566352,128.11882383545816,30.84624164456556,47.872,41.85,2600.0,67000.0,성공,2026-07-27T20:19:56+09:00
충청북도|영동군,충청북도,영동군,36.1852328446,127.7808325647,병원좌표평균대체,2,A1600005,학교법인가톨릭학원가톨릭대학교대전성모병원,36.32302490017959,127.42027313317438,35.77737277343958,56.427,54.06666666666667,2800.0,83600.0,성공,2026-07-27T20:19:56+09:00
충청북도|영동군,충청북도,영동군,36.1852328446,127.7808325647,병원좌표평균대체,3,A1600001,충남대학교병원,36.31696055071064,127.41546133417684,35.888435690269674,56.595,54.85,2800.0,83700.0,성공,2026-07-27T20:19:56+09:00
충청북도|옥천군,충청북도,옥천군,36.313345842294304,127.57197742757523,병원좌표평균대체,1,A1600005,학교법인가톨릭학원가톨릭대학교대전성모병원,36.32302490017959,127.42027313317438,13.63437427056162,18.401,32.7,0.0,30900.0,성공,2026-07-27T20:19:56+09:00
충청북도|옥천군,충청북도,옥천군,36.313345842294304,127.57197742757523,병원좌표평균대체,2,A1600001,충남대학교병원,36.31696055071064,127.41546133417684,14.0292429899981,18.569,33.43333333333333,0.0,31000.0,성공,2026-07-27T20:19:56+09:00
충청북도|옥천군,충청북도,옥천군,36.313345842294304,127.57197742757523,병원좌표평균대체,3,A1600008,의료법인영훈의료재단대전선병원,36.3359621088938,127.41011056508802,14.71757922863146,21.072,24.466666666666665,1600.0,32800.0,성공,2026-07-27T20:19:56+09:00
충청북도|음성군,충청북도,음성군,36.99760379156879,127.59853452216106,병원좌표평균대체,1,A2300013,의료법인 건명의료재단 중앙제일병원,36.85848747628605,127.44050791116804,20.89498225537258,26.752,27.7,0.0,40200.0,성공,2026-07-27T20:19:56+09:00
충청북도|음성군,충청북도,음성군,36.99760379156879,127.59853452216106,병원좌표평균대체,2,A2300010,건국대학교충주병원,36.97897509717851,127.92863660615964,29.392039202967812,32.236,39.016666666666666,0.0,52100.0,성공,2026-07-27T20:19:56+09:00
충청북도|음성군,충청북도,음성군,36.99760379156879,127.59853452216106,병원좌표평균대체,3,A2100193,경기도의료원이천병원,37.282694444444445,127.43266388888888,34.94426649917246,41.382,56.35,0.0,65000.0,성공,2026-07-27T20:19:56+09:00
충청북도|제천시,충청북도,제천시,37.15078838909259,128.2200979229939,병원좌표평균대체,1,A2300009,의료법인명지의료재단명지병원,37.1630057642892,128.23405656001103,1.8373286022555388,2.495,6.1,0.0,4800.0,성공,2026-07-27T20:19:56+09:00
충청북도|제천시,충청북도,제천시,37.15078838909259,128.2200979229939,병원좌표평균대체,2,A2300005,의료법인자산의료재단제천서울병원,37.13857101389598,128.20613928597675,1.8374631787229627,2.979,8.766666666666667,0.0,5400.0,성공,2026-07-27T20:19:56+09:00
충청북도|제천시,충청북도,제천시,37.15078838909259,128.2200979229939,병원좌표평균대체,3,A2300010,건국대학교충주병원,36.97897509717851,127.92863660615964,32.15238545425335,44.091,53.78333333333333,0.0,64800.0,성공,2026-07-27T20:19:56+09:00
충청북도|진천군,충청북도,진천군,36.85848747628605,127.44050791116804,병원좌표평균대체,1,A2300013,의료법인 건명의료재단 중앙제일병원,36.85848747628605,127.44050791116804,0.0,0.0,0.0,0.0,0.0,성공:출도착5m이내,2026-07-27T20:19:56+09:00
충청북도|진천군,충청북도,진천군,36.85848747628605,127.44050791116804,병원좌표평균대체,2,A2300008,청주성모병원,36.673801330174406,127.4854695707364,20.92305460819813,24.065,24.95,0.0,36900.0,성공,2026-07-27T20:19:56+09:00
충청북도|진천군,충청북도,진천군,36.85848747628605,127.44050791116804,병원좌표평균대체,3,A2400002,단국대학교의과대학부속병원,36.84295215169462,127.17327537305154,23.84054685420808,35.438,48.1,0.0,52900.0,성공,2026-07-27T20:19:56+09:00
충청북도|청주시,충청북도,청주시,36.64254393611384,127.44937548899426,병원좌표평균대체,1,A2300001,충북대학교병원,36.62416682483455,127.4614360502226,2.3095016943565847,3.474,9.833333333333334,0.0,7000.0,성공,2026-07-27T20:19:56+09:00
충청북도|청주시,충청북도,청주시,36.64254393611384,127.44937548899426,병원좌표평균대체,2,A2300002,의료법인한마음의료재단하나병원,36.623474045244464,127.43081864239412,2.6903980776051126,4.071,10.5,0.0,7600.0,성공,2026-07-27T20:19:56+09:00
충청북도|청주시,충청북도,청주시,36.64254393611384,127.44937548899426,병원좌표평균대체,3,A2300003,의료법인정산의료재단효성병원,36.62455637262831,127.49558522201268,4.582816818455209,6.049,15.366666666666667,0.0,10200.0,성공,2026-07-27T20:19:56+09:00
충청북도|충주시,충청북도,충주시,36.97965696513682,127.94230696797734,병원좌표평균대체,1,A2300010,건국대학교충주병원,36.97897509717851,127.92863660615964,1.2166806988252037,2.282,7.233333333333333,0.0,4600.0,성공,2026-07-27T20:19:56+09:00
충청북도|충주시,충청북도,충주시,36.97965696513682,127.94230696797734,병원좌표평균대체,2,A2300005,의료법인자산의료재단제천서울병원,37.13857101389598,128.20613928597675,29.33133178392597,42.44,49.06666666666667,0.0,47500.0,성공,2026-07-27T20:19:56+09:00
충청북도|충주시,충청북도,충주시,36.97965696513682,127.94230696797734,병원좌표평균대체,3,A2300009,의료법인명지의료재단명지병원,37.1630057642892,128.23405656001103,32.9490761382321,48.111,56.61666666666667,0.0,54500.0,성공,2026-07-27T20:19:56+09:00
