시군구코드,시도,시군구,기준위도,기준경도,출발위도,출발경도,중심점방법,경계버전,도로보정_km,기관코드,병원명,도착위도,도착경도,직선거리_km,경로우선순위,경로요청키,도로거리_km,예상시간_분,경로결과코드,경로상태,수집시각
강원특별자치도|강릉시,강원특별자치도,강릉시,37.70953423566182,128.83207215920189,37.70953423566182,128.83207215920189,최신경계기하대표점,20260701,0.0,A2200005,의료법인강릉동인병원,37.77432579461282,128.90714180258507,9.77120705809557,DISTANCE,127681db4410ee9fcc356a259de458d67f2eba09b9f5a9e46d29d762cd7d1edd,11.678,22.133333333333333,0,성공,2026-08-30T16:29:04+09:00
강원특별자치도|강릉시,강원특별자치도,강릉시,37.70953423566182,128.83207215920189,37.70953423566182,128.83207215920189,최신경계기하대표점,20260701,0.0,A2200008,강릉아산병원,37.81842668503607,128.85771413305145,12.316302166799874,DISTANCE,a63750575790e36470e786db5947fc7cab7989a1ecc2e1ad5b62669a450f2af4,15.149,19.48333333333333,0,성공,2026-08-30T16:29:22+09:00
강원특별자치도|강릉시,강원특별자치도,강릉시,37.70953423566182,128.83207215920189,37.70953423566182,128.83207215920189,최신경계기하대표점,20260701,0.0,A2200010,의산의료재단강릉고려병원,37.75910092005996,128.89982468955142,8.116427974316432,DISTANCE,e7b51a79c313a6355e4baf8c5adbb5a6e7c48f62905188c44fde544309e2c80b,9.632,17.583333333333332,0,성공,2026-08-30T16:31:42+09:00
강원특별자치도|강릉시,강원특별자치도,강릉시,37.70953423566182,128.83207215920189,37.70953423566182,128.83207215920189,최신경계기하대표점,20260701,0.0,A2200011,강원특별자치도강릉의료원,37.74931042017154,128.8887963251862,6.666962571521286,DISTANCE,c243e5e7d266aa329c904632c10cc5e2ab7e0f55ad7dc086d41ff5ef39e86639,8.137,12.766666666666667,0,성공,2026-08-30T16:31:42+09:00
강원특별자치도|동해시,강원특별자치도,동해시,37.50720319368216,129.0559878250828,37.51618630543207,129.0446637680323,최신경계기하대표점:도로탐색보정,20260701,1.4125821240882193,A2200003,의료법인동해동인병원,37.530006805605616,129.1074043067605,5.742510427918517,DISTANCE,dbda5456ecf931f842e36a7b6e8fb0d42cad5b98927f5ea980fb8cf4cb02c21a,14.233,24.85,0,성공,2026-08-30T16:31:42+09:00
강원특별자치도|동해시,강원특별자치도,동해시,37.50720319368216,129.0559878250828,37.51618630543207,129.0446637680323,최신경계기하대표점:도로탐색보정,20260701,1.4125821240882193,A2200038,근로복지공단동해병원,37.53232311891651,129.1058560226859,5.686926728507283,DISTANCE,2ae3baa6def7b66ae5b193211646cf9a916076f702162dd11a9827ac6c75317e,14.129,24.55,0,성공,2026-08-30T16:31:42+09:00
강원특별자치도|삼척시,강원특별자치도,삼척시,37.27757566657094,129.1220347582437,37.27757566657094,129.1333241791143,최신경계기하대표점:도로탐색보정,20260701,0.9988764514767956,A2200007,강원특별자치도삼척의료원,37.44027922704624,129.16370014395005,18.289924873181274,DISTANCE,3a49f65c9c12a18120d2160f84cdd6a4c9b59c978841c95cca4f1d050b5e6220,32.333,46.5,0,성공,2026-08-30T16:29:04+09:00
강원특별자치도|속초시,강원특별자치도,속초시,38.17631725462495,128.52009353294903,38.17631725462495,128.53152079359444,최신경계기하대표점:도로탐색보정,20260701,0.99887645143947,A2200012,강원특별자치도속초의료원,38.21622784728713,128.5891194514502,6.710429058039791,DISTANCE,efc28dc79b6fd5499825a77ade94152a906227448c3f0f335122820b5eb40194,8.735,20.616666666666667,0,성공,2026-08-30T16:29:04+09:00
강원특별자치도|속초시,강원특별자치도,속초시,38.17631725462495,128.52009353294903,38.17631725462495,128.53152079359444,최신경계기하대표점:도로탐색보정,20260701,0.99887645143947,A2200046,의료법인온세움의료재단온재병원,38.19802124533656,128.57838660480326,4.754121995507326,DISTANCE,05e835af9ffe49a6a2dfa5df209ff61b3a4fac300b4e128e8884a56cb91abc59,6.422,13.333333333333334,0,성공,2026-08-30T16:31:42+09:00
강원특별자치도|양구군,강원특별자치도,양구군,38.180731534435886,127.99921617984069,38.180731534435886,127.99921617984069,최신경계기하대표점,20260701,0.0,A2200037,의료법인성심의료재단양구성심병원,38.1047788862656,127.99119726275,8.474613839064514,DISTANCE,5bfb77b96af38a6968e0aa012a1a7f713b4862b8019117a7a125bcbdefcda8cd,10.686,21.08333333333333,0,성공,2026-08-30T16:31:42+09:00
강원특별자치도|영월군,강원특별자치도,영월군,37.20363566224822,128.5012864883804,37.20363566224822,128.5012864883804,최신경계기하대표점,20260701,0.0,A2200002,강원특별자치도영월의료원,37.186588403987926,128.46530529870284,3.7081738479350426,DISTANCE,5cb404256ffb670ab350a9d9a9dfcb8098eb1861a339c62ac145002ade2ffebc,6.528,12.233333333333333,0,성공,2026-08-30T16:31:42+09:00
강원특별자치도|원주시,강원특별자치도,원주시,37.308378241121055,127.93110970689337,37.308378241121055,127.93110970689337,최신경계기하대표점,20260701,0.0,A2200001,연세대학교원주세브란스기독병원,37.34795543031888,127.9456453098751,4.584616127463182,DISTANCE,c4dbd603a7e434cf1cb2bd409f95b26794f73107a99e7735f2fb79c9b79babd4,7.188,16.633333333333333,0,성공,2026-08-30T16:29:04+09:00
강원특별자치도|원주시,강원특별자치도,원주시,37.308378241121055,127.93110970689337,37.308378241121055,127.93110970689337,최신경계기하대표점,20260701,0.0,A2200015,강원특별자치도원주의료원,37.332496031537154,127.94896203327232,3.1119248252897327,DISTANCE,85625db0a95c1244eebe2105035fd26f35caa71daf54c3fc09ea31dea319064c,4.666,10.95,0,성공,2026-08-30T16:31:42+09:00
강원특별자치도|원주시,강원특별자치도,원주시,37.308378241121055,127.93110970689337,37.308378241121055,127.93110970689337,최신경계기하대표점,20260701,0.0,A2200024,의료법인성지의료재단성지병원,37.3452989790958,127.954009227598,4.577566104301034,DISTANCE,92d01ef546c5fdeb331da2605440ca301926e9f16c34f2f4ab4569003958ad91,6.291,15.0,0,성공,2026-08-30T16:31:42+09:00
강원특별자치도|정선군,강원특별자치도,정선군,37.3787005286541,128.73921966410643,37.36971741690419,128.72791503844522,최신경계기하대표점:도로탐색보정,20260701,1.4126669223117516,A2200048,근로복지공단정선병원,37.3829238141538,128.658420530712,6.313872282200729,DISTANCE,15c5887bf23092961b289fce66da0cf349b93f5fe92d354584ca9077f22d6560,9.711,17.45,0,성공,2026-08-30T16:31:42+09:00
강원특별자치도|철원군,강원특별자치도,철원군,38.23419195964161,127.3565473340446,38.23419195964161,127.3565473340446,최신경계기하대표점,20260701,0.0,A2201730,철원병원,38.15033057072112,127.3080276881726,10.243762504516996,DISTANCE,e76c0bbf5c24dffdea062c10425dea782c2654b601d40c61f9ce4c46568e7e65,11.124,15.1,0,성공,2026-08-30T16:31:42+09:00
강원특별자치도|춘천시,강원특별자치도,춘천시,37.8901047163075,127.74008106881728,37.8901047163075,127.74008106881728,최신경계기하대표점,20260701,0.0,A2200009,강원대학교병원,37.87497158192399,127.74448573764938,1.7265591820281228,DISTANCE,d8372f9e4b5a37c2cb47496211503cbee09af3455f695c831416df3c4f0f76c5,2.595,9.616666666666667,0,성공,2026-08-30T16:29:28+09:00
강원특별자치도|춘천시,강원특별자치도,춘천시,37.8901047163075,127.74008106881728,37.8901047163075,127.74008106881728,최신경계기하대표점,20260701,0.0,A2200013,한림대학교춘천성심병원,37.88413581388737,127.73989454269612,0.6639134905283598,DISTANCE,70e96ace6acb4e3eca64ce357ecf0d58c953484dc1bbecbf326fe26cd5a459b5,1.793,5.583333333333333,0,성공,2026-08-30T16:29:04+09:00
강원특별자치도|춘천시,강원특별자치도,춘천시,37.8901047163075,127.74008106881728,37.8901047163075,127.74008106881728,최신경계기하대표점,20260701,0.0,A2200033,인성병원,37.88124367430593,127.7268803699377,1.5208237428332405,DISTANCE,f697c9de43e0492ebecdc40f6e9a9d6fdd277f7d9c4853dcce29e906e16e3599,2.92,10.8,0,성공,2026-08-30T16:31:42+09:00
강원특별자치도|태백시,강원특별자치도,태백시,37.172760912100486,128.9801473020609,37.172760912100486,128.9801473020609,최신경계기하대표점,20260701,0.0,A2200004,근로복지공단태백병원,37.10404228529155,129.0042870499601,7.935119563623985,DISTANCE,58a79f59d8801790947e4e6d8a3af0476daa339697b314c142d035ee5939b0cb,10.542,17.433333333333334,0,성공,2026-08-30T16:31:42+09:00
강원특별자치도|평창군,강원특별자치도,평창군,37.55660001760862,128.48261109655957,37.55660001760862,128.48261109655957,최신경계기하대표점,20260701,0.0,E2200026,평창군보건의료원,37.360577433652736,128.3890508672411,23.308667345347168,DISTANCE,5bcf78fd929c410a420840801324e7621fd31054c4175d8c4acb9f8f4198f317,27.12,34.28333333333333,0,성공,2026-08-30T16:31:42+09:00
강원특별자치도|홍천군,강원특별자치도,홍천군,37.74489014465092,128.07417854966775,37.74489014465092,128.07417854966775,최신경계기하대표점,20260701,0.0,A2200014,홍천아산병원,37.69082165229579,127.89490721695594,16.875760967091384,DISTANCE,557aab63615b700830b36aa032784948d118d0b83fcf040666020b7ffaac71ae,22.086,22.616666666666667,0,성공,2026-08-30T16:31:42+09:00
강원특별자치도|화천군,강원특별자치도,화천군,38.16100146558343,127.68758168439078,38.16100146558343,127.68758168439078,최신경계기하대표점,20260701,0.0,E2200025,화천군보건의료원,38.1073824571151,127.708883438378,6.246479684477949,DISTANCE,34b1a584d692502629ce9bffd29055857f167731fad74d35038a05367370d0c5,13.413,22.616666666666667,0,성공,2026-08-30T16:31:42+09:00
강원특별자치도|횡성군,강원특별자치도,횡성군,37.50976839422013,128.07736460450434,37.50976839422013,128.07736460450434,최신경계기하대표점,20260701,0.0,A2200016,횡성대성병원,37.47845901170136,127.97994775890872,9.27284414119008,DISTANCE,d61ca827ff1d440ffc49219d750cbf1d3d6e3423f18f408c0d1ed99405d3e620,15.648,24.53333333333333,0,성공,2026-08-30T16:31:42+09:00
경기도|가평군,경기도,가평군,37.818701691449085,127.45025604170554,37.818701691449085,127.45025604170554,최신경계기하대표점,20260701,0.0,A2100282,에이치제이매그놀리아국제병원,37.69104512763415,127.52141322182568,15.51212258351464,DISTANCE,59d169d0c7966e6f902e7579e380539d1d1502796ec44bfb783b34b731377f67,31.205,48.28333333333333,0,성공,2026-08-30T16:31:42+09:00
경기도|고양시,경기도,고양시,37.66507690379481,126.83578629680004,37.66507690379481,126.83578629680004,최신경계기하대표점,20260701,0.0,A2100033,국민건강보험공단일산병원,37.64530592402248,126.792204040477,4.421906735338775,DISTANCE,8b344e16963e231a235b338c96947bac2a0f49dc40ca04d03a10d123c2192177,6.528,20.3,0,성공,2026-08-30T16:29:32+09:00
경기도|고양시,경기도,고양시,37.66507690379481,126.83578629680004,37.66507690379481,126.83578629680004,최신경계기하대표점,20260701,0.0,A2100038,인제대학교일산백병원,37.67436543525074,126.75031388046008,7.593506032311331,DISTANCE,f707f0d97719c70b2fcaed27d5273541f6b606dcc5e3b6e535b2daf7efd42aeb,9.288,25.08333333333333,0,성공,2026-08-30T16:29:32+09:00
경기도|고양시,경기도,고양시,37.66507690379481,126.83578629680004,37.66507690379481,126.83578629680004,최신경계기하대표점,20260701,0.0,A2100042,의료법인명지의료재단명지병원,37.64207169115689,126.83145733035823,2.586295413087273,DISTANCE,3fcea1f4f228b04ebb8ee65a57d51d5a1b643dad69b281e283112e7c60d77c19,3.178,10.566666666666666,0,성공,2026-08-30T16:29:04+09:00
경기도|고양시,경기도,고양시,37.66507690379481,126.83578629680004,37.66507690379481,126.83578629680004,최신경계기하대표점,20260701,0.0,A2100047,동국대학교일산불교병원,37.67643677699999,126.8055658392,2.944546231576526,DISTANCE,f4f15f125332446a40a51d1ca1bd14920c0bab9287208e0a343831f1d049fbb3,4.155,10.616666666666667,0,성공,2026-08-30T16:29:32+09:00
경기도|고양시,경기도,고양시,37.66507690379481,126.83578629680004,37.66507690379481,126.83578629680004,최신경계기하대표점,20260701,0.0,A2100049,국립암센터,37.664170778165285,126.78327945120732,4.622856189311728,DISTANCE,5b7804db41b74a00e8e36c3328603fe377282c09519bcdb390eb15e0faab8728,5.61,13.883333333333333,0,성공,2026-08-30T16:31:42+09:00
경기도|고양시,경기도,고양시,37.66507690379481,126.83578629680004,37.66507690379481,126.83578629680004,최신경계기하대표점,20260701,0.0,A2100283,의료법인일산복음병원,37.68205457051212,126.7801254241406,5.2499582809242185,DISTANCE,10cc904f2b7ef5d14e985216e1ca41a4324eeba42038d0a3d9031f195c783639,6.161,15.116666666666667,0,성공,2026-08-30T16:31:42+09:00
경기도|고양시,경기도,고양시,37.66507690379481,126.83578629680004,37.66507690379481,126.83578629680004,최신경계기하대표점,20260701,0.0,A2100290,의료법인자인의료재단더자인병원,37.62297864974611,126.83568238933726,4.681121210808321,DISTANCE,cb454327e0c5da6be393826f60ec039cf620d82b4f54b8d8e0ea3560059abc95,5.503,13.783333333333331,0,성공,2026-08-30T16:31:42+09:00
경기도|고양시,경기도,고양시,37.66507690379481,126.83578629680004,37.66507690379481,126.83578629680004,최신경계기하대표점,20260701,0.0,A2116972,의료법인성광의료재단일산차병원,37.65413326289407,126.77574306091104,5.423755785991845,DISTANCE,9aba1bf831cc6d16d9d797e349aae522ee23d527d98a649c7fd8759ea693a8cc,6.186,15.133333333333333,0,성공,2026-08-30T16:31:42+09:00
경기도|광명시,경기도,광명시,37.4454707984408,126.86471921885014,37.4454707984408,126.86471921885014,최신경계기하대표점,20260701,0.0,A2100007,광명성애병원,37.4734614743463,126.87192258470483,3.1766981405512564,DISTANCE,64e0bf145962b0656ef2437cefda2b36d570f337d3a3cec530b36ba1c6da4443,3.96,10.2,0,성공,2026-08-30T16:29:32+09:00
경기도|광명시,경기도,광명시,37.4454707984408,126.86471921885014,37.4454707984408,126.86471921885014,최신경계기하대표점,20260701,0.0,A2118788,중앙대학교광명병원,37.4245974351169,126.885910072451,2.981240980993075,DISTANCE,651584a101f10c70da7190d89d38490037b278e25f6ee37dd65a50fb53aba5f3,5.523,13.8,0,성공,2026-08-30T16:29:05+09:00
경기도|광주시,경기도,광주시,37.40300281102924,127.30113106631912,37.40300281102924,127.30113106631912,최신경계기하대표점,20260701,0.0,A2100155,참조은병원,37.41095382720454,127.26022384023878,3.719792494907294,DISTANCE,e0365ae0e615f9f73475023e65085f966a6410e9c13713cc3474cb9fee110f43,6.011,14.6,0,성공,2026-08-30T16:29:05+09:00
경기도|구리시,경기도,구리시,37.599727160919066,127.13136830194152,37.599727160919066,127.13136830194152,최신경계기하대표점,20260701,0.0,A2100039,한양대학교구리병원,37.6012760077,127.13250756940002,0.19933550543576534,DISTANCE,b27db6a3ce6a7dc193b679689c82fcbcb3cce08943a56458c9288ccf7ebcab38,0.436,1.85,0,성공,2026-08-30T16:29:05+09:00
경기도|구리시,경기도,구리시,37.599727160919066,127.13136830194152,37.599727160919066,127.13136830194152,최신경계기하대표점,20260701,0.0,A2100116,윤서병원,37.60519852568096,127.13961137900536,0.947350255257861,DISTANCE,54c7589f1cb3e21c88f6aa2385d00bd5faa83a6bfcd1993434cb41de637a7d8c,1.633,7.366666666666666,0,성공,2026-08-30T16:31:43+09:00
경기도|군포시,경기도,군포시,37.34318292637382,126.92123357969793,37.34318292637382,126.92123357969793,최신경계기하대표점,20260701,0.0,A2100048,원광대학교산본병원,37.359787179442414,126.93330716393872,2.1325548182045866,DISTANCE,b631de0fd459c79efd122ce8dc6d604a2fbc9ba9a7691d822fabd8cc1cd87599,2.402,8.183333333333334,0,성공,2026-08-30T16:29:05+09:00
경기도|군포시,경기도,군포시,37.34318292637382,126.92123357969793,37.34318292637382,126.92123357969793,최신경계기하대표점,20260701,0.0,A2100054,효산의료재단지샘병원,37.35864464913468,126.94735972779895,2.879065822599858,DISTANCE,3c3a4c7fb1c7b7d43ca499a08c7c39bcf3ba3d281cdcefec01c6eb58ce0737c8,3.76,11.566666666666666,0,성공,2026-08-30T16:29:34+09:00
경기도|김포시,경기도,김포시,37.67843457963173,126.62497030939276,37.67843457963173,126.62497030939276,최신경계기하대표점,20260701,0.0,A2100006,의료법인인봉의료재단뉴고려병원,37.64095507933562,126.66022763544731,5.196230063706666,DISTANCE,688cb7c320ec65237e4f14ac2c140d3f023f6f6f5510c6de9f5825199e7f0083,6.812,14.033333333333331,0,성공,2026-08-30T16:29:05+09:00
경기도|김포시,경기도,김포시,37.67843457963173,126.62497030939276,37.67843457963173,126.62497030939276,최신경계기하대표점,20260701,0.0,A2100053,의료법인우리의료재단김포우리병원,37.632530143647166,126.7105272263707,9.098493235326446,DISTANCE,519b7edf729873726d5ea843494fb55a8feb85ddf2f4360318d862fb5eaca267,10.375,20.23333333333333,0,성공,2026-08-30T16:29:35+09:00
경기도|남양주시,경기도,남양주시,37.66304367339652,127.24323773147738,37.66304367339652,127.24323773147738,최신경계기하대표점,20260701,0.0,A2100037,현대병원,37.715486551355895,127.17984989970032,8.069413183194792,DISTANCE,824a86c5bd737ed23b507e5916f309de8c22b9ad9175771324866791300d9139,14.588,25.133333333333333,0,성공,2026-08-30T16:29:36+09:00
경기도|남양주시,경기도,남양주시,37.66304367339652,127.24323773147738,37.66304367339652,127.24323773147738,최신경계기하대표점,20260701,0.0,A2100041,남양주한양병원,37.68238094157572,127.2043136287129,4.044690546505012,DISTANCE,b8bb87b9a6f1360af1d4d33e8f1d58d7f824a20d0b428230123ea2e27ac2bbd2,12.334,19.45,0,성공,2026-08-30T16:29:05+09:00
경기도|남양주시,경기도,남양주시,37.66304367339652,127.24323773147738,37.66304367339652,127.24323773147738,최신경계기하대표점,20260701,0.0,A2100208,원병원,37.651957172510606,127.30437739416752,5.521527640239141,DISTANCE,c7c5da06f7c54d4c04527c696da6f269139c0f3a9241a24a933fd9f1d91d9888,7.208,15.483333333333333,0,성공,2026-08-30T16:31:43+09:00
경기도|남양주시,경기도,남양주시,37.66304367339652,127.24323773147738,37.66304367339652,127.24323773147738,최신경계기하대표점,20260701,0.0,A2118188,엘병원,37.6487334911668,127.141048740049,9.135583600643548,DISTANCE,9c6dd00f369b519410ee4004dc6602a7d6f9f3090f2e3b6bc69304de0274eebb,10.758,20.183333333333334,0,성공,2026-08-30T16:31:43+09:00
경기도|남양주시,경기도,남양주시,37.66304367339652,127.24323773147738,37.66304367339652,127.24323773147738,최신경계기하대표점,20260701,0.0,A2120077,혜성병원,37.6501095660175,127.238321935956,1.501901478866694,DISTANCE,987909f4b665a0e725ef9dcb637675539ae88fee108db52114a02b5be21d5093,1.8,6.033333333333333,0,성공,2026-08-30T16:31:43+09:00
경기도|동두천시,경기도,동두천시,37.91655037280255,127.07795016745511,37.91655037280255,127.07795016745511,최신경계기하대표점,20260701,0.0,A2100135,동두천중앙성모병원,37.90888404022765,127.05398051509536,2.2690062651215475,DISTANCE,b4a40b1c93918ea9e49537509f33bfc9e89f9470da9b98ce89add701ea9c6c47,2.651,8.883333333333333,0,성공,2026-08-30T16:31:43+09:00
경기도|부천시,경기도,부천시,37.50428648053597,126.78865277579798,37.50428648053597,126.78865277579798,최신경계기하대표점,20260701,0.0,A2100005,순천향대학교부속부천병원,37.49857073407877,126.76238239812,2.403017948219796,DISTANCE,65cc042c435c577bc60cc790ffb06a87f9fe2561323b70c28efb25134048acc5,2.944,8.45,0,성공,2026-08-30T16:29:37+09:00
경기도|부천시,경기도,부천시,37.50428648053597,126.78865277579798,37.50428648053597,126.78865277579798,최신경계기하대표점,20260701,0.0,A2100050,의료법인대인의료재단다니엘종합병원,37.51232155788357,126.76948894065184,1.9119815520983452,DISTANCE,b0856e0aa4d55a84ebfd4b477126b71b4662d6b19a6032b159f3c1bf0023fb9f,2.624,9.85,0,성공,2026-08-30T16:31:43+09:00
경기도|부천시,경기도,부천시,37.50428648053597,126.78865277579798,37.50428648053597,126.78865277579798,최신경계기하대표점,20260701,0.0,A2100052,가톨릭대학교부천성모병원,37.4874477394264,126.79243459155,1.9018756833268222,DISTANCE,0ccf8558232ab287577e7ec2b10e60b6f60f04aff80fb24d5ecf283d8dafacb2,2.653,10.916666666666666,0,성공,2026-08-30T16:29:05+09:00
경기도|부천시,경기도,부천시,37.50428648053597,126.78865277579798,37.50428648053597,126.78865277579798,최신경계기하대표점,20260701,0.0,A2100055,부천세종병원,37.4810049006,126.7911674323,2.598282639545964,DISTANCE,014409570c58a84de80a75fc1cf029de4b064a213364b39fe0576b847599c6be,3.804,16.95,0,성공,2026-08-30T16:29:37+09:00
경기도|부천시,경기도,부천시,37.50428648053597,126.78865277579798,37.50428648053597,126.78865277579798,최신경계기하대표점,20260701,0.0,A2100058,부천우리병원,37.52438752921628,126.8051855988659,2.668736744909709,DISTANCE,ab8ad55ef2ec0be1e29b44ca3e32ffd05483eae6a0470bc2c0d158bc4b4669c5,3.333,10.066666666666666,0,성공,2026-08-30T16:31:43+09:00
경기도|성남시,경기도,성남시,37.407398924856864,127.1161298449459,37.407398924856864,127.1161298449459,최신경계기하대표점,20260701,0.0,A2100001,분당서울대학교병원,37.35202597297615,127.12448354572744,6.20127649705185,DISTANCE,2d880ee5120cda8fe07104e3101e769566d9cdc925147d4eaaf978f885fd0ed1,8.264,27.266666666666666,0,성공,2026-08-30T16:29:38+09:00
경기도|성남시,경기도,성남시,37.407398924856864,127.1161298449459,37.407398924856864,127.1161298449459,최신경계기하대표점,20260701,0.0,A2100011,성남중앙병원,37.4528032109466,127.16209535008764,6.4778768405829155,DISTANCE,94113f0b9a0f1b2ebf202c300dd10de14c72397de4298fa0aefad3b65072e48e,8.178,18.25,0,성공,2026-08-30T16:31:43+09:00
경기도|성남시,경기도,성남시,37.407398924856864,127.1161298449459,37.407398924856864,127.1161298449459,최신경계기하대표점,20260701,0.0,A2100016,순천의료재단성남정병원,37.43962497395649,127.12863916535,3.7497789721965393,DISTANCE,3264a8fd7356dc0d97a53008c4bccb392eecb17efcff98100955e5a240023205,4.811,12.233333333333333,0,성공,2026-08-30T16:31:43+09:00
경기도|성남시,경기도,성남시,37.407398924856864,127.1161298449459,37.407398924856864,127.1161298449459,최신경계기하대표점,20260701,0.0,A2100025,대진의료재단분당제생병원,37.387871379956906,127.12132819639598,2.2193907505508026,DISTANCE,62803710cee98e151662a4473a62011e787299fec53f0f4e648e1b62b8514238,2.801,8.033333333333333,0,성공,2026-08-30T16:29:38+09:00
경기도|성남시,경기도,성남시,37.407398924856864,127.1161298449459,37.407398924856864,127.1161298449459,최신경계기하대표점,20260701,0.0,A2100030,차의과학대학교분당차병원,37.4101145912911,127.125083678928,0.8465330009783529,DISTANCE,fbbd1c4b54d3739aae356e429ccf5bae3e35aee6994e81c1d7b1bb780355c915,1.628,9.183333333333334,0,성공,2026-08-30T16:29:05+09:00
경기도|성남시,경기도,성남시,37.407398924856864,127.1161298449459,37.407398924856864,127.1161298449459,최신경계기하대표점,20260701,0.0,A2100258,국군수도병원,37.39186666666668,127.14858611111111,3.3470566838680256,DISTANCE,f21a4292b19471866ff332faa42b3697df03fd017ea83702294d2281f5832d46,6.249,18.316666666666663,0,성공,2026-08-30T16:31:43+09:00
경기도|성남시,경기도,성남시,37.407398924856864,127.1161298449459,37.407398924856864,127.1161298449459,최신경계기하대표점,20260701,0.0,A2106200,바른마디병원,37.44526963651349,127.16256645920151,5.877680807407895,DISTANCE,d2115fd7dcf5d06079ca762407cb9c25eaf647481e9ceadfc4eeed39382ef2b8,7.418,16.733333333333334,0,성공,2026-08-30T16:31:43+09:00
경기도|성남시,경기도,성남시,37.407398924856864,127.1161298449459,37.407398924856864,127.1161298449459,최신경계기하대표점,20260701,0.0,A2115807,성모윌병원,37.4344473895,127.1282853418,3.19347384100214,DISTANCE,6ac212ab009abd4f6de5594901c1c5d51a10508a5e1a53b46f5f547d28b73cb1,4.794,12.783333333333331,0,성공,2026-08-30T16:31:43+09:00
경기도|성남시,경기도,성남시,37.407398924856864,127.1161298449459,37.407398924856864,127.1161298449459,최신경계기하대표점,20260701,0.0,A2116806,성남시의료원,37.44498428779224,127.13905704599767,4.643858204857452,DISTANCE,3a13823a0c89a3cb6227c2486441ac2d4c7bb43b8761d1c7f72338df750cb594,6.028,17.333333333333332,0,성공,2026-08-30T16:29:38+09:00
경기도|수원시,경기도,수원시,37.28044427142034,127.00768772878472,37.28044427142034,127.00768772878472,최신경계기하대표점,20260701,0.0,A2100002,아주대학교병원,37.2794477573662,127.04752107106702,3.526044023448517,DISTANCE,c5bf8266f09fba1eb8a7b0c2e483813b87c97f1a58d844c4ecd3c370245766b8,5.438,18.95,0,성공,2026-08-30T16:29:39+09:00
경기도|수원시,경기도,수원시,37.28044427142034,127.00768772878472,37.28044427142034,127.00768772878472,최신경계기하대표점,20260701,0.0,A2100009,의료법인녹산의료재단동수원병원,37.27816562305189,127.0343637912553,2.3737777449029474,DISTANCE,ba4318af9ec1e7a9bb5c7e7db3e0467a365705bffa03d8f3268784bd6a9fa64f,3.655,15.05,0,성공,2026-08-30T16:29:39+09:00
경기도|수원시,경기도,수원시,37.28044427142034,127.00768772878472,37.28044427142034,127.00768772878472,최신경계기하대표점,20260701,0.0,A2100012,가톨릭대학교성빈센트병원,37.27792234538125,127.02744945028702,1.7708047514039715,DISTANCE,cd5349bfb6ad6aa071bad815c3d57f2f79fccf2902f688a1d85d40dc066639d7,3.006,12.866666666666667,0,성공,2026-08-30T16:29:05+09:00
경기도|수원시,경기도,수원시,37.28044427142034,127.00768772878472,37.28044427142034,127.00768772878472,최신경계기하대표점,20260701,0.0,A2100032,경기도의료원수원병원,37.29188165276277,126.99638776108884,1.6176564686393438,DISTANCE,68d86e3d4361ba33243b1be8c2b5f9f6370a47284827dc2089ddb42155fb168b,2.082,9.4,0,성공,2026-08-30T16:31:43+09:00
경기도|수원시,경기도,수원시,37.28044427142034,127.00768772878472,37.28044427142034,127.00768772878472,최신경계기하대표점,20260701,0.0,A2100175,의료법인토마스의료재단윌스기념병원,37.26502978126203,127.0254583588438,2.3260205566346897,DISTANCE,8e1bfee2d6bb110e2a77eb38a3a8fd1e685765d88c533a69d14ab9d77d5432ea,3.375,13.383333333333333,0,성공,2026-08-30T16:31:43+09:00
경기도|수원시,경기도,수원시,37.28044427142034,127.00768772878472,37.28044427142034,127.00768772878472,최신경계기하대표점,20260701,0.0,A2100206,수원중앙병원,37.259913344591446,127.0228408488501,2.647585492625227,DISTANCE,aba62022af72e6c6151223807da76a46f7de63fccd59ca2c3f290fb46d1d8acd,3.553,14.266666666666667,0,성공,2026-08-30T16:31:43+09:00
경기도|수원시,경기도,수원시,37.28044427142034,127.00768772878472,37.28044427142034,127.00768772878472,최신경계기하대표점,20260701,0.0,A2117135,의료법인명인의료재단화홍병원,37.2601427452511,126.963891671858,4.484946059743701,DISTANCE,bc7933c80bf9f7e5cb6829475691739166311cfaedb32402549d6296f3caedb0,6.255,19.03333333333333,0,성공,2026-08-30T16:29:39+09:00
경기도|수원시,경기도,수원시,37.28044427142034,127.00768772878472,37.28044427142034,127.00768772878472,최신경계기하대표점,20260701,0.0,A2119276,매듭병원,37.2389316890871,127.05354381098,6.146287473740006,DISTANCE,5b2a6b681edd319174605f7ea2b868133d15dc72f7a38cf50c0d2f362ed4d6a7,7.867,28.933333333333334,0,성공,2026-08-30T16:31:43+09:00
경기도|수원시,경기도,수원시,37.28044427142034,127.00768772878472,37.28044427142034,127.00768772878472,최신경계기하대표점,20260701,0.0,A2121061,의료법인덕산의료재단수원덕산병원,37.258630123004,126.974461185614,3.8115892533143163,DISTANCE,4cc22cfa6e759a9fd50bfa5d2aeeb422d4fca3217ed894b3fe7d7e7e06ab8784,5.216,15.95,0,성공,2026-08-30T16:31:43+09:00
경기도|시흥시,경기도,시흥시,37.38638062955131,126.7837916801278,37.38638062955131,126.7837916801278,최신경계기하대표점,20260701,0.0,A2100008,의료법인남촌의료재단시화병원,37.349955639806,126.736970968751,5.790071728007119,DISTANCE,27690c5deccef9fdad63dbd096455695db40572f3907baeec9f19876bbb3c03c,7.423,12.816666666666666,0,성공,2026-08-30T16:29:05+09:00
경기도|시흥시,경기도,시흥시,37.38638062955131,126.7837916801278,37.38638062955131,126.7837916801278,최신경계기하대표점,20260701,0.0,A2100013,의료법인록향의료재단신천연합병원,37.44454605843136,126.78938385106557,6.486529902001846,DISTANCE,618e9d75ec61b4c6fa615f448a7def0d18bfe63e6ae9fe2ff3488860b9172a39,8.256,21.15,0,성공,2026-08-30T16:31:43+09:00
경기도|시흥시,경기도,시흥시,37.38638062955131,126.7837916801278,37.38638062955131,126.7837916801278,최신경계기하대표점,20260701,0.0,A2100027,의료법인석경의료재단센트럴병원,37.336409472880064,126.72768862827668,7.447209632129913,DISTANCE,8c238cbad6117cb11be367bbcafceccb6d612d3af5fa8a19369e2d70e1ffcddf,8.988,16.466666666666665,0,성공,2026-08-30T16:31:43+09:00
경기도|안산시,경기도,안산시,37.31520530861706,126.87064829139878,37.31520530861706,126.87064829139878,최신경계기하대표점,20260701,0.0,A2100003,고려대학교의과대학부속안산병원,37.31885818300129,126.8250018362211,4.057018071403099,DISTANCE,3b4f56efc1f1dd0f00c8271b715e904a7782b5c0b254ba95b27c86b92720b97d,5.11,12.283333333333331,0,성공,2026-08-30T16:29:05+09:00
경기도|안산시,경기도,안산시,37.31520530861706,126.87064829139878,37.31520530861706,126.87064829139878,최신경계기하대표점,20260701,0.0,A2100014,근로복지공단안산병원,37.31687107499767,126.87402848671928,0.3516580495080966,DISTANCE,e6d14c8bb6488806c01fa4cb4aba075828f34aaf5717e93b50732e4f57af4a8e,0.559,2.15,0,성공,2026-08-30T16:31:43+09:00
경기도|안산시,경기도,안산시,37.31520530861706,126.87064829139878,37.31520530861706,126.87064829139878,최신경계기하대표점,20260701,0.0,A2100017,대아의료재단한도병원,37.334033447174896,126.8076558459104,5.950485592195359,DISTANCE,fac05e87a5240040f7db879ad5efdf07ef15d0b836a5c1af0140cfd5d0a75b3c,7.675,24.933333333333334,0,성공,2026-08-30T16:29:40+09:00
경기도|안산시,경기도,안산시,37.31520530861706,126.87064829139878,37.31520530861706,126.87064829139878,최신경계기하대표점,20260701,0.0,A2100021,의료법인플러스의료재단단원병원,37.3002188172703,126.81357021652911,5.316122193050582,DISTANCE,0b27606fb8bddde2e2cff41ce8179b1490c6cf0f7b6067211f09282e807ab199,6.905,25.3,0,성공,2026-08-30T16:31:43+09:00
경기도|안산시,경기도,안산시,37.31520530861706,126.87064829139878,37.31520530861706,126.87064829139878,최신경계기하대표점,20260701,0.0,A2100124,의료법인칠석의료재단사랑의병원,37.327020396286656,126.84486352776976,2.631505212663682,DISTANCE,19ed0647b2dd6e00f170e335b2596fd46f434de79ab91c0034974b30a13e060e,3.964,14.366666666666667,0,성공,2026-08-30T16:31:43+09:00
경기도|안산시,경기도,안산시,37.31520530861706,126.87064829139878,37.31520530861706,126.87064829139878,최신경계기하대표점,20260701,0.0,A2100162,동안산병원,37.3356927564414,126.852680642321,2.777383616236611,DISTANCE,d9d94b4ff38e6d5e2a1dc652e1efe0732892260ef55c625a9b6e1ce9d139f393,4.361,9.666666666666666,0,성공,2026-08-30T16:31:43+09:00
경기도|안산시,경기도,안산시,37.31520530861706,126.87064829139878,37.31520530861706,126.87064829139878,최신경계기하대표점,20260701,0.0,A2119939,클래스병원,37.3182382909417,126.827283522341,3.8496752479685536,DISTANCE,b9d7cb3c103bc6aaa25d09b115bfa734f6ca5d0f7fa915346b5ffc2a3f8ec6f3,4.852,11.483333333333333,0,성공,2026-08-30T16:31:43+09:00
경기도|안성시,경기도,안성시,37.03490778314931,127.30308548628736,37.03490778314931,127.30308548628736,최신경계기하대표점,20260701,0.0,A2100045,경기도의료원안성병원,37.01736702955601,127.26033944589189,4.266632367787979,DISTANCE,ddcea3dec3465315e2a3e7f42f071a22e16b7035046462d45cc62dd0fb7fcb0b,35.478,44.88333333333333,0,성공,2026-08-30T16:31:44+09:00
경기도|안성시,경기도,안성시,37.03490778314931,127.30308548628736,37.03490778314931,127.30308548628736,최신경계기하대표점,20260701,0.0,A2100305,안성성모병원,37.00610345894585,127.2708442991513,4.295551092124663,DISTANCE,41dc4a84593f730ff96a24a3b7cbe9377c7711ea296701c595e4e0f30a7570ef,35.23,44.21666666666667,0,성공,2026-08-30T16:31:43+09:00
경기도|안양시,경기도,안양시,37.402600809612615,126.92768985345027,37.402600809612615,126.92768985345027,최신경계기하대표점,20260701,0.0,A2100004,한림대학교성심병원,37.3916511961,126.9619708207,3.263914177403605,DISTANCE,50911708bf56fd37829e1032609b2f740913b28c5e2055f4d3a8d4abbbc22890,5.298,15.383333333333333,0,성공,2026-08-30T16:29:41+09:00
경기도|안양시,경기도,안양시,37.402600809612615,126.92768985345027,37.402600809612615,126.92768985345027,최신경계기하대표점,20260701,0.0,A2100010,인산의료재단메트로병원,37.378597979767605,126.93529986382784,2.7523678401210776,DISTANCE,b13fa8166b2cfb6f90d7e64c82f7d69d9314f8d1cf2035332ccab306beb6e214,4.896,15.3,0,성공,2026-08-30T16:31:44+09:00
경기도|안양시,경기도,안양시,37.402600809612615,126.92768985345027,37.402600809612615,126.92768985345027,최신경계기하대표점,20260701,0.0,A2100015,효산의료재단안양샘병원,37.39340413136221,126.92447734066778,1.0612697119276162,DISTANCE,1adcd60737c6c7419a88e5d1840a89e521f6930341dd4fe6548b621eb9aded3f,2.841,8.733333333333333,0,성공,2026-08-30T16:29:05+09:00
경기도|양주시,경기도,양주시,37.80872103932338,127.00119890333224,37.80872103932338,127.00119890333224,최신경계기하대표점,20260701,0.0,A2100134,양주예쓰병원,37.83756356362081,127.06463890111564,6.429216950117386,DISTANCE,f0f32c35e8680e3ea5556c28fd7c0c7e36561ecb1e19f6945d5887e7f01a47e1,12.115,25.85,0,성공,2026-08-30T16:31:44+09:00
경기도|양평군,경기도,양평군,37.51820658879196,127.57871868104016,37.51820658879196,127.59004440771204,최신경계기하대표점:도로탐색보정,20260701,0.998876451468014,A2100089,양평병원,37.493962635485616,127.50347093330032,8.098474811474393,DISTANCE,9f9d26a955011946cac3ea91e5d54fa00ab05e1981013fb2aa11bf081e4e7132,13.776,20.366666666666667,0,성공,2026-08-30T16:31:44+09:00
경기도|여주시,경기도,여주시,37.30251905634283,127.61567487528784,37.30251905634283,127.61567487528784,최신경계기하대표점,20260701,0.0,A2100173,연세새로운병원,37.289871650589454,127.63287952191529,2.0721616562897385,DISTANCE,9ae1a2d2ce025644783944db4e67d9c93f3b9c6bf79e0b36ee2bc1b51b10b530,2.623,6.033333333333333,0,성공,2026-08-30T16:31:44+09:00
경기도|여주시,경기도,여주시,37.30251905634283,127.61567487528784,37.30251905634283,127.61567487528784,최신경계기하대표점,20260701,0.0,A2100194,세종여주병원,37.3013258027,127.6267201581,0.9859280982830867,DISTANCE,7e41ae7d22ab45e4d47bd72bfc6b92a849d53d72c56b5988b7861a524c633985,1.412,4.633333333333334,0,성공,2026-08-30T16:31:44+09:00
경기도|연천군,경기도,연천군,38.09829617600168,127.02493799436634,38.09829617600168,127.02493799436634,최신경계기하대표점,20260701,0.0,E2100187,연천군보건의료원,38.02374166666665,127.06124444444444,8.878576766805267,DISTANCE,aec2bbf96c28a9f65ade3c3fec2ae31d3f83706370fdd64e93dcbf638b8f35b5,11.698,19.95,0,성공,2026-08-30T16:31:44+09:00
경기도|오산시,경기도,오산시,37.16330228674965,127.05127459635992,37.16330228674965,127.05127459635992,최신경계기하대표점,20260701,0.0,A2100024,오산한국병원,37.14122844920573,127.07533756274844,3.2515492225993285,DISTANCE,d0ebe04ad65e249ef95cebb747ee33a02b6b4b1ee36eda4345ecbbf4f3a295be,4.23,13.6,0,성공,2026-08-30T16:29:06+09:00
경기도|용인시,경기도,용인시,37.221533858822426,127.22194818284058,37.221533858822426,127.22194818284058,최신경계기하대표점,20260701,0.0,A2100019,(의)영문의료재단다보스병원,37.234641294534285,127.21049868474802,1.775344457909275,DISTANCE,e9541c2a1c7f481ca3e3f21161df2eec36f828f0077d69686557bce086537b65,2.956,8.1,0,성공,2026-08-30T16:29:06+09:00
경기도|용인시,경기도,용인시,37.221533858822426,127.22194818284058,37.221533858822426,127.22194818284058,최신경계기하대표점,20260701,0.0,A2100020,연세대학교의과대학용인세브란스병원,37.27077583197877,127.14818862464035,8.520978825351277,DISTANCE,29ed8882584473014c257bd0d424c2eae5c2f4050b545e4d4ade709d6d57dddc,11.854,24.1,0,성공,2026-08-30T16:29:46+09:00
경기도|용인시,경기도,용인시,37.221533858822426,127.22194818284058,37.221533858822426,127.22194818284058,최신경계기하대표점,20260701,0.0,A2100029,강남병원,37.27377983891884,127.11140719951388,11.379164353497913,DISTANCE,a9333ae2bfdc3232537e1dab7cb3dccecf93d2949099ddaae0a8aa29018b7556,13.789,28.25,0,성공,2026-08-30T16:29:46+09:00
경기도|용인시,경기도,용인시,37.221533858822426,127.22194818284058,37.221533858822426,127.22194818284058,최신경계기하대표점,20260701,0.0,A2100122,(의)효심의료재단용인서울병원,37.240316373,127.2144914405,2.1903758135680627,DISTANCE,29f0dc6288f2f75e8746726eb1463ed165d1841127ef44c5a21801ac9f20d3d4,3.418,10.916666666666666,0,성공,2026-08-30T16:31:44+09:00
경기도|용인시,경기도,용인시,37.221533858822426,127.22194818284058,37.221533858822426,127.22194818284058,최신경계기하대표점,20260701,0.0,A2121142,메디필드한강병원,37.2353957826327,127.201080221312,2.406115191164603,DISTANCE,dec9a48a3c5deb88388398847d679a250157d9b3b79204286a8c9edb242dcf38,3.952,15.216666666666669,0,성공,2026-08-30T16:31:44+09:00
경기도|의정부시,경기도,의정부시,37.73620855362152,127.06818942003696,37.73620855362152,127.06818942003696,최신경계기하대표점,20260701,0.0,A2100034,의료법인영동의료재단의정부백병원,37.74536735722315,127.0620670982038,1.151946192582242,DISTANCE,e5c84e6c2ae2f4b00192956e9fef85933488e36a3d5af4105de4d6d91342b2e4,1.712,4.533333333333333,0,성공,2026-08-30T16:31:44+09:00
경기도|의정부시,경기도,의정부시,37.73620855362152,127.06818942003696,37.73620855362152,127.06818942003696,최신경계기하대표점,20260701,0.0,A2100040,가톨릭대학교의정부성모병원,37.75865547828227,127.07767290194454,2.631577021165656,DISTANCE,5fef2b3268056031e73eef003c2e472a4065ecbf574166bb702a42e7940de428,4.177,14.25,0,성공,2026-08-30T16:29:46+09:00
경기도|의정부시,경기도,의정부시,37.73620855362152,127.06818942003696,37.73620855362152,127.06818942003696,최신경계기하대표점,20260701,0.0,A2100043,경기도의료원의정부병원,37.74108830096243,127.04255485020956,2.31854036456829,DISTANCE,877314adcc54d093389688a65a904f511c4be7993f0719090172530f8a951c30,3.253,10.966666666666669,0,성공,2026-08-30T16:31:44+09:00
경기도|의정부시,경기도,의정부시,37.73620855362152,127.06818942003696,37.73620855362152,127.06818942003696,최신경계기하대표점,20260701,0.0,A2100150,추병원,37.7499600932,127.0450970956,2.5418516247824576,DISTANCE,13d673bd0a06d5b7876c7892f557b04fcfc7ec3061ae364030d30519b2ffbc05,3.718,12.716666666666669,0,성공,2026-08-30T16:31:44+09:00
경기도|의정부시,경기도,의정부시,37.73620855362152,127.06818942003696,37.73620855362152,127.06818942003696,최신경계기하대표점,20260701,0.0,A2117994,학교법인을지학원의정부을지대학교병원,37.7518290378344,127.050695679688,2.3201080390519104,DISTANCE,b6a518f917b3caf9c5e59098069147067cd72ebc2d4e33b522e6c4dac4eddfe8,3.197,8.166666666666666,0,성공,2026-08-30T16:29:06+09:00
경기도|이천시,경기도,이천시,37.20995124992897,127.48107868356652,37.20995124992897,127.48107868356652,최신경계기하대표점,20260701,0.0,A2100180,바른병원,37.27373314023728,127.45038927398872,7.594724506894877,DISTANCE,3b2e3a2723002bf9f8e7643701ecc41ea92220b066934b23428c6b0711370ffa,9.193,19.75,0,성공,2026-08-30T16:31:44+09:00
경기도|이천시,경기도,이천시,37.20995124992897,127.48107868356652,37.20995124992897,127.48107868356652,최신경계기하대표점,20260701,0.0,A2100193,경기도의료원이천병원,37.282694444444445,127.43266388888888,9.153791163587808,DISTANCE,f203de05db4c0c752d5b55071634dcd9e34c012a638bbed1dedd611ccab6d893,10.601,23.0,0,성공,2026-08-30T16:29:06+09:00
경기도|파주시,경기도,파주시,37.855790160887366,126.80983051914556,37.855790160887366,126.80983051914556,최신경계기하대표점,20260701,0.0,A2100035,경기도의료원파주병원,37.7548802103,126.779637936,11.529945263205967,DISTANCE,715b2b9ad2bd10a15e04fe9d5e29ba12a6926bdfefa8a494a2d2634b39093324,14.024,24.48333333333333,0,성공,2026-08-30T16:29:06+09:00
경기도|파주시,경기도,파주시,37.855790160887366,126.80983051914556,37.855790160887366,126.80983051914556,최신경계기하대표점,20260701,0.0,A2100083,무척조은병원,37.86396621605936,126.78097787974224,2.6911846657285645,DISTANCE,db160f5cb961ca51dd591a5bedef74e7fc56965e60757e3e03ff7ae7f3d9bfb6,3.552,11.383333333333333,0,성공,2026-08-30T16:31:44+09:00
경기도|파주시,경기도,파주시,37.855790160887366,126.80983051914556,37.855790160887366,126.80983051914556,최신경계기하대표점,20260701,0.0,A2100130,문산중앙병원,37.85424810677575,126.78322857702756,2.3418232046959133,DISTANCE,69dedb03b947cb07271bacdb382e54bf686ee9cb7bedad712ac0a716132cede3,3.541,10.416666666666666,0,성공,2026-08-30T16:31:44+09:00
경기도|파주시,경기도,파주시,37.855790160887366,126.80983051914556,37.855790160887366,126.80983051914556,최신경계기하대표점,20260701,0.0,A2100131,메디인병원,37.75804616829998,126.7748532614,11.294675466938545,DISTANCE,174301d1c2ba800c08103a6ec9b6768582c764a51d4fe340db6c56db96204aef,13.802,23.716666666666665,0,성공,2026-08-30T16:31:44+09:00
경기도|평택시,경기도,평택시,37.01573596448127,126.99493597502676,37.01573596448127,126.99493597502676,최신경계기하대표점,20260701,0.0,A2100022,의료법인박애의료재단박애병원,36.99308383421509,127.08907896026508,8.731023111535322,DISTANCE,03a7fcbe829febd07abb4313edc33595a7f6390abfaebdedf594e0187cb0596c,10.026,22.433333333333334,0,성공,2026-08-30T16:31:44+09:00
경기도|평택시,경기도,평택시,37.01573596448127,126.99493597502676,37.01573596448127,126.99493597502676,최신경계기하대표점,20260701,0.0,A2100028,의료법인백송의료재단굿모닝병원,36.9905734199,127.120463688,11.49271436518746,DISTANCE,971758cfd7007dd956eee87a48285b03a5e66b55bfc573c8ea7a5e392e3ceb9f,12.651,31.766666666666666,0,성공,2026-08-30T16:29:48+09:00
경기도|평택시,경기도,평택시,37.01573596448127,126.99493597502676,37.01573596448127,126.99493597502676,최신경계기하대표점,20260701,0.0,A2100255,성심중앙병원,36.9840021910249,126.92773248728592,6.933097807376886,DISTANCE,5f87d72683c58dfbc33a49bbf63f66131462540edefdef03090e6ec39f47b39d,8.196,14.483333333333333,0,성공,2026-08-30T16:31:44+09:00
경기도|평택시,경기도,평택시,37.01573596448127,126.99493597502676,37.01573596448127,126.99493597502676,최신경계기하대표점,20260701,0.0,A2100301,의료법인청파의료재단송탄중앙병원,37.0885408447458,127.0641653404409,10.162773872853041,DISTANCE,dae858fc8369eaec0a518a0b8dd7ff7518e225e90cf3597fb6b9cbb8a35fe8c4,13.443,43.88333333333333,0,성공,2026-08-30T16:31:44+09:00
경기도|평택시,경기도,평택시,37.01573596448127,126.99493597502676,37.01573596448127,126.99493597502676,최신경계기하대표점,20260701,0.0,A2100309,의료법인갈렌의료재단박병원,37.0482647009,127.0570038575,6.590770615683925,DISTANCE,53052a822e8b44fbac27dbf37087d31eee79dd1982ed38b7b84b78fbd31d68e5,9.457,28.7,0,성공,2026-08-30T16:31:44+09:00
경기도|평택시,경기도,평택시,37.01573596448127,126.99493597502676,37.01573596448127,126.99493597502676,최신경계기하대표점,20260701,0.0,A2113246,의료법인양진의료재단평택성모병원,37.008809910565546,127.07371568769604,7.0371102380999435,DISTANCE,97b557f71e17922d058d2843bc9638d253bbe0254578ffaf8712c9c194ef8da3,8.582,16.85,0,성공,2026-08-30T16:29:06+09:00
경기도|포천시,경기도,포천시,37.97010301449183,127.25048310279396,37.97010301449183,127.25048310279396,최신경계기하대표점,20260701,0.0,A2100031,경기도의료원포천병원,37.903264018475866,127.1983186069986,8.72726901605192,DISTANCE,119283b6f1aafeea29e2b4b988c03ab2dd25ab2508df9155d16f2aed9e9a75d7,11.781,24.3,0,성공,2026-08-30T16:29:06+09:00
경기도|포천시,경기도,포천시,37.97010301449183,127.25048310279396,37.97010301449183,127.25048310279396,최신경계기하대표점,20260701,0.0,A2100036,의료법인 일심의료재단 포천우리병원,37.827495913257785,127.1481437183119,18.223168515634594,DISTANCE,19a412b2a9c14b5d0a04f78dc72567013a366b9288f9b1347f0ea7ce634ec921,20.604,39.766666666666666,0,성공,2026-08-30T16:31:44+09:00
경기도|화성시,경기도,화성시,37.16606444650916,126.87285043413456,37.16606444650916,126.87285043413456,최신경계기하대표점,20260701,0.0,A2100018,의료법인은혜와감사의료재단화성중앙종합병원,37.13118966594901,126.910365631779,5.108191229761984,DISTANCE,943aabd58f3656b968dcfb9bca2216ffb3cd90e9c20d49b92df191ca1ac3ddfb,7.357,16.1,0,성공,2026-08-30T16:31:44+09:00
경기도|화성시,경기도,화성시,37.16606444650916,126.87285043413456,37.16606444650916,126.87285043413456,최신경계기하대표점,20260701,0.0,A2100046,한림대학교동탄성심병원,37.216650193541184,127.08000809235828,19.192816646016983,DISTANCE,0e49f20f86afaf237262a45c28b6b13e93f23a30a3eee105e5d85460c7a63d34,23.108,47.6,0,성공,2026-08-30T16:29:50+09:00
경기도|화성시,경기도,화성시,37.16606444650916,126.87285043413456,37.16606444650916,126.87285043413456,최신경계기하대표점,20260701,0.0,A2115699,의료법인원광의료재단원광종합병원,37.2100621333,127.0080345889,12.93597045084134,DISTANCE,4fcdea30ed3adb010bcd0885f84af3e97be702a01dd49b140e094b075e52eb5c,15.921,30.98333333333333,0,성공,2026-08-30T16:31:44+09:00
경기도|화성시,경기도,화성시,37.16606444650916,126.87285043413456,37.16606444650916,126.87285043413456,최신경계기하대표점,20260701,0.0,A2116685,화성유일병원,37.21778332253106,126.83265357240964,6.763918748160059,DISTANCE,14904448171a30a0fa30f8b69e6a6a2eeb3758620d6edb00f96a3186b5a21af5,9.924,20.0,0,성공,2026-08-30T16:31:44+09:00
경상남도|거제시,경상남도,거제시,34.870494992394484,128.6236848224321,34.870494992394484,128.6236848224321,최신경계기하대표점,20260701,0.0,A2800005,의료법인 대우의료재단대우병원,34.87222152119712,128.72216421007292,8.986179338161548,DISTANCE,5241846c01ed4190ceaa536768698855c3954ab34f62290fb617b30f5207817d,10.455,11.666666666666666,0,성공,2026-08-30T16:31:44+09:00
경상남도|거제시,경상남도,거제시,34.870494992394484,128.6236848224321,34.870494992394484,128.6236848224321,최신경계기하대표점,20260701,0.0,A2800008,의료법인 거붕 백병원,34.873675809023304,128.62605696825915,0.41464250215578735,DISTANCE,33dac42af66f9ba64e708bb50250c4399a54faf7403aa90a98ca88c8d6a4fb14,3.903,7.7,0,성공,2026-08-30T16:31:44+09:00
경상남도|거제시,경상남도,거제시,34.870494992394484,128.6236848224321,34.870494992394484,128.6236848224321,최신경계기하대표점,20260701,0.0,A2800022,의료법인 성념의료재단맑은샘병원,34.89793483097861,128.64371778461182,3.5564923869133858,DISTANCE,4c6d6b1197387a64188ac888b91479f1759120083277a5f7a10c274662a55cb5,7.226,13.816666666666666,0,성공,2026-08-30T16:31:44+09:00
경상남도|거창군,경상남도,거창군,35.73256127846652,127.90419681256104,35.73256127846652,127.90419681256104,최신경계기하대표점,20260701,0.0,A2800076,거창적십자병원,35.686801911628535,127.90877080146284,5.104941427645068,DISTANCE,98f3c7fc8ce0bb2633c95a3efb995e0fe053161aa3f82462077e419ff17bb4d6,5.885,14.183333333333334,0,성공,2026-08-30T16:31:44+09:00
경상남도|고성군,경상남도,고성군,35.01565692131164,128.29120945280627,35.01565692131164,128.29120945280627,최신경계기하대표점,20260701,0.0,A2800032,강병원,34.97415924940364,128.32528942283565,5.561407929691341,DISTANCE,a3fe627eca3e96198cd3f589660d2af1a5699b3862d991ca42fe67a0eefbf2d4,5.923,12.066666666666666,0,성공,2026-08-30T16:31:44+09:00
경상남도|고성군,경상남도,고성군,35.01565692131164,128.29120945280627,35.01565692131164,128.29120945280627,최신경계기하대표점,20260701,0.0,A2803447,더조은병원,34.97372179164495,128.3262148441529,5.6489893577130434,DISTANCE,ac2ec1046986d857874fd19445c84fa8c3f93f63855cf62361cab43a66df116e,6.21,12.233333333333333,0,성공,2026-08-30T16:31:44+09:00
경상남도|김해시,경상남도,김해시,35.27194428723572,128.84531370037925,35.27194428723572,128.84531370037925,최신경계기하대표점,20260701,0.0,A2800006,의료법인숭인의료재단 김해복음병원,35.2304897832,128.8935457971,6.358434725118236,DISTANCE,abb5e8247e4cf9b4e80084634872758c0fea7d54793d2c09fe794eefcb18dd0e,7.704,14.816666666666666,0,성공,2026-08-30T16:29:52+09:00
경상남도|김해시,경상남도,김해시,35.27194428723572,128.84531370037925,35.27194428723572,128.84531370037925,최신경계기하대표점,20260701,0.0,A2800010,의료법인환명의료재단 조은금강병원,35.2623038386,128.8615781975,1.8246889490221674,DISTANCE,4be95b8a720ccbbea8189fa7c1fee328f4703b4d5e8cae5832f9b5190072a685,2.839,4.566666666666666,0,성공,2026-08-30T16:29:06+09:00
경상남도|김해시,경상남도,김해시,35.27194428723572,128.84531370037925,35.27194428723572,128.84531370037925,최신경계기하대표점,20260701,0.0,A2800014,의료법인갑을의료재단 갑을장유병원,35.208667155880995,128.80564300531228,7.904852497213966,DISTANCE,0c53e5ee42cfce2c0e3c1da4e82fbbc635623dd4359d99700afa55b2626bdfda,13.473,27.716666666666665,0,성공,2026-08-30T16:31:45+09:00
경상남도|김해시,경상남도,김해시,35.27194428723572,128.84531370037925,35.27194428723572,128.84531370037925,최신경계기하대표점,20260701,0.0,A2800063,의료법인 지평의료재단 메가병원,35.19136230343627,128.80394805433366,9.716121852600144,DISTANCE,569225e45776559fea73470dca25ce0c5e7e6ad9503b4f3db56eb15e2887bff9,14.174,31.716666666666665,0,성공,2026-08-30T16:31:45+09:00
경상남도|김해시,경상남도,김해시,35.27194428723572,128.84531370037925,35.27194428723572,128.84531370037925,최신경계기하대표점,20260701,0.0,A2800146,의료법인신의료재단김해삼승병원,35.226730571,128.8821901808,6.040658638201047,DISTANCE,68ba4c419acf8c9aa6c9cfa55f47f0374d49d7f0d5584f302b2c4cde458cfbfa,7.266,18.48333333333333,0,성공,2026-08-30T16:31:45+09:00
경상남도|김해시,경상남도,김해시,35.27194428723572,128.84531370037925,35.27194428723572,128.84531370037925,최신경계기하대표점,20260701,0.0,A2803677,강일병원,35.2567043538,128.869611099,2.7817226524081993,DISTANCE,c6afb0884ed76cd15cb0fff22a4433f4f36825ebdfbb85127d9a275d5cad14d1,3.644,6.9,0,성공,2026-08-30T16:31:45+09:00
경상남도|남해군,경상남도,남해군,34.809696628845806,127.92719332460268,34.809696628845806,127.92719332460268,최신경계기하대표점,20260701,0.0,A2800094,의료법인 이도의료재단 남해병원,34.84640603127717,127.89425156305388,5.069793756307496,DISTANCE,9a7a1ccb864aac716935c9348647f27384fd5be9dfd908c2fe6c403c24b82286,6.732,11.983333333333333,0,성공,2026-08-30T16:31:45+09:00
경상남도|밀양시,경상남도,밀양시,35.498075743901104,128.78932671286933,35.498075743901104,128.78932671286933,최신경계기하대표점,20260701,0.0,A2800042,행복한병원,35.37461994215032,128.7114865036199,15.433105464002193,DISTANCE,4b9b348408ae14db632e9d0a08c490257ccdab452ca5993cf341a97cba47c927,19.824,25.266666666666666,0,성공,2026-08-30T16:31:45+09:00
경상남도|밀양시,경상남도,밀양시,35.498075743901104,128.78932671286933,35.498075743901104,128.78932671286933,최신경계기하대표점,20260701,0.0,A2800057,의료법인 생명사랑의료재단 밀양윤병원,35.48468031922943,128.75564526263582,3.393700526219427,DISTANCE,2b30d44d02aae42e147f1528e2503394a612823de2c0a60ed5b27f75a7b5a0b0,4.732,10.233333333333333,0,성공,2026-08-30T16:31:45+09:00
경상남도|밀양시,경상남도,밀양시,35.498075743901104,128.78932671286933,35.498075743901104,128.78932671286933,최신경계기하대표점,20260701,0.0,A2800113,밀양병원,35.48717798967958,128.7485700045556,3.8837443234039495,DISTANCE,31f2c675b7544fbabe9147a0a3a840b7a24598ade076a26691f1fca03918671c,5.464,11.183333333333334,0,성공,2026-08-30T16:31:45+09:00
경상남도|사천시,경상남도,사천시,35.0505155,128.0396185,35.0505155,128.0396185,최신경계기하대표점,20260701,0.0,A2800068,의료법인승연의료재단 삼천포서울병원,34.93302179207928,128.08012015415227,13.575669261668711,DISTANCE,8d57f4fc9c81f075e263b9361c8abe2473216c171669899c762b8874bb3f7c9c,15.967,27.95,0,성공,2026-08-30T16:31:45+09:00
경상남도|사천시,경상남도,사천시,35.0505155,128.0396185,35.0505155,128.0396185,최신경계기하대표점,20260701,0.0,A2800101,삼천포제일병원,34.9375392862,128.0795128117,13.077454733628365,DISTANCE,5ab53410037b4521225046f105230e4ea27bca94d7e34d6d4114197c60db03c2,15.345,25.78333333333333,0,성공,2026-08-30T16:31:45+09:00
경상남도|사천시,경상남도,사천시,35.0505155,128.0396185,35.0505155,128.0396185,최신경계기하대표점,20260701,0.0,A2804216,하나병원,35.0822158154719,128.086480599028,5.533100779093423,DISTANCE,86ec073119c67e77eeff5760add97bb02540c351b6eff2d9aba3d542b5abbc99,6.747,11.9,0,성공,2026-08-30T16:31:45+09:00
경상남도|산청군,경상남도,산청군,35.36858684622744,127.88434240878992,35.392316583127766,127.88426916250012,최신경계기하대표점:도로탐색보정,20260701,2.638634709851751,E2800380,산청군보건의료원,35.4160463200281,127.88419591621032,2.638634704937229,DISTANCE,965fc01a682e35fabb3ee57dd183c087922a46d1ccdbb919e8c75011e6a87c7b,3.868,9.916666666666666,0,성공,2026-08-30T16:31:45+09:00
경상남도|양산시,경상남도,양산시,35.40201818043826,129.0412768814506,35.40201818043826,129.0412768814506,최신경계기하대표점,20260701,0.0,A2800011,양산부산대학교병원,35.32781996751182,129.00588613550423,8.852613926312884,DISTANCE,b272138d24b12a0a27c9bcf5534355933b2ffb1eabcb24d70d695a59108a630a,11.639,21.216666666666665,0,성공,2026-08-30T16:29:06+09:00
경상남도|양산시,경상남도,양산시,35.40201818043826,129.0412768814506,35.40201818043826,129.0412768814506,최신경계기하대표점,20260701,0.0,A2800019,베데스다복음병원,35.3532221786617,129.04356811738057,5.429842897768884,DISTANCE,8665415baeaf84aa06bb8d9eff9cc7a43471a94cda7ec8c39e6acd70aa5dd776,7.856,18.933333333333334,0,성공,2026-08-30T16:31:45+09:00
경상남도|양산시,경상남도,양산시,35.40201818043826,129.0412768814506,35.40201818043826,129.0412768814506,최신경계기하대표점,20260701,0.0,A2803867,본바른병원,35.3269948206,129.0152648627,8.669263367825023,DISTANCE,f0a731b2a49534d16e958bc88d0ef4ba81e4453ca3b6988dbe4cbf1454393fff,11.404,21.633333333333333,0,성공,2026-08-30T16:31:45+09:00
경상남도|양산시,경상남도,양산시,35.40201818043826,129.0412768814506,35.40201818043826,129.0412768814506,최신경계기하대표점,20260701,0.0,A2804593,양산성모병원,35.4063127806528,129.164516842928,11.179858502595847,DISTANCE,9a472a97b392dd529f4cd2425d1c7da33a7c2438315579fd5b18e640353eb0b8,24.235,38.766666666666666,0,성공,2026-08-30T16:31:45+09:00
경상남도|의령군,경상남도,의령군,35.392282676015725,128.27736803565872,35.392282676015725,128.27736803565872,최신경계기하대표점,20260701,0.0,A2800090,의령병원,35.31860563079656,128.2586798056445,8.365980423721574,DISTANCE,c12221bbedba08dee4fcc47091ab8799f4da146df847fb36c013213259148d01,11.878,19.78333333333333,0,성공,2026-08-30T16:31:45+09:00
경상남도|진주시,경상남도,진주시,35.20514289476305,128.12980989536575,35.20514289476305,128.12980989536575,최신경계기하대표점,20260701,0.0,A2800001,경상국립대학교병원,35.17634016550792,128.09564813723503,4.460327722388443,DISTANCE,297bdce81d10bf3469ba9fca3193ee82e5ecd106c111aae4e84ea83772f3f838,5.393,14.483333333333333,0,성공,2026-08-30T16:29:57+09:00
경상남도|진주시,경상남도,진주시,35.20514289476305,128.12980989536575,35.20514289476305,128.12980989536575,최신경계기하대표점,20260701,0.0,A2800003,제일병원,35.1793997485,128.0899464997,4.616917292859863,DISTANCE,5f1992d9643d8681a853765491358f5ccc72b86a2aef7910de6561efac9fc34a,5.524,16.016666666666666,0,성공,2026-08-30T16:29:57+09:00
경상남도|진주시,경상남도,진주시,35.20514289476305,128.12980989536575,35.20514289476305,128.12980989536575,최신경계기하대표점,20260701,0.0,A2800015,의료법인 문병욱의료재단 진주고려병원,35.17849131749577,128.09223855742437,4.520948028948606,DISTANCE,2e95271fa99f2b22e9f2498e4d8eb132348459a312b6716f2f7ebb718d1867ff,5.421,15.783333333333331,0,성공,2026-08-30T16:31:45+09:00
경상남도|진주시,경상남도,진주시,35.20514289476305,128.12980989536575,35.20514289476305,128.12980989536575,최신경계기하대표점,20260701,0.0,A2800037,진주복음병원,35.185376569664825,128.06939115519654,5.913724555129612,DISTANCE,2a4f64828bd720e5d427756edfa83f123d5b5d3ccdf6da53493c71244979627d,7.749,20.266666666666666,0,성공,2026-08-30T16:31:45+09:00
경상남도|진주시,경상남도,진주시,35.20514289476305,128.12980989536575,35.20514289476305,128.12980989536575,최신경계기하대표점,20260701,0.0,A2800043,한일병원,35.16696519825003,128.128547657113,4.246715678580113,DISTANCE,9cc3c54fc0c5437eee112cd334d9c1620129519de754c9d4729aef89a311d3ac,6.066,13.616666666666667,0,성공,2026-08-30T16:29:06+09:00
경상남도|진주시,경상남도,진주시,35.20514289476305,128.12980989536575,35.20514289476305,128.12980989536575,최신경계기하대표점,20260701,0.0,A2800044,진주세란병원,35.17448762105697,128.09295064588534,4.778987115636898,DISTANCE,7d0a83953c02afccc5a5981bd0e11cf9b76a3b165ebf58c166a7d71c8fc71bbc,5.898,16.566666666666666,0,성공,2026-08-30T16:31:45+09:00
경상남도|진주시,경상남도,진주시,35.20514289476305,128.12980989536575,35.20514289476305,128.12980989536575,최신경계기하대표점,20260701,0.0,A2800045,의료법인 바른의료재단 바른병원,35.179208158439586,128.09170475475878,4.506257626815968,DISTANCE,93065dcce1b474a3f0bdb8f838168da5459133844ab50eb7c01347d1bf3daba0,5.399,14.183333333333334,0,성공,2026-08-30T16:31:45+09:00
경상남도|진주시,경상남도,진주시,35.20514289476305,128.12980989536575,35.20514289476305,128.12980989536575,최신경계기하대표점,20260701,0.0,A2800084,반도병원,35.19175352096591,128.08828232510143,4.056464260947199,DISTANCE,d774230634c031f4a93ad3006907da696d788aa576b6a68d1cf9e244934c819a,5.87,14.95,0,성공,2026-08-30T16:31:45+09:00
경상남도|창녕군,경상남도,창녕군,35.50858156968058,128.49288091342007,35.50858156968058,128.49288091342007,최신경계기하대표점,20260701,0.0,A2800062,태황의료재단한성병원,35.5421522771,128.4934147264,3.733204922416226,DISTANCE,bd33beb1580f8c26b193d039111e35abc788af494e58578c5eb14b21adf340b0,5.287,13.25,0,성공,2026-08-30T16:31:45+09:00
경상남도|창원시,경상남도,창원시,35.20038261696353,128.59931328488352,35.20038261696353,128.59931328488352,최신경계기하대표점,20260701,0.0,A2800004,창원파티마병원,35.2372418321,128.6444852768,5.799719679849075,DISTANCE,2b78ad8ebdbd1028d93dd77c11b4d227b839e8cbcdef834980d11174e7a39650,8.435,13.133333333333333,0,성공,2026-08-30T16:29:59+09:00
경상남도|창원시,경상남도,창원시,35.20038261696353,128.59931328488352,35.20038261696353,128.59931328488352,최신경계기하대표점,20260701,0.0,A2800007,창원한마음병원,35.2379796340839,128.699059273138,9.978947254504318,DISTANCE,8d7ff4d3e495046b05a79387acbb7d83617dac65cdeb7f2d2bdaf6dc6da36753,12.101,25.383333333333333,0,성공,2026-08-30T16:29:59+09:00
경상남도|창원시,경상남도,창원시,35.20038261696353,128.59931328488352,35.20038261696353,128.59931328488352,최신경계기하대표점,20260701,0.0,A2800009,의료법인청아의료재단청아병원,35.24798366104159,128.50971731844322,9.70827406951763,DISTANCE,e9f268f336dda2863ec5432840ab59db7bb652456e4732d5d517bd50d5faf2a1,14.911,26.2,0,성공,2026-08-30T16:31:45+09:00
경상남도|창원시,경상남도,창원시,35.20038261696353,128.59931328488352,35.20038261696353,128.59931328488352,최신경계기하대표점,20260701,0.0,A2800012,근로복지공단 창원병원,35.21861866618743,128.6715437456084,6.868412190443643,DISTANCE,57b3ec489212e6c7950c8a4433d3edb9a958b20bfa408b5d2b6abe3898c06323,8.658,14.55,0,성공,2026-08-30T16:31:46+09:00
경상남도|창원시,경상남도,창원시,35.20038261696353,128.59931328488352,35.20038261696353,128.59931328488352,최신경계기하대표점,20260701,0.0,A2800017,의료법인합포의료재단에스엠지연세병원,35.18635329986849,128.56163160027907,3.7627394308532387,DISTANCE,4e379792361c98b7feacff2c69fe7b3d712d5c85487eadf5ba063a6f9e44042a,10.567,20.05,0,성공,2026-08-30T16:29:07+09:00
경상남도|창원시,경상남도,창원시,35.20038261696353,128.59931328488352,35.20038261696353,128.59931328488352,최신경계기하대표점,20260701,0.0,A2800018,의료법인석영의료재단창원제일종합병원,35.199036071110854,128.56772923734115,2.873714892559527,DISTANCE,fc7185e1d6b29f42b9940c75f147feba0e5a4c4888e86de74fef1f43ae923583,9.349,17.916666666666668,0,성공,2026-08-30T16:31:46+09:00
경상남도|창원시,경상남도,창원시,35.20038261696353,128.59931328488352,35.20038261696353,128.59931328488352,최신경계기하대표점,20260701,0.0,A2800020,학교법인성균관대학삼성창원병원,35.242599227316994,128.592430520838,4.73572553860408,DISTANCE,b0b8236cbe970d8d8ac75996c69bd4a46223185a84fce1a029c081cbbe192cc2,9.118,16.95,0,성공,2026-08-30T16:29:59+09:00
경상남도|창원시,경상남도,창원시,35.20038261696353,128.59931328488352,35.20038261696353,128.59931328488352,최신경계기하대표점,20260701,0.0,A2800021,연세에스병원,35.1547321003,128.6983352518,10.33267805726233,DISTANCE,fd0cf3ee2d4228356302139cf460fda993ec0579479f0aa47906173b3d394328,14.093,20.75,0,성공,2026-08-30T16:31:46+09:00
경상남도|창원시,경상남도,창원시,35.20038261696353,128.59931328488352,35.20038261696353,128.59931328488352,최신경계기하대표점,20260701,0.0,A2800025,경상남도마산의료원,35.19906819846745,128.56551976148475,3.0740463942296845,DISTANCE,c9bf424ca944703c2e917cb2b10257f4098eb515bc7b944d1a6fec1d616d43a4,9.574,18.4,0,성공,2026-08-30T16:31:46+09:00
경상남도|창원시,경상남도,창원시,35.20038261696353,128.59931328488352,35.20038261696353,128.59931328488352,최신경계기하대표점,20260701,0.0,A2803505,창원경상국립대학교병원,35.19921298418469,128.7078072393552,9.858899448703706,DISTANCE,8696c084eb36b05e2b0116ed05cf5f2611f9b5171b2b16e28895d26ef7c1a742,13.159,22.9,0,성공,2026-08-30T16:29:59+09:00
경상남도|통영시,경상남도,통영시,34.82611274821184,128.3746863705182,34.82611274821184,128.3746863705182,최신경계기하대표점,20260701,0.0,A2800092,새통영병원,34.86535758722789,128.4206525557243,6.052997007968835,DISTANCE,4720a86f7d0bc24aff03f057119385b843e633ec43ac64fd50be2fc33d330600,9.707,16.4,0,성공,2026-08-30T16:31:46+09:00
경상남도|하동군,경상남도,하동군,35.13757242595975,127.7794116940999,35.13757242595975,127.7794116940999,최신경계기하대표점,20260701,0.0,A2800826,하동중앙의원,35.07144347237017,127.75322730361016,7.729384750830965,DISTANCE,a7c14f1182a21397c747f9bc0f7f45c07e10b13038a8c82bcd31a2860e7965b2,17.397,29.616666666666667,0,성공,2026-08-30T16:31:46+09:00
경상남도|함안군,경상남도,함안군,35.29115882043452,128.43125131876363,35.29115882043452,128.43125131876363,최신경계기하대표점,20260701,0.0,A2800138,시영의료재단 영동병원,35.308982637512486,128.51554361153526,7.9021261114548675,DISTANCE,827333ae31011929d2ee2cf71c89bc17918adb30333025f803586cd3819b0e9f,11.021,15.15,0,성공,2026-08-30T16:31:46+09:00
경상남도|함양군,경상남도,함양군,35.551596650539054,127.72189413082812,35.551596650539054,127.72189413082812,최신경계기하대표점,20260701,0.0,A2800080,함양성심병원,35.52046827900683,127.72924773802184,3.5246928332635052,DISTANCE,e71f15e7674813c5c273a4ca88067636add648e777b2018ff198797a5b893a1e,5.045,16.35,0,성공,2026-08-30T16:31:46+09:00
경상남도|합천군,경상남도,합천군,35.576556544015,128.14171891624522,35.576556544015,128.14171891624522,최신경계기하대표점,20260701,0.0,A2800055,삼성합천병원,35.56635668398722,128.16327169035327,2.2552759183865523,DISTANCE,003bf14683d93cbc8f6fb7385551ba842bd8fae8f6df79e4d779ad042f2c639e,2.5,7.433333333333334,0,성공,2026-08-30T16:31:46+09:00
경상북도|경산시,경상북도,경산시,35.83367726509709,128.80929168762745,35.83367726509709,128.80929168762745,최신경계기하대표점,20260701,0.0,A2700019,의)근원의료재단경산중앙병원,35.80882731345708,128.7401572913474,6.818300539460089,DISTANCE,725887bffb1c4589b66d281938c26b32a17fbd7aea7ee7b10ab185ddfcec233e,10.272,22.6,0,성공,2026-08-30T16:31:46+09:00
경상북도|경산시,경상북도,경산시,35.83367726509709,128.80929168762745,35.83367726509709,128.80929168762745,최신경계기하대표점,20260701,0.0,A2700036,의료법인서명의료재단세명종합병원,35.82621911080917,128.7374074375532,6.533368697905779,DISTANCE,cd3b7149d2cb3cb1e6d3901d5fc278ab1d2d7ebe11c4115c18abd4d4c3cbd716,9.811,18.58333333333333,0,성공,2026-08-30T16:31:46+09:00
경상북도|경주시,경상북도,경주시,35.82659143800053,129.23586421245795,35.82659143800053,129.23586421245795,최신경계기하대표점,20260701,0.0,A2700003,동국대학교의과대학경주병원,35.85839884416154,129.19669937927446,4.997167128897253,DISTANCE,f7dc619c9e33788e98bb26ccede0cf30183def98a8fc00c7a51fbe69a7fa9d2b,6.03,16.5,0,성공,2026-08-30T16:29:07+09:00
경상북도|경주시,경상북도,경주시,35.82659143800053,129.23586421245795,35.82659143800053,129.23586421245795,최신경계기하대표점,20260701,0.0,A2700097,계명대학교경주동산병원,35.84545696334947,129.20964031186756,3.160516940952517,DISTANCE,c6a3e46e0f6a5b5e9bc39e9f55a3176d63060ae202bfcf6567a37d65d2dce40f,3.523,9.633333333333333,0,성공,2026-08-30T16:31:46+09:00
경상북도|고령군,경상북도,고령군,35.73636885858543,128.3057634556702,35.73636885858543,128.3057634556702,최신경계기하대표점,20260701,0.0,A2700070,의료법인영암의료재단고령영생병원,35.72995531573922,128.27201138885076,3.1288858146376586,DISTANCE,47f344304256ce466b4285c7f6b93e8c4404b19fc282c4dbc5b930a00dd69917,4.611,8.616666666666667,0,성공,2026-08-30T16:31:46+09:00
경상북도|구미시,경상북도,구미시,36.207710027191965,128.3554548827065,36.207710027191965,128.3554548827065,최신경계기하대표점,20260701,0.0,A2700007,차의과학대학교부속구미차병원,36.11452808183706,128.34054647885029,10.44744316199392,DISTANCE,cacebab124b0541e4e4796d21042bc7fd1f6b3e7c9d80a7daa0b81e9b4b9d2e5,13.447,26.383333333333333,0,성공,2026-08-30T16:29:07+09:00
경상북도|구미시,경상북도,구미시,36.207710027191965,128.3554548827065,36.207710027191965,128.3554548827065,최신경계기하대표점,20260701,0.0,A2700013,순천향대학교부속구미병원,36.10286857919866,128.38265476387454,11.910864778968556,DISTANCE,d5cf45e6fcd569677fe9a6861c757127226c9d5068e56588800ba639169eae35,17.101,32.05,0,성공,2026-08-30T16:30:05+09:00
경상북도|구미시,경상북도,구미시,36.207710027191965,128.3554548827065,36.207710027191965,128.3554548827065,최신경계기하대표점,20260701,0.0,A2700015,구미강동병원,36.096198858616575,128.42297791647263,13.802228164351634,DISTANCE,f9943274b6afdd6a6b2426c07c95e91114847af32570b7dd17738ef6b2c70f02,17.567,32.65,0,성공,2026-08-30T16:31:46+09:00
경상북도|김천시,경상북도,김천시,36.06054228271047,128.07807597995148,36.06054228271047,128.07807597995148,최신경계기하대표점,20260701,0.0,A2700012,의료법인덕산의료재단김천제일병원,36.13534199566352,128.11882383545816,9.087444856315981,DISTANCE,c21d58dcb763d483547027089ab919a00eced90626649c33f197d48c490e2316,11.115,19.45,0,성공,2026-08-30T16:29:07+09:00
경상북도|김천시,경상북도,김천시,36.06054228271047,128.07807597995148,36.06054228271047,128.07807597995148,최신경계기하대표점,20260701,0.0,A2700018,경상북도김천의료원,36.12249076001089,128.12649330522635,8.14716187350889,DISTANCE,f57e504c8be56ccbdaf039ffc096f3d12b831643322dcc2d89b1bdf4db3eac43,9.448,15.35,0,성공,2026-08-30T16:31:46+09:00
경상북도|문경시,경상북도,문경시,36.69056538123547,128.14882864433375,36.69056538123547,128.14882864433375,최신경계기하대표점,20260701,0.0,A2700006,의료법인동춘의료재단문경제일병원,36.5848214366,128.189771534,12.31261783059441,DISTANCE,5197fc232c20c6c0923170f61cc8269073e3131a30640775bd22df0be8828151,18.375,25.716666666666665,0,성공,2026-08-30T16:29:07+09:00
경상북도|봉화군,경상북도,봉화군,36.93447845825107,128.91302867139464,36.93447845825107,128.91302867139464,최신경계기하대표점,20260701,0.0,A2700071,봉화해성병원,36.89170700324608,128.73350079244224,16.654544042102717,DISTANCE,02d07754379b183e59377702474437fadca9c5d9ad89166033356724836ae707,19.534,20.45,0,성공,2026-08-30T16:31:46+09:00
경상북도|상주시,경상북도,상주시,36.42949864141076,128.06694205767292,36.42949864141076,128.06694205767292,최신경계기하대표점,20260701,0.0,A2700009,의료법인삼백의료재단상주성모병원,36.42029125774357,128.15973341130405,8.365064147018838,DISTANCE,2053a19b9af603bc6191cb32be90636b40f6809f627930cb92c7c2d6eba46104,12.102,22.25,0,성공,2026-08-30T16:31:46+09:00
경상북도|상주시,경상북도,상주시,36.42949864141076,128.06694205767292,36.42949864141076,128.06694205767292,최신경계기하대표점,20260701,0.0,A2700011,상주적십자병원,36.414640776098,128.15560122041242,8.102963860556248,DISTANCE,4468d11dd1315ccbd88db780d89e9ce332dfe3aa8335c57459b621c9926b1101,11.193,18.316666666666663,0,성공,2026-08-30T16:31:46+09:00
경상북도|성주군,경상북도,성주군,35.90703626745889,128.2342014490066,35.90703626745889,128.2342014490066,최신경계기하대표점,20260701,0.0,A2700030,의료법인석촌의료재단성주병원,35.91869489182473,128.28669967111344,4.902390728115347,DISTANCE,da9f9019087bc73744f3be2628b6620be6d2d9e43acd660d84a0762dccf46541,5.195,6.616666666666666,0,성공,2026-08-30T16:31:46+09:00
경상북도|안동시,경상북도,안동시,36.58025852589,128.7800188922888,36.58025852589,128.7800188922888,최신경계기하대표점,20260701,0.0,A2700001,경상북도안동의료원,36.56826733448251,128.73213342858523,4.479183493353898,DISTANCE,55f9c70a8d1c4f234b0b7b291a32e9b3269ff577c8d4ed45a41cc57113301f43,5.461,11.25,0,성공,2026-08-30T16:31:46+09:00
경상북도|안동시,경상북도,안동시,36.58025852589,128.7800188922888,36.58025852589,128.7800188922888,최신경계기하대표점,20260701,0.0,A2700004,안동성소병원,36.56712693337398,128.72245351866204,5.343924404203344,DISTANCE,1fce53d572aaf1075c56932c342ac9b8517981c28d28fcb9000b7ef23e4fd98a,6.167,12.316666666666666,0,성공,2026-08-30T16:29:08+09:00
경상북도|안동시,경상북도,안동시,36.58025852589,128.7800188922888,36.58025852589,128.7800188922888,최신경계기하대표점,20260701,0.0,A2700014,의료법인안동병원,36.54691448006022,128.70097021920307,7.974318176757303,DISTANCE,ae7e08bcc5f7103961bd12d7c2b147cfc1df0d5481acf54ec1f5b4354147049a,9.038,18.016666666666666,0,성공,2026-08-30T16:30:08+09:00
경상북도|영덕군,경상북도,영덕군,36.48249200192048,129.3179712261013,36.50356992465585,129.36013452182522,최신경계기하대표점:도로탐색보정,20260701,4.438388715336878,A2700073,영덕아산병원,36.52464784739123,129.4022978175491,4.437517462140724,DISTANCE,39b63c9a52b93fe482c4973746bea734f973b09aee74f688b88f3407835e46fc,9.216,16.35,0,성공,2026-08-30T16:31:46+09:00
경상북도|영양군,경상북도,영양군,36.6971689336282,129.1451319049594,36.70615204537811,129.1451319049594,최신경계기하대표점:도로탐색보정,20260701,0.9988764520714528,A2700026,의료법인명성의료재단영양병원,36.66257764096643,129.1173135291313,5.443333771527317,DISTANCE,ed742717bd0d5cb3ab5aef3ebb459772e9f87a0b0ecd2493ff4b29e43c3d42f2,7.037,13.483333333333333,0,성공,2026-08-30T16:31:46+09:00
경상북도|영주시,경상북도,영주시,36.87044009602999,128.59785389126728,36.87044009602999,128.59785389126728,최신경계기하대표점,20260701,0.0,A2700020,영주자인병원,36.815947445861305,128.60561041705353,6.0984924098118425,DISTANCE,51ec13bc152582a6553508cca3f992bb685ce261c87ec2a418da32bfb177a6fb,8.319,17.616666666666667,0,성공,2026-08-30T16:31:46+09:00
경상북도|영주시,경상북도,영주시,36.87044009602999,128.59785389126728,36.87044009602999,128.59785389126728,최신경계기하대표점,20260701,0.0,A2700031,영주기독병원,36.82516126894279,128.62114810991983,5.444749262609239,DISTANCE,b89014fd73b4bba12d88f59d4bc816bfc8d2c77157dd379d19dd2499b1186f9a,6.894,12.516666666666667,0,성공,2026-08-30T16:31:46+09:00
경상북도|영주시,경상북도,영주시,36.87044009602999,128.59785389126728,36.87044009602999,128.59785389126728,최신경계기하대표점,20260701,0.0,A2702752,영주적십자병원,36.8252579707,128.6040034927,5.053735013746842,DISTANCE,82ad41c7e3a0a6d2d67cbb2ba2150fd8d492ea8b9282496db0efa3b5a039812c,7.506,11.966666666666669,0,성공,2026-08-30T16:31:46+09:00
경상북도|영천시,경상북도,영천시,36.01568959961574,128.94248612638108,36.01568959961574,128.94248612638108,최신경계기하대표점,20260701,0.0,A2700017,영남대학교의과대학부속영천병원,35.957320739100794,128.91305328332228,7.009791517923093,DISTANCE,7f394597bafb50a1b08f68377daa0e8fa69f625a0956104134b9096b8750f9ef,8.466,19.216666666666665,0,성공,2026-08-30T16:31:46+09:00
경상북도|예천군,경상북도,예천군,36.65416313289635,128.4226021604269,36.65416313289635,128.4226021604269,최신경계기하대표점,20260701,0.0,A2700023,의료법인서준의료재단예천권병원,36.65741644988633,128.45890491333589,3.258516419413031,DISTANCE,522a83d79ab93095c0285c5bca4a68816a4dd6711aacae498d694ae3a334ad2a,4.387,10.95,0,성공,2026-08-30T16:31:46+09:00
경상북도|울릉군,경상북도,울릉군,37.50231831001224,130.8638460211066,37.48999409591214,130.89056931308798,최신경계기하대표점:도로탐색보정,20260701,2.7269192064217544,E2700553,울릉군보건의료원,37.48588602454544,130.89947707708177,0.9090478161532437,DISTANCE,e4137e5b710433cc68782e6bb6cdd1e81b8f1d069b356ee04eb3e83492468cd1,1.949,5.233333333333333,0,성공,2026-08-30T16:31:47+09:00
경상북도|울진군,경상북도,울진군,36.904233730161,129.31296900374187,36.904233730161,129.31296900374187,최신경계기하대표점,20260701,0.0,A2700052,울진군의료원,36.99264955966117,129.40949155236495,13.04715756006761,DISTANCE,905ed9af61cd5e164780f8fd653c314c6200d231c4a3a901dbcab1c693b8f405,41.11,97.26666666666668,0,성공,2026-08-30T16:31:47+09:00
경상북도|의성군,경상북도,의성군,36.36199824698405,128.61519716148192,36.36199824698405,128.62635232656123,최신경계기하대표점:도로탐색보정,20260701,0.9988764515166932,A2700063,의료법인영제의료재단영남제일병원,36.38925516777733,128.43429486266444,17.45962422273562,DISTANCE,a54bc0d113560545c7d05e1776ef777cf8c0098b826a497645a58cca26df5c14,29.514,43.98333333333333,0,성공,2026-08-30T16:31:47+09:00
경상북도|청도군,경상북도,청도군,35.672526709985625,128.78568569652575,35.672526709985625,128.78568569652575,최신경계기하대표점,20260701,0.0,A2700038,의료법인대남의료재단청도대남병원,35.64871261648798,128.73711323398672,5.1252868957838205,DISTANCE,50fac85da5363b64341849f095d929b253e9defc51d4697cb8819bcfcd08e157,5.889,12.416666666666666,0,성공,2026-08-30T16:31:47+09:00
경상북도|청송군,경상북도,청송군,36.35715198827636,129.05736806524598,36.35715198827636,129.05736806524598,최신경계기하대표점,20260701,0.0,E2700554,청송군보건의료원,36.43104059070308,129.0526608512385,8.226833733530322,DISTANCE,bb030f747bd2c0132372f2ea5138f5bfe8a1a70e84c533b58890d99bdab9d851,11.224,15.183333333333334,0,성공,2026-08-30T16:31:47+09:00
경상북도|칠곡군,경상북도,칠곡군,36.01565735561221,128.46301760285223,36.01565735561221,128.46301760285223,최신경계기하대표점,20260701,0.0,A2700066,의료법인왜관병원,35.99606388888889,128.4015222222222,5.945216201754727,DISTANCE,cd201c4d71afae8773e512a1704786dfd9a3bc224477129d16e9975da1240402,8.844,18.166666666666668,0,성공,2026-08-30T16:31:47+09:00
경상북도|포항시,경상북도,포항시,36.09316667015994,129.30543464322923,36.09316667015994,129.31655152824172,최신경계기하대표점:도로탐색보정,20260701,0.9988764515262384,A2700002,포항세명기독병원,36.0181008246,129.3615706051,9.2762911469097,DISTANCE,c37572c07093cab75dd20b97c610143762ca6fdb1c3e345668544fcd29793c90,12.663,35.13333333333333,0,성공,2026-08-30T16:30:16+09:00
경상북도|포항시,경상북도,포항시,36.09316667015994,129.30543464322923,36.09316667015994,129.31655152824172,최신경계기하대표점:도로탐색보정,20260701,0.9988764515262384,A2700005,경상북도포항의료원,36.03462413480262,129.3549930430143,7.369850350718882,DISTANCE,10e3eb4196b6dff66e9b83f79553bcafe03736bebd408f7b548ceae3049a3d0c,10.552,23.166666666666668,0,성공,2026-08-30T16:31:47+09:00
경상북도|포항시,경상북도,포항시,36.09316667015994,129.30543464322923,36.09316667015994,129.31655152824172,최신경계기하대표점:도로탐색보정,20260701,0.9988764515262384,A2700008,에스포항병원,36.0348228983,129.3314002552,6.623401658526246,DISTANCE,e1c43e3ef269cff0dc0ced51e18489347c422e14735e3238e9b4b9e86ced8c52,12.272,21.383333333333333,0,성공,2026-08-30T16:31:47+09:00
경상북도|포항시,경상북도,포항시,36.09316667015994,129.30543464322923,36.09316667015994,129.31655152824172,최신경계기하대표점:도로탐색보정,20260701,0.9988764515262384,A2700016,포항성모병원,36.01585627687779,129.33981334567275,8.847210554034618,DISTANCE,e57042bddddfd239d0bfe59de2f866f7dd23e30615183f44956a06417bd42e99,13.902,28.716666666666665,0,성공,2026-08-30T16:29:09+09:00
경상북도|포항시,경상북도,포항시,36.09316667015994,129.30543464322923,36.09316667015994,129.31655152824172,최신경계기하대표점:도로탐색보정,20260701,0.9988764515262384,A2702563,의료법인은성의료재단좋은선린병원,36.04808906149477,129.36704339734024,6.761550687673281,DISTANCE,1e0c1d5e263e0ef7ed4b5569c1506052e7ce0c4a8fb096a1c16523d0ba1566ce,9.152,22.03333333333333,0,성공,2026-08-30T16:31:47+09:00
대구광역시|남구,대구광역시,남구,35.83535001492616,128.58541068335816,35.83535001492616,128.58541068335816,최신경계기하대표점,20260701,0.0,A1300001,영남대학교병원,35.84750592025217,128.58513118547506,1.3519097716454953,DISTANCE,3368063eef0105248965c4f07815a34d6a0263db40a3a544cddd75d937a060bc,2.987,9.8,0,성공,2026-08-30T16:29:09+09:00
대구광역시|남구,대구광역시,남구,35.83535001492616,128.58541068335816,35.83535001492616,128.58541068335816,최신경계기하대표점,20260701,0.0,A1300004,대구가톨릭대학교병원,35.843065593522674,128.56742621424615,1.834168967016296,DISTANCE,250f51e0099704976ad83d446c8be633c2189f97b6e9829fdef8274eaeaf061e,2.683,9.716666666666669,0,성공,2026-08-30T16:30:16+09:00
대구광역시|남구,대구광역시,남구,35.83535001492616,128.58541068335816,35.83535001492616,128.58541068335816,최신경계기하대표점,20260701,0.0,A1300034,드림종합병원,35.8396345121582,128.5743546304414,1.1046478163467879,DISTANCE,b44eae2f1bdb4d4a39a414c17da944f2770d701c57e39050fd4d115ceeb5aff2,1.887,6.25,0,성공,2026-08-30T16:31:47+09:00
대구광역시|남구,대구광역시,남구,35.83535001492616,128.58541068335816,35.83535001492616,128.58541068335816,최신경계기하대표점,20260701,0.0,A1304119,대구예스병원,35.8390085913899,128.578413878887,0.7505370156614325,DISTANCE,835cf3e6d5bd68471096a8868ea3f5c3beab3d67bb877c3b9a84d4ddb87d8fa6,0.944,3.316666666666667,0,성공,2026-08-30T16:31:47+09:00
대구광역시|달서구,대구광역시,달서구,35.827496185671194,128.52853182403024,35.827496185671194,128.52853182403024,최신경계기하대표점,20260701,0.0,A1300003,계명대학교동산병원,35.85388728949212,128.48012966656532,5.258052772893743,DISTANCE,ef8da12718eeaeb8446f1cb5c354093af40214a2b6b1f51d09fcd5beff33af80,6.738,17.616666666666667,0,성공,2026-08-30T16:30:17+09:00
대구광역시|달서구,대구광역시,달서구,35.827496185671194,128.52853182403024,35.827496185671194,128.52853182403024,최신경계기하대표점,20260701,0.0,A1300006,의료법인구의료재단구병원,35.85082313699737,128.54148303217696,2.8444550115234577,DISTANCE,0c86f6e2561a50cd87d1c762a10f8e466625d676daf2017ee20dfe0bcf1c38a0,3.91,11.55,0,성공,2026-08-30T16:31:47+09:00
대구광역시|달서구,대구광역시,달서구,35.827496185671194,128.52853182403024,35.827496185671194,128.52853182403024,최신경계기하대표점,20260701,0.0,A1300011,한국보훈복지의료공단대구보훈병원,35.80313747018647,128.55164640976287,3.4176419213878346,DISTANCE,6f7216dfd02fa027aa69cd3c12c31fd13384dc8599570914caa0d7ed865231b8,4.235,13.433333333333334,0,성공,2026-08-30T16:31:47+09:00
대구광역시|달서구,대구광역시,달서구,35.827496185671194,128.52853182403024,35.827496185671194,128.52853182403024,최신경계기하대표점,20260701,0.0,A1300038,나사렛종합병원,35.8147002604042,128.525094795643,1.4561975015943722,DISTANCE,f327171d016ece3054e09a4de8228e8c293897fb7afe5e1dc145c2143609d5ee,2.671,15.3,0,성공,2026-08-30T16:31:47+09:00
대구광역시|달서구,대구광역시,달서구,35.827496185671194,128.52853182403024,35.827496185671194,128.52853182403024,최신경계기하대표점,20260701,0.0,A1300045,삼일병원,35.8327479530047,128.5538551132049,2.3564499514016055,DISTANCE,18b16dbaa1ec0499063e46ca5e34b567972791b74a47f628e11513bc6cf168d0,3.4,12.85,0,성공,2026-08-30T16:31:47+09:00
대구광역시|달서구,대구광역시,달서구,35.827496185671194,128.52853182403024,35.827496185671194,128.52853182403024,최신경계기하대표점,20260701,0.0,A1300110,더블유병원,35.85264247289801,128.54496871658273,3.1644322283922697,DISTANCE,fc1bb8a2d7a2e42c916175f1b0ca0f0849a0aee06604fafa07810f9d4c289697,4.198,12.383333333333333,0,성공,2026-08-30T16:31:47+09:00
대구광역시|달성군,대구광역시,달성군,35.75950344188209,128.49862795122735,35.75950344188209,128.49862795122735,최신경계기하대표점,20260701,0.0,A1303449,행복한병원,35.69330550768229,128.47043956090056,7.788275632737268,DISTANCE,b67283a8cec57b253187bbbf5f8e6c221ab55dd69aa6a1a51dd7f40cddf37b18,8.528,11.183333333333334,0,성공,2026-08-30T16:31:47+09:00
대구광역시|동구,대구광역시,동구,35.93457273686532,128.68581567164367,35.93457273686532,128.68581567164367,최신경계기하대표점,20260701,0.0,A1300009,대구파티마병원,35.88393360650045,128.62383509209542,7.92879822693078,DISTANCE,ab11dce0d1151ae7374bfa1dc50da7cfc191ab768e5d3c8c0783d93991f58208,10.493,28.133333333333333,0,성공,2026-08-30T16:29:09+09:00
대구광역시|동구,대구광역시,동구,35.93457273686532,128.68581567164367,35.93457273686532,128.68581567164367,최신경계기하대표점,20260701,0.0,A1300018,강남종합병원,35.88300855242191,128.66345602650745,6.077029660093792,DISTANCE,7de138cd2c7901bf1a821cf21213d8ea73a807d6b4ee449571959e2e811559d0,9.487,19.633333333333333,0,성공,2026-08-30T16:31:47+09:00
대구광역시|동구,대구광역시,동구,35.93457273686532,128.68581567164367,35.93457273686532,128.68581567164367,최신경계기하대표점,20260701,0.0,A1300033,의료법인백천의료재단바로본병원,35.86845464452633,128.61518371219722,9.722413110166116,DISTANCE,ccb999ed58feecbf63cc74400176a2c037c78ed66285e3b8d0aa6cf4d2d044b4,12.767,37.0,0,성공,2026-08-30T16:31:47+09:00
대구광역시|북구,대구광역시,북구,35.92863994221861,128.5773473335572,35.92863994221861,128.5884410404026,최신경계기하대표점:도로탐색보정,20260701,0.9988764515349594,A1300005,대구가톨릭대학교칠곡가톨릭병원,35.934879518784534,128.54925198548904,3.596006154991403,DISTANCE,0a5cd9f4cc34d9107aeae6479e4c5e8fd8d2b7385e4669a9a76c148de3fcd486,8.038,20.216666666666665,0,성공,2026-08-30T16:31:47+09:00
대구광역시|북구,대구광역시,북구,35.92863994221861,128.5773473335572,35.92863994221861,128.5884410404026,최신경계기하대표점:도로탐색보정,20260701,0.9988764515349594,A1300010,칠곡경북대학교병원,35.9560830613237,128.564408469835,3.7406773324746156,DISTANCE,ee26019ae0a87540ca3e971f24a8a758c6cd92ce7c9a22eda83338e50eb0bfb2,6.543,13.183333333333334,0,성공,2026-08-30T16:29:10+09:00
대구광역시|서구,대구광역시,서구,35.87510074017786,128.5496946406443,35.87510074017786,128.5496946406443,최신경계기하대표점,20260701,0.0,A1300007,대구의료원,35.859623434747526,128.5405609266984,1.9076743427511598,DISTANCE,0d9456540081e5c1c2c58c8000d48c8a66403a71d91f571fd180c531a6258153,2.364,9.133333333333333,0,성공,2026-08-30T16:31:47+09:00
대구광역시|서구,대구광역시,서구,35.87510074017786,128.5496946406443,35.87510074017786,128.5496946406443,최신경계기하대표점,20260701,0.0,A1300065,새동산병원,35.87244574101181,128.57238816897004,2.065942770033158,DISTANCE,dd8fe59712b668f644e7ff3c4ee502617271afd60e56b0ac52a0ec19cfec7c5c,3.191,14.25,0,성공,2026-08-30T16:31:47+09:00
대구광역시|서구,대구광역시,서구,35.87510074017786,128.5496946406443,35.87510074017786,128.5496946406443,최신경계기하대표점,20260701,0.0,A1300076,대구굿모닝병원,35.852967092432145,128.574066676267,3.298599726103218,DISTANCE,360ec7c517ce3c7a12cb210897b7c0a36f7eae47fd2e75eef082feeff4726f81,4.779,15.583333333333334,0,성공,2026-08-30T16:31:47+09:00
대구광역시|서구,대구광역시,서구,35.87510074017786,128.5496946406443,35.87510074017786,128.5496946406443,최신경계기하대표점,20260701,0.0,A1303923,더필병원,35.8753003752946,128.555296900418,0.5052555952408208,DISTANCE,75a907cb9c2cbaf79b1990b532a352771b02162190532cfd997af4060a376e9e,0.579,2.8833333333333333,0,성공,2026-08-30T16:31:47+09:00
대구광역시|수성구,대구광역시,수성구,35.83421973565831,128.66136620485366,35.83421973565831,128.66136620485366,최신경계기하대표점,20260701,0.0,A1300081,(재)미리내천주성삼성직수도회천주성삼병원,35.84022544517349,128.70573339664242,4.054801920757028,DISTANCE,54af97b49a0f80a4a18fbfdc624cc589e8fb4d374cf63daad156851b34888ab0,5.144,16.216666666666665,0,성공,2026-08-30T16:31:47+09:00
대구광역시|중구,대구광역시,중구,35.86655359651983,128.59339957737004,35.86655359651983,128.6044845864497,최신경계기하대표점:도로탐색보정,20260701,0.9988764515369511,A1300002,경북대학교병원,35.866235497221616,128.60431466100363,0.0385430968291477,DISTANCE,2ef44657e34a1338bfef9834c192f11e948ac97f4b1afdef8cdc492724d07428,0.315,1.15,0,성공,2026-08-30T16:29:10+09:00
대구광역시|중구,대구광역시,중구,35.86655359651983,128.59339957737004,35.86655359651983,128.6044845864497,최신경계기하대표점:도로탐색보정,20260701,0.9988764515369511,A1300008,곽병원,35.870693147975665,128.58872807724623,1.4925413268677188,DISTANCE,1dbddfc1abdd0d581660c61012b71b69443c5f745e5f6d9698276e69de60dc0e,1.935,6.716666666666667,0,성공,2026-08-30T16:31:47+09:00
대구광역시|중구,대구광역시,중구,35.86655359651983,128.59339957737004,35.86655359651983,128.6044845864497,최신경계기하대표점:도로탐색보정,20260701,0.9988764515369511,A1300063,MS재건병원,35.8718797254,128.6048934753,0.5933834602087857,DISTANCE,7db74b2b0ad33952dec70e0027749000962825f34184ebb6bb067ca6a0d5185d,0.852,3.85,0,성공,2026-08-30T16:31:47+09:00
대구광역시|중구,대구광역시,중구,35.86655359651983,128.59339957737004,35.86655359651983,128.6044845864497,최신경계기하대표점:도로탐색보정,20260701,0.9988764515369511,A1303386,계명대학교대구동산병원,35.869459650891685,128.5829311080459,1.9688590762344915,DISTANCE,f84648f2fb0aa1883f12e8c70d4924364107cbe73720d7c6d1af8c73bacb40e2,3.162,12.3,0,성공,2026-08-30T16:31:47+09:00
대전광역시|대덕구,대전광역시,대덕구,36.41227522816743,127.44045787534972,36.41227522816743,127.44045787534972,최신경계기하대표점,20260701,0.0,A1600004,대전보훈병원,36.4469365928189,127.43940812262,3.855312002335188,DISTANCE,307d27cc2a3bdb4fffb0a9451f02333435dacff74b32ceceb7f9792584440677,6.208,16.416666666666668,0,성공,2026-08-30T16:31:47+09:00
대전광역시|대덕구,대전광역시,대덕구,36.41227522816743,127.44045787534972,36.41227522816743,127.44045787534972,최신경계기하대표점,20260701,0.0,A1600009,근로복지공단대전병원,36.36857686754784,127.42849985514822,4.975533674107108,DISTANCE,949e0ce7cfcc90d1225af2165107c21f2d45f0979ebaf597e903053629b07cfa,7.208,16.216666666666665,0,성공,2026-08-30T16:31:47+09:00
대전광역시|동구,대전광역시,동구,36.32383513263455,127.4750230371952,36.32383513263455,127.4750230371952,최신경계기하대표점,20260701,0.0,A1600003,대전한국병원,36.34831776122198,127.43575049626224,4.448142547254113,DISTANCE,53f28ec2fc0fe7e2fda4172b692ebf9a2074e2f16a45ecbc7dc6505634489cd6,7.026,15.833333333333334,0,성공,2026-08-30T16:31:47+09:00
대전광역시|동구,대전광역시,동구,36.32383513263455,127.4750230371952,36.32383513263455,127.4750230371952,최신경계기하대표점,20260701,0.0,A1600014,대전화병원,36.32899497492114,127.43918933617724,3.2610238494804022,DISTANCE,d97ff4f8d0358b03c76874038f5e254fd022da917b8c834101fc18be7f08fef9,4.56,12.883333333333333,0,성공,2026-08-30T16:31:47+09:00
대전광역시|서구,대전광역시,서구,36.28065949320312,127.3452245655545,36.28065949320312,127.3452245655545,최신경계기하대표점,20260701,0.0,A1600002,학교법인을지학원대전을지대학교병원,36.35506871267816,127.38199955857137,8.905832530505917,DISTANCE,d660ceb7c3cbc91281e3de75d7905e179b8d2ead5038235296730a6b136e490a,11.805,29.183333333333334,0,성공,2026-08-30T16:30:23+09:00
대전광역시|서구,대전광역시,서구,36.28065949320312,127.3452245655545,36.28065949320312,127.3452245655545,최신경계기하대표점,20260701,0.0,A1600006,학교법인건양교육재단건양대학교병원,36.306711701457246,127.34263046359918,2.906187680325641,DISTANCE,8339dea49437ff0af9db8911818f4466cc180093ee4de4f1d326a2598d85dee4,5.37,11.633333333333333,0,성공,2026-08-30T16:29:10+09:00
대전광역시|서구,대전광역시,서구,36.28065949320312,127.3452245655545,36.28065949320312,127.3452245655545,최신경계기하대표점,20260701,0.0,A1602246,대청병원,36.308286328996566,127.37055327992432,3.8196660689308075,DISTANCE,138a72804eee65910a8e1b542939d98bbb8a9c03570cb111ad6bdd344c18fd25,5.684,11.85,0,성공,2026-08-30T16:31:47+09:00
대전광역시|유성구,대전광역시,유성구,36.37683498126362,127.33298037053096,36.37683498126362,127.33298037053096,최신경계기하대표점,20260701,0.0,A1600007,의료법인영훈의료재단유성선병원,36.37535496572087,127.32491359339664,0.7407127505267703,DISTANCE,ab09a3f1fd45318699cc0fc88d5376f42ca214c1d5af49c5b0b1d50840f33a03,3.427,5.4,0,성공,2026-08-30T16:29:10+09:00
대전광역시|중구,대전광역시,중구,36.280747339353326,127.41130792339467,36.280747339353326,127.41130792339467,최신경계기하대표점,20260701,0.0,A1600001,충남대학교병원,36.31696055071064,127.41546133417684,4.043891751264517,DISTANCE,ad63900da54d14f8e210654b95ff71bdab07035fcf9a9e7a62f01944b3ca214f,8.669,23.5,0,성공,2026-08-30T16:29:10+09:00
대전광역시|중구,대전광역시,중구,36.280747339353326,127.41130792339467,36.280747339353326,127.41130792339467,최신경계기하대표점,20260701,0.0,A1600005,학교법인가톨릭학원가톨릭대학교대전성모병원,36.32302490017959,127.42027313317438,4.769205769363388,DISTANCE,854e4af923e3860231ac48d6f39f169f7f92f7235ca6629340495afc84db42c0,9.73,26.816666666666663,0,성공,2026-08-30T16:30:24+09:00
대전광역시|중구,대전광역시,중구,36.280747339353326,127.41130792339467,36.280747339353326,127.41130792339467,최신경계기하대표점,20260701,0.0,A1600008,의료법인영훈의료재단대전선병원,36.3359621088938,127.41011056508802,6.140539626147313,DISTANCE,f3f349be89742dc0ab91aa8e3db332576a84b1038cbe334c40b3cd1435524a83,10.36,31.95,0,성공,2026-08-30T16:30:24+09:00
부산광역시|금정구,부산광역시,금정구,35.25901543782271,129.09174371656826,35.25901543782271,129.09174371656826,최신경계기하대표점,20260701,0.0,A1200081,의료법인 라움의료재단 세웅병원,35.214424760113644,129.10408278932294,5.083322798473374,DISTANCE,0fab16274590e3468dbc299c3252f03f758581de71a12cfa80d7421b33a902be,6.134,18.1,0,성공,2026-08-30T16:31:48+09:00
부산광역시|기장군,부산광역시,기장군,35.29700483882162,129.20152905071893,35.29700483882162,129.20152905071893,최신경계기하대표점,20260701,0.0,A1200015,동남권원자력의학원원자력병원,35.3218426986741,129.2443306989,4.7656879350745065,DISTANCE,ba45d512d6101396c7b6587b07425429ecb40705d5c5919b19cd06d09abefed1,8.973,16.716666666666665,0,성공,2026-08-30T17:04:10+09:00
부산광역시|기장군,부산광역시,기장군,35.29700483882162,129.20152905071893,35.29700483882162,129.20152905071893,최신경계기하대표점,20260701,0.0,A1200028,(의)서일의료재단기장병원,35.23602946449906,129.21649161387128,6.914894664278991,DISTANCE,1f4b747dc8e81e54f6615b086247ef84f8dc38d7f29a21f891f5a20450c48866,8.981,19.6,0,성공,2026-08-30T16:31:48+09:00
부산광역시|남구,부산광역시,남구,35.126268753053424,129.0940968877415,35.126268753053424,129.0940968877415,최신경계기하대표점,20260701,0.0,A1200013,부산성모병원(재단법인 천주교부산교구유지재단),35.110457328247016,129.10919202844133,2.2307183189989512,DISTANCE,4841bde7e9cbb7609ca718fa91b490e3e377017d120ec59920f34f7908a6cffa,4.006,11.066666666666666,0,성공,2026-08-30T16:31:48+09:00
부산광역시|동구,부산광역시,동구,35.12936256571513,129.0446552761767,35.12936256571513,129.0446552761767,최신경계기하대표점,20260701,0.0,A1200017,의료법인정화의료재단 봉생기념병원,35.13085783627095,129.0505708823645,0.5630756772490846,DISTANCE,3a2a29c0c1e664c72f30b83ec9afee8139ec299f16c318fea63a29bf0cd7aa7e,0.779,3.716666666666667,0,성공,2026-08-30T16:31:48+09:00
부산광역시|동구,부산광역시,동구,35.12936256571513,129.0446552761767,35.12936256571513,129.0446552761767,최신경계기하대표점,20260701,0.0,A1200026,좋은문화병원,35.1407239889452,129.05906375734872,1.8200892105607958,DISTANCE,3f14f5828113c1b25ec549a35560cd987d4f364312a8b22f9c48a23d2313c404,2.712,10.233333333333333,0,성공,2026-08-30T16:31:48+09:00
부산광역시|동구,부산광역시,동구,35.12936256571513,129.0446552761767,35.12936256571513,129.0446552761767,최신경계기하대표점,20260701,0.0,A1200027,재단법인일신기독교선교회 일신기독병원,35.13550455261155,129.0545970475024,1.133048400387629,DISTANCE,10f91fadbb1a4c72535ee17cd5a3fdbe4ffd84567b21c1d96b2f2b7a0086c71b,1.3,4.783333333333333,0,성공,2026-08-30T16:31:48+09:00
부산광역시|동구,부산광역시,동구,35.12936256571513,129.0446552761767,35.12936256571513,129.0446552761767,최신경계기하대표점,20260701,0.0,A1200111,세일병원,35.12484866424028,129.0445941872797,0.5019536895298612,DISTANCE,471160ea89bd30ba46750bd30ea2b22a79353e8b7b8eff9a64da8541e28d0014,1.053,4.483333333333333,0,성공,2026-08-30T16:31:48+09:00
부산광역시|동래구,부산광역시,동래구,35.206365466890134,129.0789544854013,35.206365466890134,129.0789544854013,최신경계기하대표점,20260701,0.0,A1200009,의료법인 광혜의료재단 광혜병원,35.207033333333335,129.07113611111112,0.7142088349268121,DISTANCE,1f4ffb86ea7b9c6ad7ea041e247133a0d2433db2127cd24368dbd4e1c937b360,1.603,7.1,0,성공,2026-08-30T16:31:48+09:00
부산광역시|동래구,부산광역시,동래구,35.206365466890134,129.0789544854013,35.206365466890134,129.0789544854013,최신경계기하대표점,20260701,0.0,A1200011,동래봉생병원,35.196946476325536,129.09616660778497,1.882211398547881,DISTANCE,7372e59a96004f6ff77881afbbfa933cd314b7efbe8babde9343ac6116774669,2.292,9.033333333333331,0,성공,2026-08-30T16:31:48+09:00
부산광역시|동래구,부산광역시,동래구,35.206365466890134,129.0789544854013,35.206365466890134,129.0789544854013,최신경계기하대표점,20260701,0.0,A1200018,대동병원,35.204273174435535,129.08021549527504,0.25933293720195055,DISTANCE,643d06f467073e6faa3f02cd35c9dcacf232931b55a304e542318e23f990fb83,0.388,1.9666666666666663,0,성공,2026-08-30T16:29:10+09:00
부산광역시|동래구,부산광역시,동래구,35.206365466890134,129.0789544854013,35.206365466890134,129.0789544854013,최신경계기하대표점,20260701,0.0,A1206845,빌리브세웅병원,35.195932829913,129.108211921917,2.9004518210702863,DISTANCE,18d8e61b186453dd3689f683ed2051759445f5c5fe9ea5e31c06c44853a729d6,3.232,12.25,0,성공,2026-08-30T16:31:48+09:00
부산광역시|부산진구,부산광역시,부산진구,35.16507246021146,129.0431828153446,35.16507246021146,129.0431828153446,최신경계기하대표점,20260701,0.0,A1200001,인제대학교부산백병원,35.146454469689104,129.02057150748325,2.9174427976808417,DISTANCE,c04b378d889211117cb65d6af7cecba21662d6a3493cb23f4c5eb03b513e0cdb,3.757,12.1,0,성공,2026-08-30T16:30:27+09:00
부산광역시|부산진구,부산광역시,부산진구,35.16507246021146,129.0431828153446,35.16507246021146,129.0431828153446,최신경계기하대표점,20260701,0.0,A1200019,학교법인)동의병원,35.169922174960384,129.0767443760438,3.0979980624782253,DISTANCE,f634d9f2b20bfb206d3d2be9783655ca9ad8290b9cbd6c85163117eb4fa9da81,3.95,13.633333333333333,0,성공,2026-08-30T16:31:48+09:00
부산광역시|부산진구,부산광역시,부산진구,35.16507246021146,129.0431828153446,35.16507246021146,129.0431828153446,최신경계기하대표점,20260701,0.0,A1200020,의료법인 온그룹의료재단 온병원,35.15787735996765,129.04998435792845,1.0111307142757269,DISTANCE,62200b10989edfe44c5db50d6b1a8f9d36ce5c3b334e25ccbf2bda8c2bdab2ab,1.428,4.516666666666667,0,성공,2026-08-30T16:29:10+09:00
부산광역시|부산진구,부산광역시,부산진구,35.16507246021146,129.0431828153446,35.16507246021146,129.0431828153446,최신경계기하대표점,20260701,0.0,A1200025,춘해보건대학교병원,35.147036979509224,129.05854773411613,2.4439781903946227,DISTANCE,db8d66671392a0078f72105cc56a311d5172f399636d5895a005faa8d40937c6,3.015,9.533333333333331,0,성공,2026-08-30T16:31:48+09:00
부산광역시|북구,부산광역시,북구,35.23031945992211,129.0241823465681,35.23930257167202,129.0241823465681,최신경계기하대표점:도로탐색보정,20260701,0.9988764520714528,A1200006,의료법인 인당의료재단 부민병원,35.21191431805676,129.0112123286087,3.265367968109978,DISTANCE,9b983b16fd9788e8bd8c69e4e34f1405b5a3612640cfcb9d926cadc87526121e,4.455,12.883333333333333,0,성공,2026-08-30T16:31:48+09:00
부산광역시|북구,부산광역시,북구,35.23031945992211,129.0241823465681,35.23930257167202,129.0241823465681,최신경계기하대표점:도로탐색보정,20260701,0.9988764520714528,A1200045,구포성심병원,35.20971002878793,129.0047510374652,3.734036728121241,DISTANCE,976d796060e0e585e9ba00499e9f0f8fe74c49a5ccf45c38189483b02de44eac,5.308,14.583333333333334,0,성공,2026-08-30T16:31:48+09:00
부산광역시|북구,부산광역시,북구,35.23031945992211,129.0241823465681,35.23930257167202,129.0241823465681,최신경계기하대표점:도로탐색보정,20260701,0.9988764520714528,A1200110,재단법인 베스티안재단 베스티안부산병원,35.235586741528486,129.00862669149657,1.471952059698655,DISTANCE,1402c8ea4a928dcb79e0852cec4a4cc29268cfca85ec64c4da67988d2dbf81e5,2.019,5.616666666666666,0,성공,2026-08-30T16:31:48+09:00
부산광역시|사상구,부산광역시,사상구,35.15802360836226,128.9868891581846,35.15802360836226,128.9868891581846,최신경계기하대표점,20260701,0.0,A1200005,의료법인 은성의료재단 좋은삼선병원,35.1505677387241,129.0081978825217,2.107194715105199,DISTANCE,c745f0b92f5bb7d9ca202ab5b787604261d47817ccfbc4132ed0340cf092290c,2.456,7.283333333333333,0,성공,2026-08-30T16:29:10+09:00
부산광역시|사상구,부산광역시,사상구,35.15802360836226,128.9868891581846,35.15802360836226,128.9868891581846,최신경계기하대표점,20260701,0.0,A1200016,한국보훈복지의료공단 부산보훈병원,35.15333436517864,129.00656514354415,1.8632280033700475,DISTANCE,fc60c3889f5270733bb103ed5b3f859dccbf150c7d9cf193f37bb9e86646a6a6,3.148,10.4,0,성공,2026-08-30T16:31:48+09:00
부산광역시|사상구,부산광역시,사상구,35.15802360836226,128.9868891581846,35.15802360836226,128.9868891581846,최신경계기하대표점,20260701,0.0,A1200101,의료법인센텀의료재단 서부산센텀병원,35.1611949258804,128.98454762202408,0.4119002351635528,DISTANCE,b076f1e6ee9ba5738c0d52b60e8d8ce493fc0a21210cd8ba6ccf408a6bd4df26,0.614,2.4,0,성공,2026-08-30T16:31:48+09:00
부산광역시|사하구,부산광역시,사하구,35.08856133307978,128.97146044957083,35.08856133307978,128.97146044957083,최신경계기하대표점,20260701,0.0,A1200089,큐병원,35.1038694656409,128.973885469813,1.716424933333585,DISTANCE,91afc6447385db1c75449d3131359410b295c82fe21b3d6c933f62a5056c1984,2.442,7.75,0,성공,2026-08-30T17:04:10+09:00
부산광역시|서구,부산광역시,서구,35.10259053471167,129.01479535421402,35.10259053471167,129.01479535421402,최신경계기하대표점,20260701,0.0,A1200002,부산대학교병원,35.10105418267188,129.01922207984205,0.4374453951695943,DISTANCE,bca5a460fcb3b78f3782c0c531e05621a4fcc25ec22813a0f5dd97a75f60af44,0.659,2.183333333333333,0,성공,2026-08-30T16:29:10+09:00
부산광역시|서구,부산광역시,서구,35.10259053471167,129.01479535421402,35.10259053471167,129.01479535421402,최신경계기하대표점,20260701,0.0,A1200003,동아대학교병원,35.12000583968841,129.01760368790897,1.9532695961197593,DISTANCE,f9c1e334d77831dfcf2a2f6afbb0e9d4cd0e41122b2e1c09163a900972e70a55,3.269,12.816666666666666,0,성공,2026-08-30T16:30:29+09:00
부산광역시|서구,부산광역시,서구,35.10259053471167,129.01479535421402,35.10259053471167,129.01479535421402,최신경계기하대표점,20260701,0.0,A1200004,고신대학교복음병원,35.08029169184386,129.01572016067405,2.4809454668676953,DISTANCE,5f701266b376ed3d2c2953f3dfdecee77a813c05fec55c04ebe932e98e683084,4.09,14.466666666666669,0,성공,2026-08-30T16:30:29+09:00
부산광역시|서구,부산광역시,서구,35.10259053471167,129.01479535421402,35.10259053471167,129.01479535421402,최신경계기하대표점,20260701,0.0,A1200021,삼육부산병원,35.11177720675051,129.01074979097717,1.0857789968675113,DISTANCE,04de7a46b2cadfc2d4b57ec41f143e246244347c6a14d058909c7bd872e442df,1.661,5.216666666666667,0,성공,2026-08-30T16:31:48+09:00
부산광역시|수영구,부산광역시,수영구,35.16111932504458,129.11173923251462,35.16111932504458,129.11173923251462,최신경계기하대표점,20260701,0.0,A1200007,비에이치에스한서병원,35.1610460623,129.1128811328,0.10412462098570277,DISTANCE,9bc0623312c1660e6aed8e7ab3164c07be51742aca0a149907683215323c38df,0.432,1.6166666666666667,0,성공,2026-08-30T16:29:11+09:00
부산광역시|수영구,부산광역시,수영구,35.16111932504458,129.11173923251462,35.16111932504458,129.11173923251462,최신경계기하대표점,20260701,0.0,A1200008,의료법인 은성의료재단 좋은강안병원,35.15015905669445,129.11072434834875,1.2222137651322846,DISTANCE,aeeecc56e1905d4364506b01dc23aef4402a1c29695ddd767993971f271d8da1,1.698,6.05,0,성공,2026-08-30T16:31:48+09:00
부산광역시|수영구,부산광역시,수영구,35.16111932504458,129.11173923251462,35.16111932504458,129.11173923251462,최신경계기하대표점,20260701,0.0,A1200098,의료법인 센텀의료재단 센텀종합병원,35.16637129021226,129.11466833709284,0.6418279358759627,DISTANCE,31b813b65896dd468c66c164b9ca44df85c0d0664b73ba10db2ce7187a5e21cd,1.198,5.466666666666667,0,성공,2026-08-30T16:31:48+09:00
부산광역시|연제구,부산광역시,연제구,35.18241896372864,129.08325082007386,35.18241896372864,129.08325082007386,최신경계기하대표점,20260701,0.0,A1200024,부산광역시의료원,35.187312651309654,129.05917919433944,2.254273841062426,DISTANCE,f2cb8bfa7c8addeea90415ea7e7c5ce51d309e21bd1c6a8690f7c726710cf017,3.592,12.233333333333333,0,성공,2026-08-30T16:31:48+09:00
부산광역시|연제구,부산광역시,연제구,35.18241896372864,129.08325082007386,35.18241896372864,129.08325082007386,최신경계기하대표점,20260701,0.0,A1207152,비에스길종합병원,35.1825250869856,129.078426667768,0.43858724639850044,DISTANCE,51550732308d2d482a0410c6e638c68e4e46acad841be807b466faaa2f4dacf3,1.269,4.733333333333333,0,성공,2026-08-30T17:04:10+09:00
부산광역시|영도구,부산광역시,영도구,35.078572548190174,129.06532257497875,35.078572548190174,129.06532257497875,최신경계기하대표점,20260701,0.0,A1200012,의료법인 행도의료재단 해동병원,35.09194298219175,129.04386428258525,2.4541011625585303,DISTANCE,7a4562ac0004436b87c69d033d1956a49b26746916dabb9f6e4403f55ee8e5b7,3.686,12.316666666666666,0,성공,2026-08-30T16:31:49+09:00
부산광역시|영도구,부산광역시,영도구,35.078572548190174,129.06532257497875,35.078572548190174,129.06532257497875,최신경계기하대표점,20260701,0.0,A1200014,영도병원,35.09227119620571,129.04053714557975,2.7214491461187045,DISTANCE,b296a2090b0986bfa66516244bab4cde0f5c461c58c67bbec4a1fd1aea1f6f90,4.176,14.366666666666667,0,성공,2026-08-30T16:31:49+09:00
부산광역시|중구,부산광역시,중구,35.10535717772163,129.0321054066598,35.10535717772163,129.0321054066598,최신경계기하대표점,20260701,0.0,A1200023,재단법인천주교부산교구유지재단 메리놀병원,35.107580971280804,129.03246380102908,0.249414515146278,DISTANCE,e8f1942542429ce0370979859830b771ead359b2aa7447e9ef68c405eae1fd9c,0.267,1.1666666666666667,0,성공,2026-08-30T16:31:49+09:00
부산광역시|해운대구,부산광역시,해운대구,35.19359868449478,129.1537586015892,35.18461557274487,129.14276617674832,최신경계기하대표점:도로탐색보정,20260701,1.41266367151386,A1200022,인제대학교 해운대백병원,35.17334313589264,129.182181239924,3.7952315813418007,DISTANCE,a9500577762a7641833a0cd9f8e872b303b642d16ac89aea3cca80e6e02e0c18,6.243,16.9,0,성공,2026-08-30T16:29:12+09:00
부산광역시|해운대구,부산광역시,해운대구,35.19359868449478,129.1537586015892,35.18461557274487,129.14276617674832,최신경계기하대표점:도로탐색보정,20260701,1.41266367151386,A1200048,효성시티병원,35.18541271514478,129.12145899191526,1.9384060400328633,DISTANCE,52bf9b08e6315f61ff81fb543192c14924ec0ab9298a4cce23ed0ccbb5a330e7,3.988,11.533333333333331,0,성공,2026-08-30T16:31:49+09:00
부산광역시|해운대구,부산광역시,해운대구,35.19359868449478,129.1537586015892,35.18461557274487,129.14276617674832,최신경계기하대표점:도로탐색보정,20260701,1.41266367151386,A1205143,의료법인 인당의료재단 해운대부민병원,35.16142040775608,129.1556561002225,2.8328140003221516,DISTANCE,e88050a6e7d316bee97344b3d9755ede01f7f60ed76752bad04348818bbb39af,3.696,14.1,0,성공,2026-08-30T16:31:49+09:00
서울특별시|강남구,서울특별시,강남구,37.497101180004606,127.06274796143536,37.497101180004606,127.06274796143536,최신경계기하대표점,20260701,0.0,A1100010,삼성서울병원,37.48851613490445,127.08668245340024,2.3173831691758364,DISTANCE,263103c34e2293dbd75ad24c099f8040060f24bbe2d61bf634d065487893b4da,3.491,13.816666666666666,0,성공,2026-08-30T16:30:32+09:00
서울특별시|강남구,서울특별시,강남구,37.497101180004606,127.06274796143536,37.497101180004606,127.06274796143536,최신경계기하대표점,20260701,0.0,A1100015,연세대학교의과대학강남세브란스병원,37.49280698464548,127.04631254186796,1.5265775274592126,DISTANCE,a294b7d592c4ac3db5bdc053764d2b94bb0733ba5c29deef6f48d75c02752d82,2.014,7.683333333333334,0,성공,2026-08-30T16:29:11+09:00
서울특별시|강남구,서울특별시,강남구,37.497101180004606,127.06274796143536,37.497101180004606,127.06274796143536,최신경계기하대표점,20260701,0.0,A1100057,차의과학대학교강남차병원,37.50680002585087,127.03466865188072,2.701597665850251,DISTANCE,32fc60baf894819fb16fab9bc2a23452f60fea0b9f932656287d65330f873431,3.843,13.483333333333333,0,성공,2026-08-30T16:31:49+09:00
서울특별시|강남구,서울특별시,강남구,37.497101180004606,127.06274796143536,37.497101180004606,127.06274796143536,최신경계기하대표점,20260701,0.0,A1100141,강남베드로병원,37.48561217992573,127.0395873429168,2.4098778423080747,DISTANCE,39f3bd59782b1572a2ba0a45d41c723e11f22bf86924554a1641225abe4b0d44,2.778,10.366666666666667,0,성공,2026-08-30T16:31:49+09:00
서울특별시|강남구,서울특별시,강남구,37.497101180004606,127.06274796143536,37.497101180004606,127.06274796143536,최신경계기하대표점,20260701,0.0,A1123234,더드림병원,37.5009902618151,127.050967336445,1.125645362637283,DISTANCE,70d2828ec1468920bda16046ae9450645214b97f5af218eeb425931c507c03c4,1.633,5.733333333333333,0,성공,2026-08-30T16:31:49+09:00
서울특별시|강동구,서울특별시,강동구,37.55051123526563,127.14664986354816,37.55051123526563,127.14664986354816,최신경계기하대표점,20260701,0.0,A1100028,성심의료재단강동성심병원,37.53598408220376,127.13526354631516,1.901873598834371,DISTANCE,c867a887b22ac5cfdc1a958b7e5b8c68e2db33bbb8687a0d9c9a97081d3eaad2,2.523,12.183333333333334,0,성공,2026-08-30T16:30:32+09:00
서울특별시|강동구,서울특별시,강동구,37.55051123526563,127.14664986354816,37.55051123526563,127.14664986354816,최신경계기하대표점,20260701,0.0,A1100043,강동경희대학교병원,37.5520459324005,127.157084787845,0.9355985116802743,DISTANCE,f28a57c4d7c2601ee7580e79a6575cc0b90c8aa0c4c620cd57a20780e481a71e,1.573,6.266666666666667,0,성공,2026-08-30T16:29:11+09:00
서울특별시|강동구,서울특별시,강동구,37.55051123526563,127.14664986354816,37.55051123526563,127.14664986354816,최신경계기하대표점,20260701,0.0,A1100053,한국보훈복지의료공단 중앙보훈병원,37.52822090089664,127.14671886173552,2.4785795610455885,DISTANCE,bd51e1c74cc085c3f4340cefd0158e9c43ee9fa074ed612051dda890ad9167f2,2.934,13.116666666666667,0,성공,2026-08-30T16:30:32+09:00
서울특별시|강북구,서울특별시,강북구,37.64358170012042,127.01115765584105,37.64358170012042,127.01115765584105,최신경계기하대표점,20260701,0.0,A1100030,의료법인성화의료재단대한병원,37.63547043209498,127.02267251878474,1.3570122979582242,DISTANCE,4ae141b924b7de62659afb2887bcbfe8de0c557256a71941d3eeb395cc82c4b6,1.817,7.7,0,성공,2026-08-30T16:31:49+09:00
서울특별시|강북구,서울특별시,강북구,37.64358170012042,127.01115765584105,37.64358170012042,127.01115765584105,최신경계기하대표점,20260701,0.0,A1100172,서울현대병원,37.6402559204261,127.028504374531,1.571492234152101,DISTANCE,b7800c1cf33639b934b22785afe842b6729c64c07e9d60c0f75f0e79357ca028,1.934,9.183333333333334,0,성공,2026-08-30T16:31:49+09:00
서울특별시|강북구,서울특별시,강북구,37.64358170012042,127.01115765584105,37.64358170012042,127.01115765584105,최신경계기하대표점,20260701,0.0,A1121842,강북으뜸병원,37.6254205559935,127.026184524499,2.4143380199479,DISTANCE,4dc1281a695a5515cd6e749f16287639968673b7c2d234be52431fbaf8e34ab7,2.952,11.35,0,성공,2026-08-30T16:31:49+09:00
서울특별시|강서구,서울특별시,강서구,37.56125637135474,126.82270265163504,37.56125637135474,126.82270265163504,최신경계기하대표점,20260701,0.0,A1100036,부민병원,37.55694089289359,126.8509495053918,2.535694043048207,DISTANCE,a4013f3d3b707c528e6e2761dabce4bed72e78673fb46bb9cadf72a19ce2d1b5,2.949,13.933333333333334,0,성공,2026-08-30T16:31:49+09:00
서울특별시|강서구,서울특별시,강서구,37.56125637135474,126.82270265163504,37.56125637135474,126.82270265163504,최신경계기하대표점,20260701,0.0,A1100042,우리들병원,37.56199597494205,126.7963653099318,2.3229351092822994,DISTANCE,59570e867df1f94e644a9507509ab592f188eb0e3e03258af3c767683ee72055,2.572,7.1,0,성공,2026-08-30T16:31:49+09:00
서울특별시|강서구,서울특별시,강서구,37.56125637135474,126.82270265163504,37.56125637135474,126.82270265163504,최신경계기하대표점,20260701,0.0,A1100046,미즈메디병원,37.55225379358291,126.83602535156236,1.5431402442485378,DISTANCE,ac61e2561723c977a850bf6e5ec79f23569d6e189e35c18af09ffe1bf66f936d,2.341,10.8,0,성공,2026-08-30T16:31:49+09:00
서울특별시|강서구,서울특별시,강서구,37.56125637135474,126.82270265163504,37.56125637135474,126.82270265163504,최신경계기하대표점,20260701,0.0,A1117285,강서케이병원,37.5373576230977,126.836699017573,2.9299125010249396,DISTANCE,04a98acda5dcabccbd5f048f58df3990116b406ccf07870d3853a6800cc3c02a,4.197,20.016666666666666,0,성공,2026-08-30T16:31:49+09:00
서울특별시|강서구,서울특별시,강서구,37.56125637135474,126.82270265163504,37.56125637135474,126.82270265163504,최신경계기하대표점,20260701,0.0,A1120796,이화여자대학교의과대학부속서울병원,37.557261149,126.8362659275,1.2754290156888062,DISTANCE,e97517d25f5539e4b564c56d5278271097a76862fc128d3d81e6825da1540fcb,1.626,8.233333333333333,0,성공,2026-08-30T16:29:11+09:00
서울특별시|관악구,서울특별시,관악구,37.46704899502772,126.94604691409374,37.46704899502772,126.94604691409374,최신경계기하대표점,20260701,0.0,A1100041,의료법인서울효천의료재단에이치플러스양지병원,37.48427507045319,126.93253922577289,2.2560601292008053,DISTANCE,32db7f5421182d14136e3be07db5b9894e213066f84edaa4c06f26fde1ae16ff,10.053,25.78333333333333,0,성공,2026-08-30T16:29:11+09:00
서울특별시|관악구,서울특별시,관악구,37.46704899502772,126.94604691409374,37.46704899502772,126.94604691409374,최신경계기하대표점,20260701,0.0,A1100047,강남고려병원,37.4856188363947,126.956781703053,2.2717954084861955,DISTANCE,04ba9077e71d12f0db713d837e906e75cb594d9b99ff4c26feaa6f9230d7d6c3,8.315,22.53333333333333,0,성공,2026-08-30T16:31:49+09:00
서울특별시|관악구,서울특별시,관악구,37.46704899502772,126.94604691409374,37.46704899502772,126.94604691409374,최신경계기하대표점,20260701,0.0,A1100076,강남힐병원,37.4816513439454,126.911648078471,3.4425701807201556,DISTANCE,8af2a26053f56922881e006a35a3786cea37f194d93df12842aa406ce113d727,11.442,29.65,0,성공,2026-08-30T16:31:50+09:00
서울특별시|관악구,서울특별시,관악구,37.46704899502772,126.94604691409374,37.46704899502772,126.94604691409374,최신경계기하대표점,20260701,0.0,A1100148,사랑의병원,37.4796247835746,126.956285774259,1.6648864542189639,DISTANCE,af57c15a4181a1bceed76a46d24807c8f12bd175ee89db1b150804b71dfc2b4b,7.362,18.216666666666665,0,성공,2026-08-30T16:31:50+09:00
서울특별시|광진구,서울특별시,광진구,37.54654577151352,127.08652472901996,37.54654577151352,127.08652472901996,최신경계기하대표점,20260701,0.0,A1100002,건국대학교병원,37.54084479467721,127.0721229093036,1.419187358656025,DISTANCE,fca2f49bcaee4e0ffea1b78c076e8b15163b0d510ddf8d02b512a0366659f78c,2.105,9.05,0,성공,2026-08-30T16:29:11+09:00
서울특별시|광진구,서울특별시,광진구,37.54654577151352,127.08652472901996,37.54654577151352,127.08652472901996,최신경계기하대표점,20260701,0.0,A1100051,혜민병원,37.535315660180416,127.08360130258502,1.2750557996325698,DISTANCE,17c0fea4ed0182cc5c448484547823f931e9cfaf1a9021e6115387c4b32a7154,1.351,4.966666666666667,0,성공,2026-08-30T16:31:50+09:00
서울특별시|구로구,서울특별시,구로구,37.49436400216212,126.8566995427296,37.49436400216212,126.8566995427296,최신경계기하대표점,20260701,0.0,A1100014,고려대학교의과대학부속구로병원,37.49211114525054,126.8847449363546,2.4869494865769632,DISTANCE,d8170c363c57499ff6176c85ca43153bf00f3d90663e50c33140108630a3046d,3.969,10.233333333333333,0,성공,2026-08-30T16:29:12+09:00
서울특별시|구로구,서울특별시,구로구,37.49436400216212,126.8566995427296,37.49436400216212,126.8566995427296,최신경계기하대표점,20260701,0.0,A1100026,구로성심병원,37.49964578669388,126.86636039556484,1.0350453501892822,DISTANCE,f27533ac7192406d8ee287bffc381641f3201bee8b1e42e89fca0c9c913b5da7,2.938,13.0,0,성공,2026-08-30T16:31:50+09:00
서울특별시|금천구,서울특별시,금천구,37.46045045934971,126.90125942913384,37.46045045934971,126.90125942913384,최신경계기하대표점,20260701,0.0,A1100049,희명병원,37.45567063464179,126.90056251863876,0.5350401522621033,DISTANCE,0626ae9228a85a3942c2345bfab048655ab94744f26dbcfae44605e80448ac4c,0.671,2.6166666666666667,0,성공,2026-08-30T16:31:50+09:00
서울특별시|노원구,서울특별시,노원구,37.65208455946551,127.0752536707041,37.65208455946551,127.0752536707041,최신경계기하대표점,20260701,0.0,A1100016,인제대학교상계백병원,37.6485812672986,127.06311619032104,1.137361881778894,DISTANCE,2e1c82102efdc21a6aa26d4f38c8b3234e3c4930d24ed7c329980914bb30a109,1.525,7.15,0,성공,2026-08-30T16:29:12+09:00
서울특별시|노원구,서울특별시,노원구,37.65208455946551,127.0752536707041,37.65208455946551,127.0752536707041,최신경계기하대표점,20260701,0.0,A1100027,한국원자력의학원원자력병원,37.62881598133036,127.08269315796588,2.6689814015628373,DISTANCE,c231f441130f494101450befd1437cc23e452110db40d913cfdf4ee28a092902,3.674,10.316666666666666,0,성공,2026-08-30T16:31:50+09:00
서울특별시|노원구,서울특별시,노원구,37.65208455946551,127.0752536707041,37.65208455946551,127.0752536707041,최신경계기하대표점,20260701,0.0,A1100048,노원을지대학교병원,37.636442927386746,127.07000281991384,1.7996660167165686,DISTANCE,788cbaa32201af10eb30f8c504ee4e7554cbc5222011b2f4c4ca2a5ed2ce8b48,2.371,9.216666666666669,0,성공,2026-08-30T16:30:36+09:00
서울특별시|도봉구,서울특별시,도봉구,37.66917000734109,127.03243779330684,37.66917000734109,127.03243779330684,최신경계기하대표점,20260701,0.0,A1100020,의료법인한전의료재단 한일병원,37.64611570419094,127.02902417950423,2.5810741595668723,DISTANCE,9f89c2167ace7586a82be8be04cc2a9a79d2122c7fbd11e343aaed456e37d511,3.357,12.966666666666669,0,성공,2026-08-30T16:29:12+09:00
서울특별시|동대문구,서울특별시,동대문구,37.58193870861362,127.0552441943268,37.58193870861362,127.0552441943268,최신경계기하대표점,20260701,0.0,A1100001,경희대학교병원,37.5938765502235,127.05183223390304,1.361046147213147,DISTANCE,2b9695a1165d1545435a73e0bc7a8da578c0b3cab011c553ce629dbcf5c12f15,1.88,12.133333333333333,0,성공,2026-08-30T16:30:37+09:00
서울특별시|동대문구,서울특별시,동대문구,37.58193870861362,127.0552441943268,37.58193870861362,127.0552441943268,최신경계기하대표점,20260701,0.0,A1100021,삼육서울병원,37.5879920013054,127.0653288266823,1.1147669831614435,DISTANCE,0db4f0c1ed084977b2beef19e347779f0d5d453969575d28b127cbfb4e0a3ac9,2.262,9.266666666666667,0,성공,2026-08-30T16:29:12+09:00
서울특별시|동대문구,서울특별시,동대문구,37.58193870861362,127.0552441943268,37.58193870861362,127.0552441943268,최신경계기하대표점,20260701,0.0,A1100022,서울특별시동부병원,37.57539886464885,127.03140257525509,2.2233039364011886,DISTANCE,4405feb0cff6b70f131580a0e12303221d2c5c5db63845adec1d6b4bb8afb657,3.201,12.733333333333333,0,성공,2026-08-30T16:31:50+09:00
서울특별시|동대문구,서울특별시,동대문구,37.58193870861362,127.0552441943268,37.58193870861362,127.0552441943268,최신경계기하대표점,20260701,0.0,A1100050,서울성심병원,37.58419129209865,127.04983805981972,0.5382166950129882,DISTANCE,bfcddcae883b5d76a355b1c70e314200a29256f11d2cf62aa9f813f99ffdf243,0.812,3.4833333333333334,0,성공,2026-08-30T16:31:50+09:00
서울특별시|동작구,서울특별시,동작구,37.498969180167904,126.95137995709656,37.498969180167904,126.95137995709656,최신경계기하대표점,20260701,0.0,A1100003,중앙대학교병원,37.50707428493414,126.96079378447554,1.225500126653838,DISTANCE,de858033cd14d3274e0a30f3b12e26e77d6c2e8ef5683dc95d1e862472d738a5,1.923,7.016666666666667,0,성공,2026-08-30T16:29:12+09:00
서울특별시|동작구,서울특별시,동작구,37.498969180167904,126.95137995709656,37.498969180167904,126.95137995709656,최신경계기하대표점,20260701,0.0,A1100040,서울특별시보라매병원,37.4937184009319,126.92404876254014,2.4808731491430356,DISTANCE,811815decbec7e603881bf3dc2b5aa70b8d1eb4fc0b2b09293f8a64055010caa,4.006,13.4,0,성공,2026-08-30T16:30:38+09:00
서울특별시|동작구,서울특별시,동작구,37.498969180167904,126.95137995709656,37.498969180167904,126.95137995709656,최신경계기하대표점,20260701,0.0,A1126226,낭만병원,37.4825469938281,126.981480681968,3.2229425828031717,DISTANCE,f1fc2695ffd994de5ddd781e65c5e9b432f7cf9e1f712a497f655c3796e5cc6d,4.437,15.316666666666666,0,성공,2026-08-30T16:31:50+09:00
서울특별시|마포구,서울특별시,마포구,37.55941238239047,126.90806283305758,37.55941238239047,126.90806283305758,최신경계기하대표점,20260701,0.0,A1100063,신촌연세병원,37.5525892651719,126.933734666413,2.386784325018078,DISTANCE,ca2dec3eba614f7f9a6460ec734661ea861454d1f2f249357429457b09c61f9c,3.145,14.516666666666667,0,성공,2026-08-30T16:31:50+09:00
서울특별시|서대문구,서울특별시,서대문구,37.57741732602496,126.93902072467957,37.57741732602496,126.93902072467957,최신경계기하대표점,20260701,0.0,A1100007,연세대학교의과대학세브란스병원,37.56211711412639,126.94082769649864,1.7087435383172562,DISTANCE,fb03a994bc083dbc3ee8c9039e8c7c0ed859943d207efc2396a7b319d99913bc,2.831,10.316666666666666,0,성공,2026-08-30T16:29:12+09:00
서울특별시|서대문구,서울특별시,서대문구,37.57741732602496,126.93902072467957,37.57741732602496,126.93902072467957,최신경계기하대표점,20260701,0.0,A1100025,의료법인동신의료재단동신병원,37.58110428173239,126.93658306608872,0.46284029923487946,DISTANCE,6f71d1d7015e70688b3173267035cd3338125d1d76346076a1b6c0eac306634c,0.676,2.45,0,성공,2026-08-30T16:31:50+09:00
서울특별시|서초구,서울특별시,서초구,37.4733488413492,127.031585519515,37.4733488413492,127.031585519515,최신경계기하대표점,20260701,0.0,A1100012,학교법인가톨릭학원가톨릭대학교서울성모병원,37.50180080478528,127.00472725970135,3.95281933095696,DISTANCE,1536fac7f0305ae9943f3b9de874e75291974e834515d4530ba14274c7f85ded,6.335,26.45,0,성공,2026-08-30T16:30:40+09:00
서울특별시|서초구,서울특별시,서초구,37.4733488413492,127.031585519515,37.4733488413492,127.031585519515,최신경계기하대표점,20260701,0.0,A1120432,올바로병원,37.4862288033541,127.004386280268,2.794914409117586,DISTANCE,7a79ace592b257b68199f9ffd26cb28171927fd3743b8d057634a7a74cd9406b,5.088,19.666666666666668,0,성공,2026-08-30T16:31:50+09:00
서울특별시|서초구,서울특별시,서초구,37.4733488413492,127.031585519515,37.4733488413492,127.031585519515,최신경계기하대표점,20260701,0.0,A1122033,기쁨병원,37.482713030212,127.018063486739,1.5836607808187857,DISTANCE,a575ac96c220e3152a81827c333473cf52cf71cf5c9b7a74c8c4db37dbcda6c5,3.18,8.55,0,성공,2026-08-30T16:31:50+09:00
서울특별시|성동구,서울특별시,성동구,37.551125328541886,127.04107708980952,37.551125328541886,127.04107708980952,최신경계기하대표점,20260701,0.0,A1100013,한양대학교병원,37.559944533564746,127.04488284061982,1.0364477669213705,DISTANCE,f00b6eeed553282575780d3a4f738abeae43686183975f42d599b0a6c0a04f5c,1.563,4.466666666666667,0,성공,2026-08-30T16:29:13+09:00
서울특별시|성동구,서울특별시,성동구,37.551125328541886,127.04107708980952,37.551125328541886,127.04107708980952,최신경계기하대표점,20260701,0.0,A1122381,재단법인베스티안재단베스티안서울병원,37.5651102845783,127.028019796271,1.934669552687737,DISTANCE,c444d98405b179f019277854d7302e5c55cb389a398b7c01726a5911b61e8fc5,2.667,7.666666666666667,0,성공,2026-08-30T16:31:50+09:00
서울특별시|성북구,서울특별시,성북구,37.60587497524429,127.01806311057958,37.60587497524429,127.01806311057958,최신경계기하대표점,20260701,0.0,A1100008,학교법인 고려중앙학원 고려대학교의과대학부속병원(안암병원),37.58715608002366,127.02647086385966,2.209326291153244,DISTANCE,a430f651e1eb933cf693fb82a54e05105c0d8689fc9993901fc582b0110cd737,3.353,11.766666666666667,0,성공,2026-08-30T16:29:13+09:00
서울특별시|송파구,서울특별시,송파구,37.50509521328679,127.11529234884544,37.50509521328679,127.11529234884544,최신경계기하대표점,20260701,0.0,A1100009,재단법인아산사회복지재단서울아산병원,37.526563966361216,127.10823825113609,2.4669583244118205,DISTANCE,27bd5bd7804cdbc98171900e10334e815c467d5eaee396ac6dda7e36caf127b4,4.318,12.5,0,성공,2026-08-30T16:29:13+09:00
서울특별시|송파구,서울특별시,송파구,37.50509521328679,127.11529234884544,37.50509521328679,127.11529234884544,최신경계기하대표점,20260701,0.0,A1100039,경찰병원,37.49641321356079,127.123487935032,1.2061047350046967,DISTANCE,a76476f77d0512413534f981d34df801582008bdc10854c250190b9a40024849,1.745,8.566666666666666,0,성공,2026-08-30T16:31:50+09:00
서울특별시|송파구,서울특별시,송파구,37.50509521328679,127.11529234884544,37.50509521328679,127.11529234884544,최신경계기하대표점,20260701,0.0,A1125429,강철병원,37.50234558341771,127.09429683872202,1.8771328521590418,DISTANCE,c43020d2b86267a5d59830b36a294afa9af5cc5eaa3818c67a98c47f16f86d79,2.783,10.483333333333333,0,성공,2026-08-30T16:31:50+09:00
서울특별시|양천구,서울특별시,양천구,37.52472460039756,126.85552705735188,37.52472460039756,126.85552705735188,최신경계기하대표점,20260701,0.0,A1100005,이화여자대학교의과대학부속목동병원,37.53654282637804,126.8862159683056,3.0083678171473847,DISTANCE,4706753b0fd4c9a624b139db5f4a942b82c93a996f74a502b1c25e48d6cbf3c0,3.899,13.7,0,성공,2026-08-30T16:29:13+09:00
서울특별시|양천구,서울특별시,양천구,37.52472460039756,126.85552705735188,37.52472460039756,126.85552705735188,최신경계기하대표점,20260701,0.0,A1100019,홍익병원,37.52844147447355,126.8636640030062,0.8280745903197095,DISTANCE,962712b2e1c2ab9c83473a955fceec42c09170854a71b662fa110afafec597b9,1.348,7.3,0,성공,2026-08-30T16:31:50+09:00
서울특별시|양천구,서울특별시,양천구,37.52472460039756,126.85552705735188,37.52472460039756,126.85552705735188,최신경계기하대표점,20260701,0.0,A1100223,서울특별시서남병원,37.51201935883779,126.8331299304024,2.4285320501608827,DISTANCE,dc02484448709ce0735155ab9d9bfd70add9daca77addd6557a4f2fe2f61754e,3.193,12.866666666666667,0,성공,2026-08-30T16:31:50+09:00
서울특별시|영등포구,서울특별시,영등포구,37.52242651798301,126.91030797634794,37.52242651798301,126.91030797634794,최신경계기하대표점,20260701,0.0,A1100011,가톨릭대학교여의도성모병원,37.51827233800711,126.93673129599132,2.3756874595168815,DISTANCE,051d454b8645b30764d931abcc592647f7c72d70720a7a835e3bc567eb29022f,3.584,12.266666666666667,0,성공,2026-08-30T16:30:43+09:00
서울특별시|영등포구,서울특별시,영등포구,37.52242651798301,126.91030797634794,37.52242651798301,126.91030797634794,최신경계기하대표점,20260701,0.0,A1100024,명지성모병원,37.4938507104387,126.89925446922592,3.323707826456509,DISTANCE,15ee7d0cb1f33aa3c6dbdc7727deabf8de98aa87bc309f2981ca0442b9383ce2,4.322,17.266666666666666,0,성공,2026-08-30T16:31:50+09:00
서울특별시|영등포구,서울특별시,영등포구,37.52242651798301,126.91030797634794,37.52242651798301,126.91030797634794,최신경계기하대표점,20260701,0.0,A1100037,대림성모병원,37.49068925436284,126.90716948025135,3.539864940664755,DISTANCE,5a4474561276fd71591d53c1136928aad09faae35daa6d2b7c60663fd70c0a41,4.24,16.983333333333334,0,성공,2026-08-30T16:31:51+09:00
서울특별시|영등포구,서울특별시,영등포구,37.52242651798301,126.91030797634794,37.52242651798301,126.91030797634794,최신경계기하대표점,20260701,0.0,A1100038,한림대학교한강성심병원,37.52346674579277,126.91033000120588,0.11568436253863117,DISTANCE,e9a769d866e5d75e066b85ee2b0d804c7bdfc818b19c86c586a060096e120967,0.381,2.333333333333333,0,성공,2026-08-30T16:31:50+09:00
서울특별시|영등포구,서울특별시,영등포구,37.52242651798301,126.91030797634794,37.52242651798301,126.91030797634794,최신경계기하대표점,20260701,0.0,A1100045,씨엠병원,37.51884832876216,126.90367981067836,0.7071134993055211,DISTANCE,531d4d96a05aacb9721f058cc53559653f9174ad0f0f7f1100694afffbb31d49,1.158,7.383333333333334,0,성공,2026-08-30T16:31:51+09:00
서울특별시|영등포구,서울특별시,영등포구,37.52242651798301,126.91030797634794,37.52242651798301,126.91030797634794,최신경계기하대표점,20260701,0.0,A1100054,성애의료재단성애병원,37.51205044957338,126.92236733617032,1.5692058596551317,DISTANCE,1f31658b78ebf0220de2c0fc3dbc110966134b26847ffab614dc5145f1ae1c9e,2.326,8.366666666666667,0,성공,2026-08-30T16:29:13+09:00
서울특별시|영등포구,서울특별시,영등포구,37.52242651798301,126.91030797634794,37.52242651798301,126.91030797634794,최신경계기하대표점,20260701,0.0,A1100055,한림대학교강남성심병원,37.4932492859,126.9086725295,3.247565796078223,DISTANCE,3a58ce49aa32d3fbd72259384bcdc9dab900b0547dcc5eb4a8dc50d14d90a19b,3.984,15.383333333333333,0,성공,2026-08-30T16:30:43+09:00
서울특별시|영등포구,서울특별시,영등포구,37.52242651798301,126.91030797634794,37.52242651798301,126.91030797634794,최신경계기하대표점,20260701,0.0,A1100163,한강수병원,37.5224047841717,126.890913736375,1.710387041352927,DISTANCE,8d32fc07a0174641345a28988336d2b9700783cbcf13b455495e0bd6d1354676,1.996,9.416666666666666,0,성공,2026-08-30T16:31:51+09:00
서울특별시|영등포구,서울특별시,영등포구,37.52242651798301,126.91030797634794,37.52242651798301,126.91030797634794,최신경계기하대표점,20260701,0.0,A1100255,의료법인인봉의료재단영등포병원,37.526858089517,126.89561402986,1.3863569539734852,DISTANCE,21595c8706d041457ae82a5e8a729323901eaa428335f25a6d265f0601d44a5d,1.722,9.65,0,성공,2026-08-30T16:31:51+09:00
서울특별시|용산구,서울특별시,용산구,37.53123766661841,126.9803744452966,37.53123766661841,126.9803744452966,최신경계기하대표점,20260701,0.0,A1100004,순천향대학교부속서울병원,37.53384172231443,127.00441798640304,2.139803160607404,DISTANCE,8814295f43ed3d28ff7a85954825c46f5e790d3729f73cf93fe4570e0ca28f3f,3.803,13.266666666666667,0,성공,2026-08-30T16:29:13+09:00
서울특별시|은평구,서울특별시,은평구,37.619923280064384,126.92898353339486,37.619923280064384,126.92898353339486,최신경계기하대표점,20260701,0.0,A1100023,의료법인청구성심병원,37.62079154435882,126.91955399169244,0.8360949390522472,DISTANCE,01860c69891dcaf273a297c4e6f5403611459621234a15c98d4f9a0fd1e17d07,1.208,6.666666666666667,0,성공,2026-08-30T16:31:51+09:00
서울특별시|은평구,서울특별시,은평구,37.619923280064384,126.92898353339486,37.619923280064384,126.92898353339486,최신경계기하대표점,20260701,0.0,A1100152,은평연세병원,37.6146922208583,126.917472218592,1.1688965268517815,DISTANCE,72c7db647c690858db38a4f912f4eb77a91083099b996201c9674ad18bb24dea,1.467,6.616666666666666,0,성공,2026-08-30T16:31:51+09:00
서울특별시|은평구,서울특별시,은평구,37.619923280064384,126.92898353339486,37.619923280064384,126.92898353339486,최신경계기하대표점,20260701,0.0,A1117070,최원호병원,37.604769594378,126.923855760856,1.7444995261642289,DISTANCE,961a5cba6071121c8fe7a18fc14b0f71f471d1de6662fe15b9dbd8f5e583a657,2.842,12.816666666666666,0,성공,2026-08-30T16:31:51+09:00
서울특별시|은평구,서울특별시,은평구,37.619923280064384,126.92898353339486,37.619923280064384,126.92898353339486,최신경계기하대표점,20260701,0.0,A1121013,가톨릭대학교은평성모병원,37.63360840972685,126.91615048739686,1.8954943001135363,DISTANCE,1c702327c2038c04d4e12cde593558d19bf4284c3060c59742e074739f8165ba,2.977,13.6,0,성공,2026-08-30T16:29:13+09:00
서울특별시|종로구,서울특별시,종로구,37.59432909802209,126.9776279449155,37.59432909802209,126.9776279449155,최신경계기하대표점,20260701,0.0,A1100006,강북삼성병원,37.56849763123383,126.96793805451702,2.9965609576416856,DISTANCE,5d9d522f1aa60bfc85e09cb77849caa11c5b2fd4d5b411f8b257eb47e1b23ec2,4.112,17.3,0,성공,2026-08-30T16:30:44+09:00
서울특별시|종로구,서울특별시,종로구,37.59432909802209,126.9776279449155,37.59432909802209,126.9776279449155,최신경계기하대표점,20260701,0.0,A1100017,서울대학교병원,37.57966608924356,126.99896308412193,2.4884711872550884,DISTANCE,f6eab2315eea19336ebe84f6bc7ee8bf1249db3b5c9b6fb24a951c450ef08065,3.834,13.866666666666667,0,성공,2026-08-30T16:29:13+09:00
서울특별시|종로구,서울특별시,종로구,37.59432909802209,126.9776279449155,37.59432909802209,126.9776279449155,최신경계기하대표점,20260701,0.0,A1100029,서울적십자병원,37.56715536263689,126.96699861289684,3.163432986493122,DISTANCE,909df030c334d84326e38473ecc043a908d40e90e18f1f6ac072175ce06b2348,4.294,18.966666666666665,0,성공,2026-08-30T16:31:51+09:00
서울특별시|종로구,서울특별시,종로구,37.59432909802209,126.9776279449155,37.59432909802209,126.9776279449155,최신경계기하대표점,20260701,0.0,A1100032,세란병원,37.57534016994642,126.9577071892358,2.745826457850171,DISTANCE,0ea5dcf48e47151bdc57ec8f22fcae7869560718318b788d3882ebfae3124b64,4.708,15.233333333333333,0,성공,2026-08-30T16:31:51+09:00
서울특별시|종로구,서울특별시,종로구,37.59432909802209,126.9776279449155,37.59432909802209,126.9776279449155,최신경계기하대표점,20260701,0.0,A1107402,서울대학교치과병원,37.5804523853297,126.997196437908,2.3138592383382894,DISTANCE,ac2a050b032ca8a1246e698c837cbd86cbe2daa22510aa0cb66a6799cf91c811,4.04,14.916666666666666,0,성공,2026-08-30T16:31:51+09:00
서울특별시|중구,서울특별시,중구,37.56006392624973,126.99565967668003,37.56006392624973,126.99565967668003,최신경계기하대표점,20260701,0.0,A1100052,국립중앙의료원,37.56733955813183,127.00579539705473,1.2052498022265419,DISTANCE,2103efa806a24ec36e87fad42a8b3e4ce5d5c3c4d7630fec9f6806f2aa940571,1.971,6.816666666666666,0,성공,2026-08-30T16:29:13+09:00
서울특별시|중랑구,서울특별시,중랑구,37.59798850514837,127.09308855668512,37.59798850514837,127.09308855668512,최신경계기하대표점,20260701,0.0,A1100035,서울특별시서울의료원,37.61286931510163,127.0980910949257,1.7123485145158168,DISTANCE,69f2b01bd4de8b6e98ae489ce974070d7ef3e1705fb12bd84c566e987ea23fac,2.054,7.283333333333333,0,성공,2026-08-30T16:29:13+09:00
서울특별시|중랑구,서울특별시,중랑구,37.59798850514837,127.09308855668512,37.59798850514837,127.09308855668512,최신경계기하대표점,20260701,0.0,A1100044,녹색병원,37.58362083896108,127.08605546969356,1.7135834023273557,DISTANCE,8fb98ea82615c2ce5c59148989a6f2ce0ce42a7adb66738938bc6622736ac7b7,2.32,9.75,0,성공,2026-08-30T16:31:51+09:00
서울특별시|중랑구,서울특별시,중랑구,37.59798850514837,127.09308855668512,37.59798850514837,127.09308855668512,최신경계기하대표점,20260701,0.0,A1100075,의료법인풍산의료재단동부제일병원,37.60067564592665,127.1090292210168,1.4357972413110578,DISTANCE,201cc4235892e0d7e7ce18d747d40961b16848674e6c8bc98d34a3e5de26d63e,1.623,5.383333333333334,0,성공,2026-08-30T16:31:51+09:00
세종특별자치시|세종시,세종특별자치시,세종시,36.56083626164786,127.25873835841418,36.56083626164786,127.25873835841418,최신경계기하대표점,20260701,0.0,A1800417,의료법인 영제 의료재단 엔케이세종병원,36.47962250753158,127.26225618927695,9.036027264112532,DISTANCE,df755c3e5d1d51c90e30c5148a7fa383fab0bfc6fbb40da4ee037923a5ea09d3,11.947,25.65,0,성공,2026-08-30T16:31:51+09:00
세종특별자치시|세종시,세종특별자치시,세종시,36.56083626164786,127.25873835841418,36.56083626164786,127.25873835841418,최신경계기하대표점,20260701,0.0,A1800441,세종충남대학교병원,36.5195133641377,127.257942661368,4.595446402177713,DISTANCE,f4c4b2bd9e70f1f20d701725f0ca4d3638a4b2d120dfc8b1b6bb6d7f2dd2ea4f,7.439,14.166666666666666,0,성공,2026-08-30T16:29:13+09:00
울산광역시|남구,울산광역시,남구,35.51557430120697,129.32853052734873,35.51557430120697,129.32853052734873,최신경계기하대표점,20260701,0.0,A1700003,울산병원,35.54621707569275,129.32309962689618,3.442579826947203,DISTANCE,ab23a944f8061d0303816e0d074ccff9018e77260c56fb476e6cf28c2391b3d8,5.685,14.5,0,성공,2026-08-30T16:30:46+09:00
울산광역시|남구,울산광역시,남구,35.51557430120697,129.32853052734873,35.51557430120697,129.32853052734873,최신경계기하대표점,20260701,0.0,A1700010,굿모닝병원,35.535010719916684,129.31995893362847,2.2962221272715904,DISTANCE,97ce493def71bb4e523718a615f74c2d13882a7483eb4dc1239aefe8582ee8ec,4.961,15.733333333333333,0,성공,2026-08-30T16:31:51+09:00
울산광역시|남구,울산광역시,남구,35.51557430120697,129.32853052734873,35.51557430120697,129.32853052734873,최신경계기하대표점,20260701,0.0,A1700011,의료법인은성의료재단좋은삼정병원,35.55282641650826,129.26899792409964,6.795377188186132,DISTANCE,b03f04f0857900e2c0c05b5dfb361d85359c60c7e80190206df8323044e0b126,10.641,28.4,0,성공,2026-08-30T16:31:51+09:00
울산광역시|남구,울산광역시,남구,35.51557430120697,129.32853052734873,35.51557430120697,129.32853052734873,최신경계기하대표점,20260701,0.0,A1700023,(의)내경의료재단울산제일병원,35.54823820112527,129.30701143429678,4.1211228002585845,DISTANCE,a3c0cb5cdc7dae60aa7302fe573e8e9db5983fdc22046fa8b8b6bd4d1495315b,7.023,20.9,0,성공,2026-08-30T16:31:51+09:00
울산광역시|남구,울산광역시,남구,35.51557430120697,129.32853052734873,35.51557430120697,129.32853052734873,최신경계기하대표점,20260701,0.0,A1700028,의료법인정안의료재단중앙병원,35.53208761614168,129.3048401436768,2.8227877543123467,DISTANCE,400d1a5d345335c09b96c242fc5827256dc47879687f0fcd6199efc6b099fd27,5.803,16.333333333333332,0,성공,2026-08-30T16:29:13+09:00
울산광역시|동구,울산광역시,동구,35.52532963587321,129.42645815225202,35.52532963587321,129.42645815225202,최신경계기하대표점,20260701,0.0,A1700004,학교법인울산공업학원울산대학교병원,35.5200593154,129.4288047478,0.6233251071136643,DISTANCE,7b9cfca475bb4272d5ebe756d99c4489ef8cfe6c45d9cffd4bf297e0d42a44d3,1.242,4.133333333333334,0,성공,2026-08-30T16:29:13+09:00
울산광역시|북구,울산광역시,북구,35.61036802113422,129.3797657400347,35.61036802113422,129.3797657400347,최신경계기하대표점,20260701,0.0,A1700007,울산엘리야병원,35.62891129475159,129.350630148322,3.344734769412664,DISTANCE,9348a58855d5ce0524dd9f90337d58e31a4c88421bf22c59969b974bb6e04cab,5.044,12.616666666666667,0,성공,2026-08-30T16:31:51+09:00
울산광역시|북구,울산광역시,북구,35.61036802113422,129.3797657400347,35.61036802113422,129.3797657400347,최신경계기하대표점,20260701,0.0,A1700025,의료법인송은의료재단울산시티병원,35.58285370330335,129.35905740278503,3.5869262490839127,DISTANCE,4192199727e7d218a045a442100a9fe551d2ef13d6827c198caa2fd4a6e4fab6,4.759,13.9,0,성공,2026-08-30T16:29:13+09:00
울산광역시|울주군,울산광역시,울주군,35.54596750929242,129.18751842727008,35.54596750929242,129.18751842727008,최신경계기하대표점,20260701,0.0,A1700001,서울산보람병원,35.55991148325753,129.12071299840133,6.239329947334881,DISTANCE,7e8887e90419e70860ff6bd2e2076607e3ab51b418b1edb738219279d570db96,7.556,12.883333333333333,0,성공,2026-08-30T16:31:51+09:00
울산광역시|중구,울산광역시,중구,35.570901339394325,129.3095146582207,35.570901339394325,129.3095146582207,최신경계기하대표점,20260701,0.0,A1700002,의료법인동강의료재단동강병원,35.55340950863559,129.30194290200075,2.062070011352795,DISTANCE,340051d0f117c1d3ae48a19d0188ed2fce0d24682048650627569640669f27fa,4.053,9.366666666666667,0,성공,2026-08-30T16:29:13+09:00
울산광역시|중구,울산광역시,중구,35.570901339394325,129.3095146582207,35.570901339394325,129.3095146582207,최신경계기하대표점,20260701,0.0,A1700036,의료법인에스엠씨의료재단울산세민병원,35.556584160908145,129.33096884743864,2.5100637713686496,DISTANCE,2febb4ac7a919ab58f61c85d6f3f5072be56cbcbfe94b36f9abc1eaf18ea5273,3.623,12.633333333333333,0,성공,2026-08-30T16:31:51+09:00
울산광역시|중구,울산광역시,중구,35.570901339394325,129.3095146582207,35.570901339394325,129.3095146582207,최신경계기하대표점,20260701,0.0,A1701489,의료법인동강의료재단동천동강병원,35.5685460268,129.350477985,3.71424970734878,DISTANCE,80a9e5fef1771b6fddcd5800a52dc3e33d2b0deaf702213fa0990508b4a59c77,5.134,14.95,0,성공,2026-08-30T16:31:51+09:00
인천광역시|강화군,인천광역시,강화군,37.71001764149232,126.40185826422535,37.71001764149232,126.40185826422535,최신경계기하대표점,20260701,0.0,A1403617,비에스종합병원,37.7360530472,126.4857069547,7.92259557255247,DISTANCE,c9fc44ced2608f1f52d2202edc3d5e8d2716d44fd53cb8d18173b2130c768f3e,11.268,23.75,0,성공,2026-08-30T16:31:51+09:00
인천광역시|검단구,인천광역시,검단구,37.59477109999107,126.65079047452332,37.59477109999107,126.65079047452332,최신경계기하대표점,20260701,0.0,A1400005,온누리병원,37.60280557009656,126.65430866269227,0.9456322509232784,DISTANCE,4d1b94b9643b7d0360a61e21a731b3ea598ff10db3950aac4280b50d326cc212,1.272,5.433333333333334,0,성공,2026-08-30T16:31:51+09:00
인천광역시|검단구,인천광역시,검단구,37.59477109999107,126.65079047452332,37.59477109999107,126.65079047452332,최신경계기하대표점,20260701,0.0,A1400010,검단탑병원,37.59241914491385,126.6710400927469,1.8031823873173858,DISTANCE,7d3c38916fc18b5f19247a9fd0c4b15dd3210d3805a98373b1d7c41c12a5c5c9,3.367,9.133333333333333,0,성공,2026-08-30T16:29:14+09:00
인천광역시|계양구,인천광역시,계양구,37.55718861386335,126.73480608043722,37.55718861386335,126.73480608043722,최신경계기하대표점,20260701,0.0,A1400014,의료법인인성의료재단한림병원,37.53218449100167,126.73435495537971,2.7806160719266977,DISTANCE,969cf9f1df111952113d2f603d6bf96be913c6e095ceff98168739eb25af06ed,3.58,13.4,0,성공,2026-08-30T16:30:50+09:00
인천광역시|계양구,인천광역시,계양구,37.55718861386335,126.73480608043722,37.55718861386335,126.73480608043722,최신경계기하대표점,20260701,0.0,A1403121,인천더드림병원,37.53499881280362,126.72225367019578,2.7042013082949885,DISTANCE,59ddd8d9a567a52fe46c237fe95fb4a4f9a4d4cd64a5834af43674e8a8efa60c,4.151,15.683333333333334,0,성공,2026-08-30T16:31:51+09:00
인천광역시|계양구,인천광역시,계양구,37.55718861386335,126.73480608043722,37.55718861386335,126.73480608043722,최신경계기하대표점,20260701,0.0,A1403372,인천세종병원,37.5325382832,126.7368531237,2.746926800141315,DISTANCE,b8713e60919de447e134088546b8388804337e1d224be74e42ab348d61a62990,3.625,13.266666666666667,0,성공,2026-08-30T16:29:14+09:00
인천광역시|남동구,인천광역시,남동구,37.43087634261272,126.72682094301342,37.43087634261272,126.72682094301342,최신경계기하대표점,20260701,0.0,A1400001,의료법인 길의료재단 길병원,37.45208024654252,126.70916173607196,2.826611254348508,DISTANCE,6308bd1cf1cbf61c3f5de8a6609654704b466b5a9fd4c210e28dc7917e9d880b,3.762,12.5,0,성공,2026-08-30T16:29:14+09:00
인천광역시|남동구,인천광역시,남동구,37.43087634261272,126.72682094301342,37.43087634261272,126.72682094301342,최신경계기하대표점,20260701,0.0,A1400045,국제바로병원,37.4655067884563,126.693226276277,4.860383319155589,DISTANCE,8ca59859b254f226255e41483e349d1152771632c2f33f1835dbe6b1485d422b,6.831,24.85,0,성공,2026-08-30T16:31:51+09:00
인천광역시|남동구,인천광역시,남동구,37.43087634261272,126.72682094301342,37.43087634261272,126.72682094301342,최신경계기하대표점,20260701,0.0,A1403871,인천힘찬종합병원,37.4010623210136,126.714686842521,3.484069707437774,DISTANCE,8ee27d3099950299b54b171fbabdded83bce0e0aa68594649191369d7684653b,4.456,12.833333333333334,0,성공,2026-08-30T16:31:51+09:00
인천광역시|미추홀구,인천광역시,미추홀구,37.45282035089728,126.66491578784516,37.45282035089728,126.66491578784516,최신경계기하대표점,20260701,0.0,A1400004,현대유비스병원,37.46174383349464,126.64314168953122,2.1629631618149165,DISTANCE,cd4dcf74faed1153ee379b65268b3a566b1ae090dcb2cfa895daa06b8d9cec45,3.013,10.483333333333333,0,성공,2026-08-30T16:31:51+09:00
인천광역시|미추홀구,인천광역시,미추홀구,37.45282035089728,126.66491578784516,37.45282035089728,126.66491578784516,최신경계기하대표점,20260701,0.0,A1400016,인천사랑병원,37.4620681991805,126.680345104401,1.7065182340341245,DISTANCE,6e59ee5bfbf90509b48e2e7f37b93834e90f14ba75f3ff4b665321d893729648,2.182,7.583333333333333,0,성공,2026-08-30T16:29:14+09:00
인천광역시|미추홀구,인천광역시,미추홀구,37.45282035089728,126.66491578784516,37.45282035089728,126.66491578784516,최신경계기하대표점,20260701,0.0,A1404358,더나눔병원,37.455819376431,126.650142764193,1.3459911541946186,DISTANCE,fff867062f73521078b3012049d1876d05490b8e3d65ba0826dafbaedd5cdf4b,2.554,8.7,0,성공,2026-08-30T16:31:51+09:00
인천광역시|부평구,인천광역시,부평구,37.49664370042857,126.72123608768868,37.49664370042857,126.72123608768868,최신경계기하대표점,20260701,0.0,A1400012,가톨릭대학교 인천성모병원,37.4845586499062,126.724708130675,1.3782697046283974,DISTANCE,2a1f4a3673378c5f04266ae88f90248b53edb726f3db15f43673bd89545cb359,2.372,11.216666666666669,0,성공,2026-08-30T16:30:52+09:00
인천광역시|부평구,인천광역시,부평구,37.49664370042857,126.72123608768868,37.49664370042857,126.72123608768868,최신경계기하대표점,20260701,0.0,A1400013,안은의료재단 부평세림병원,37.50684250997099,126.71994675790395,1.139745175085481,DISTANCE,1add891d1e4d69bddeef56caeb352af796c7066dbe60e96d8638d017cc509d41,1.508,5.066666666666666,0,성공,2026-08-30T16:29:14+09:00
인천광역시|부평구,인천광역시,부평구,37.49664370042857,126.72123608768868,37.49664370042857,126.72123608768868,최신경계기하대표점,20260701,0.0,A1400032,근로복지공단인천병원,37.476349746510174,126.75331590774624,3.619926012852926,DISTANCE,6f62ffa21888f720dffdd0653f522201339665a9cd521b979448c4b4851fc3b1,4.794,17.3,0,성공,2026-08-30T16:31:52+09:00
인천광역시|서해구,인천광역시,서해구,37.530412263267785,126.65288075384171,37.530412263267785,126.65288075384171,최신경계기하대표점,20260701,0.0,A1400003,의료법인 루가의료재단 나은병원,37.4890534064866,126.679450677348,5.161622035023196,DISTANCE,079800cea300f6c76dd120a9fd46026c89e7190604de3f4d71d370bcab4d37f9,7.029,23.45,0,성공,2026-08-30T16:30:52+09:00
인천광역시|서해구,인천광역시,서해구,37.530412263267785,126.65288075384171,37.530412263267785,126.65288075384171,최신경계기하대표점,20260701,0.0,A1400008,(의)성세의료재단 뉴성민병원,37.5089936801167,126.669478649026,2.795530439860688,DISTANCE,79b2164557c65eae1691fc3ceb9b6aa6c7b6edbd94c9df67f2b409b9c3ed01fc,3.791,16.533333333333335,0,성공,2026-08-30T16:31:52+09:00
인천광역시|서해구,인천광역시,서해구,37.530412263267785,126.65288075384171,37.530412263267785,126.65288075384171,최신경계기하대표점,20260701,0.0,A1400015,가톨릭관동대학교국제성모병원,37.54237265391807,126.6836048687878,3.017905226498835,DISTANCE,4e30affa1b12ea34abf38080366376596cfb372c5d4f4fa8be98a918ae49e88d,4.182,12.616666666666667,0,성공,2026-08-30T16:29:14+09:00
인천광역시|연수구,인천광역시,연수구,37.39058594984175,126.64998037054042,37.39058594984175,126.64998037054042,최신경계기하대표점,20260701,0.0,A1400011,의료법인 나사렛의료재단 나사렛국제병원,37.4079911136402,126.67046935782248,2.649794876222509,DISTANCE,8817994b1087d4163d24b3118866711c0d6b46a5ed8a8ebaa81fbf1cb05b3166,3.958,10.75,0,성공,2026-08-30T16:29:14+09:00
인천광역시|연수구,인천광역시,연수구,37.39058594984175,126.64998037054042,37.39058594984175,126.64998037054042,최신경계기하대표점,20260701,0.0,A1400018,인천적십자병원,37.41832023831759,126.6896583217111,4.668372955067346,DISTANCE,32f2116a6ee7bacd8ce15f026a2bc0e5409c11e93475773eb88deb6f334b39ba,6.266,19.383333333333333,0,성공,2026-08-30T17:04:10+09:00
인천광역시|영종구,인천광역시,영종구,37.46905478608139,126.4646552033501,37.46905478608139,126.4646552033501,최신경계기하대표점,20260701,0.0,A1403699,(의)성세의료재단 영종국제병원,37.48847125467195,126.56466845237,9.085613882640676,DISTANCE,fa02e0253f4635de52eda564bb783dbb3a0a8c4a2818248f5a4eb45a5ad155de,12.133,23.5,0,성공,2026-08-30T16:31:52+09:00
인천광역시|옹진군,인천광역시,옹진군,37.95318994889063,124.67426443478864,37.95318994889063,124.67426443478864,최신경계기하대표점,20260701,0.0,A1400037,인천광역시의료원백령병원,37.96801574541532,124.72111307252132,4.425711976677597,DISTANCE,f9470355ef4b7e1ec6ed0d153e27f9f6bc541448e1ba5e76086ac2a59079f2da,5.945,17.2,0,성공,2026-08-30T16:31:52+09:00
인천광역시|제물포구,인천광역시,제물포구,37.46570454264794,126.62336888862924,37.46570454264794,126.62336888862924,최신경계기하대표점,20260701,0.0,A1400002,인하대학교의과대학부속병원,37.4584235016321,126.631868269228,1.1037347611657553,DISTANCE,0b71cc4a3eac7575ab824fe3ac8dc5942df76cff113bae82265b8e01f4b768ff,3.463,10.833333333333334,0,성공,2026-08-30T16:29:14+09:00
인천광역시|제물포구,인천광역시,제물포구,37.46570454264794,126.62336888862924,37.46570454264794,126.62336888862924,최신경계기하대표점,20260701,0.0,A1400007,의료법인 성수의료재단 인천백병원,37.4772581429266,126.648504056866,2.563364180068205,DISTANCE,ea931140357682f2f29619a2bc86f4b34ed1ae1f2de396e0fa6db6a06da9a73d,3.896,19.316666666666663,0,성공,2026-08-30T16:31:52+09:00
인천광역시|제물포구,인천광역시,제물포구,37.46570454264794,126.62336888862924,37.46570454264794,126.62336888862924,최신경계기하대표점,20260701,0.0,A1400009,인천기독병원,37.47122873588076,126.63208102847187,0.9841228839249184,DISTANCE,5423fd2c5ac62c6ad7b90b71979015c44f06c2235be3223c8ab85471f8102bf6,1.968,11.5,0,성공,2026-08-30T16:31:52+09:00
인천광역시|제물포구,인천광역시,제물포구,37.46570454264794,126.62336888862924,37.46570454264794,126.62336888862924,최신경계기하대표점,20260701,0.0,A1400017,인천광역시의료원,37.47884441174466,126.66861045817642,4.25149823555979,DISTANCE,44e522922b62be79142f92881f09a711600706299e7aae491923e80ef370ba9c,5.674,22.65,0,성공,2026-08-30T16:31:52+09:00
전남광주통합특별시|강진군,전남광주통합특별시,강진군,34.61987701207364,126.772231461416,34.61987701207364,126.772231461416,최신경계기하대표점,20260701,0.0,A2600050,전라남도강진의료원,34.63681860822126,126.75789950922356,2.2952944723106063,DISTANCE,ad879524a31e590b5bb7960b054df3e0eba4862da00471d7eb2af10733b86ac5,2.808,8.2,0,성공,2026-08-30T16:31:52+09:00
전남광주통합특별시|고흥군,전남광주통합특별시,고흥군,34.597353567294846,127.31603017052166,34.597353567294846,127.31603017052166,최신경계기하대표점,20260701,0.0,A2600018,의료법인영성의료재단고흥종합병원,34.620393082853,127.293713733344,3.2763554963253227,DISTANCE,3a056af633ac60535903d8079c3351e7b26b69c5f061d76e09430b73503bdd39,3.971,6.816666666666666,0,성공,2026-08-30T16:31:52+09:00
전남광주통합특별시|고흥군,전남광주통합특별시,고흥군,34.597353567294846,127.31603017052166,34.597353567294846,127.31603017052166,최신경계기하대표점,20260701,0.0,A2600068,의료법인장호의료재단녹동현대병원,34.5461939078177,127.14569777683867,16.600700708252866,DISTANCE,1e705f7f4e5aee4c6c95478ba051bd10ff41cec15f72d67ea88fe1ecf9f837fc,19.741,23.95,0,성공,2026-08-30T16:31:52+09:00
전남광주통합특별시|곡성군,전남광주통합특별시,곡성군,35.216658957339355,127.26366455834425,35.22564206908927,127.26366455834425,최신경계기하대표점:도로탐색보정,20260701,0.9988764520714528,A2600029,곡성사랑병원,35.27628370526432,127.2879760334259,6.048367981778679,DISTANCE,99112ef3572f4dccfbc46565275206fa35ee093e4aa10edb72bf239fcc4a05c5,8.336,14.383333333333333,0,성공,2026-08-30T16:31:52+09:00
전남광주통합특별시|광산구,전남광주통합특별시,광산구,35.16501887953593,126.7528274457847,35.17400199128584,126.7528274457847,최신경계기하대표점:도로탐색보정,20260701,0.9988764520714528,A1500004,광주보훈병원,35.207797211036485,126.84947860623932,9.553086461651107,DISTANCE,543ddbbafa97bbb13d85ca3cd8519bb02b8d4f670ec87c80f5a032e39cd951f2,13.974,34.78333333333333,0,성공,2026-08-30T16:31:52+09:00
전남광주통합특별시|광산구,전남광주통합특별시,광산구,35.16501887953593,126.7528274457847,35.17400199128584,126.7528274457847,최신경계기하대표점:도로탐색보정,20260701,0.9988764520714528,A1500006,신가병원,35.177619444444446,126.8298,7.007544729024133,DISTANCE,3bd0c8cfe33ec94b9c3d993b2d90b471e4f0b44990dfddf64c812ec93903eaea,10.288,23.466666666666665,0,성공,2026-08-30T16:31:52+09:00
전남광주통합특별시|광산구,전남광주통합특별시,광산구,35.16501887953593,126.7528274457847,35.17400199128584,126.7528274457847,최신경계기하대표점:도로탐색보정,20260701,0.9988764520714528,A1500011,첨단종합병원,35.22113373578457,126.84530205666944,9.903114660972042,DISTANCE,043e8f87f5a60b7f33157edc2b05b0e6b923652cc5412e7decb43d58c6302269,13.452,29.1,0,성공,2026-08-30T16:30:57+09:00
전남광주통합특별시|광산구,전남광주통합특별시,광산구,35.16501887953593,126.7528274457847,35.17400199128584,126.7528274457847,최신경계기하대표점:도로탐색보정,20260701,0.9988764520714528,A1500017,하남성심병원,35.1664063968,126.800894228816,4.449949250679037,DISTANCE,e6c58c519fd2dab3e57ff8a7ae469364a18a975d32569170c237756c2cb048c3,8.842,18.03333333333333,0,성공,2026-08-30T16:31:52+09:00
전남광주통합특별시|광산구,전남광주통합특별시,광산구,35.16501887953593,126.7528274457847,35.17400199128584,126.7528274457847,최신경계기하대표점:도로탐색보정,20260701,0.9988764520714528,A1500018,광주수완병원,35.19303617477934,126.82420927535313,6.823770467865875,DISTANCE,d34b333335d1e98725a66dc44fa1c1572c7aebe246bf47d2283d5c53b53881b7,10.685,26.966666666666665,0,성공,2026-08-30T16:31:52+09:00
전남광주통합특별시|광산구,전남광주통합특별시,광산구,35.16501887953593,126.7528274457847,35.17400199128584,126.7528274457847,최신경계기하대표점:도로탐색보정,20260701,0.9988764520714528,A1500019,KS병원,35.197963178976366,126.83322475289852,7.77699009808645,DISTANCE,e01268b64e576decd2c4838ea850f33c70b90a3ccfad6b10c61e0f210e58c570,11.41,22.85,0,성공,2026-08-30T16:29:15+09:00
전남광주통합특별시|광산구,전남광주통합특별시,광산구,35.16501887953593,126.7528274457847,35.17400199128584,126.7528274457847,최신경계기하대표점:도로탐색보정,20260701,0.9988764520714528,A1500043,광주열린병원,35.13768234340966,126.79889471288638,5.818056165568631,DISTANCE,957fb5c80e1c087af070859571ec414925e64e3c8ac194f9530f011f70ae36b6,9.86,21.766666666666666,0,성공,2026-08-30T16:31:52+09:00
전남광주통합특별시|광산구,전남광주통합특별시,광산구,35.16501887953593,126.7528274457847,35.17400199128584,126.7528274457847,최신경계기하대표점:도로탐색보정,20260701,0.9988764520714528,A1500071,송정사랑병원,35.13421179794,126.79736841847564,5.997784581460327,DISTANCE,23c8353e1a3b124155b32181c1daa94afd5beb19fd4f2f0e57f91199f0d41b39,10.442,23.6,0,성공,2026-08-30T16:31:52+09:00
전남광주통합특별시|광산구,전남광주통합특별시,광산구,35.16501887953593,126.7528274457847,35.17400199128584,126.7528274457847,최신경계기하대표점:도로탐색보정,20260701,0.9988764520714528,A1502007,광주센트럴병원,35.185893735732634,126.82909951503984,7.0569614297194425,DISTANCE,e5957d5dbe0e96ae8b272a9cefb1717c59d419f80cf143173557e90a748a8cb4,10.517,25.98333333333333,0,성공,2026-08-30T16:31:52+09:00
전남광주통합특별시|광양시,전남광주통합특별시,광양시,35.01931015498559,127.65627718145944,35.01931015498559,127.65627718145944,최신경계기하대표점,20260701,0.0,A2600006,광양사랑병원,34.93614549410383,127.6969510970332,9.96238392410766,DISTANCE,37e02241638b8a52677404f680f76b2779aeb4b5471137e3df02aa1beec8fbf0,13.087,29.6,0,성공,2026-08-30T16:31:52+09:00
전남광주통합특별시|광양시,전남광주통합특별시,광양시,35.01931015498559,127.65627718145944,35.01931015498559,127.65627718145944,최신경계기하대표점,20260701,0.0,A2600024,의료법인현경의료재단광양서울병원,34.957912006875524,127.69055714590516,7.507483001731549,DISTANCE,10686d6204bd82d77d291c65d278a4cdda028a07e542039b66ed94dcc8a9d723,11.371,25.383333333333333,0,성공,2026-08-30T16:31:52+09:00
전남광주통합특별시|구례군,전남광주통합특별시,구례군,35.23697753065534,127.50320448240964,35.24596064240525,127.492206181861,최신경계기하대표점:도로탐색보정,20260701,1.4125855093988726,A2600061,구례병원,35.215900947788214,127.46406009751604,4.20804266401395,DISTANCE,468a1d1f8c9d8e1f3df1fe54fdb085cf042a47766955cd3100bc2d2304a91314,6.108,11.7,0,성공,2026-08-30T16:31:52+09:00
전남광주통합특별시|나주시,전남광주통합특별시,나주시,34.98821073314027,126.7196779673218,34.98821073314027,126.7196779673218,최신경계기하대표점,20260701,0.0,A2600016,나주종합병원,35.03640277777778,126.72143611111112,5.361102475306856,DISTANCE,0b1e1999fa8ff0707dde7e06c5250f423c3636ed9211e0e14784b5d34d8a0ee7,6.532,15.716666666666669,0,성공,2026-08-30T16:31:52+09:00
전남광주통합특별시|나주시,전남광주통합특별시,나주시,34.98821073314027,126.7196779673218,34.98821073314027,126.7196779673218,최신경계기하대표점,20260701,0.0,A2602211,빛가람종합병원,35.024204844204,126.798747430459,8.2389966747243,DISTANCE,0c62e89f52b3d08057e1330a5676df84430cd61786d0c0151107e9d61b250e1f,10.753,21.966666666666665,0,성공,2026-08-30T16:31:52+09:00
전남광주통합특별시|남구,전남광주통합특별시,남구,35.09415402766022,126.85703724384388,35.09415402766022,126.85703724384388,최신경계기하대표점,20260701,0.0,A1500009,광주씨티병원,35.11776253778263,126.8995475485602,4.673916976264504,DISTANCE,52b62b0521c64ea7913b02717ad80a3fbcb41a82baf45a568c59a4125fd784d4,5.636,11.016666666666667,0,성공,2026-08-30T16:31:53+09:00
전남광주통합특별시|남구,전남광주통합특별시,남구,35.09415402766022,126.85703724384388,35.09415402766022,126.85703724384388,최신경계기하대표점,20260701,0.0,A1500013,동아병원,35.1347601218069,126.89990593135208,5.965827047466072,DISTANCE,bd1cff11611845459fc68e03df64c4ecbfcc0b01dc6b194cd7cd31ba06231c69,7.576,17.166666666666668,0,성공,2026-08-30T16:31:53+09:00
전남광주통합특별시|남구,전남광주통합특별시,남구,35.09415402766022,126.85703724384388,35.09415402766022,126.85703724384388,최신경계기하대표점,20260701,0.0,A1500021,광주기독병원,35.136682861070376,126.91198438867642,6.880520758235503,DISTANCE,23430e03354f6e8edd57e58673081d2a1542bf88f42f04cab255b647bb62d5d9,8.662,19.566666666666663,0,성공,2026-08-30T16:31:00+09:00
전남광주통합특별시|남구,전남광주통합특별시,남구,35.09415402766022,126.85703724384388,35.09415402766022,126.85703724384388,최신경계기하대표점,20260701,0.0,A1500078,빛고을전남대학교병원,35.094479626794445,126.89638434544383,3.579999644689471,DISTANCE,f9a949fd089880936add010de6a795fff9bdc67c7c62a01492fe110fea444bcf,5.171,11.266666666666667,0,성공,2026-08-30T16:31:53+09:00
전남광주통합특별시|담양군,전남광주통합특별시,담양군,35.291528442374684,126.99540814743276,35.291528442374684,126.99540814743276,최신경계기하대표점,20260701,0.0,A2600054,담양사랑병원,35.31524596036869,126.98263077003996,2.8809075066943084,DISTANCE,9ef6b59c8b66d3a7c3f8401a5a54bf6e6a23ef2fdb45378c02eb5b2ac48f8f58,3.561,9.016666666666667,0,성공,2026-08-30T16:31:53+09:00
전남광주통합특별시|동구,전남광주통합특별시,동구,35.117443447436806,126.94885657625464,35.117443447436806,126.94885657625464,최신경계기하대표점,20260701,0.0,A1500001,조선대학교병원,35.13854706991291,126.92683853357782,3.084824944527946,DISTANCE,df126371166b86f1de17c54b66a0d82b344bc21bfed011349c6709bdef60fb9b,3.681,10.316666666666666,0,성공,2026-08-30T16:29:15+09:00
전남광주통합특별시|동구,전남광주통합특별시,동구,35.117443447436806,126.94885657625464,35.117443447436806,126.94885657625464,최신경계기하대표점,20260701,0.0,A1500002,전남대학교병원,35.141852541291165,126.92158688926376,3.676516045865947,DISTANCE,5c9520891b017e5392e6ed2eb3e3f08670f23419740e8430dad04fd3e8b32363,4.347,11.85,0,성공,2026-08-30T16:31:01+09:00
전남광주통합특별시|목포시,전남광주통합특별시,목포시,34.80318543989095,126.38904056593,34.80318543989095,126.38904056593,최신경계기하대표점,20260701,0.0,A2600007,의료법인해민의료재단세안종합병원,34.817030098221025,126.380339415525,1.7323307804724748,DISTANCE,39925afb17e429a1a1f4b5845bac4be801c1f26fca9a48d82b32c3760eae2944,2.262,7.516666666666667,0,성공,2026-08-30T16:31:53+09:00
전남광주통합특별시|목포시,전남광주통합특별시,목포시,34.80318543989095,126.38904056593,34.80318543989095,126.38904056593,최신경계기하대표점,20260701,0.0,A2600011,목포한국병원,34.8092145829474,126.4163391650001,2.580973013450018,DISTANCE,e73b163bfbfc5eb8f423dfdb8876ce1f658777c528778197dbbbe08b40e210c2,3.036,8.05,0,성공,2026-08-30T16:29:15+09:00
전남광주통합특별시|목포시,전남광주통합특별시,목포시,34.80318543989095,126.38904056593,34.80318543989095,126.38904056593,최신경계기하대표점,20260701,0.0,A2600017,의료법인목포구암의료재단목포중앙병원,34.8208073192579,126.421380872161,3.543539992743936,DISTANCE,157e3832422a7e6fad2534b5e9cf8a8c035efe0b3b5a0e3d8cb0db24dabeef05,4.508,11.883333333333333,0,성공,2026-08-30T16:31:01+09:00
전남광주통합특별시|목포시,전남광주통합특별시,목포시,34.80318543989095,126.38904056593,34.80318543989095,126.38904056593,최신경계기하대표점,20260701,0.0,A2600020,목포기독병원,34.80450726279005,126.4204245807054,2.8692332540446457,DISTANCE,e3f3449807975f70aa8dc1a02e3fd0ad188574978cf87645d0ca7ef247b913fa,3.575,11.016666666666667,0,성공,2026-08-30T16:31:53+09:00
전남광주통합특별시|목포시,전남광주통합특별시,목포시,34.80318543989095,126.38904056593,34.80318543989095,126.38904056593,최신경계기하대표점,20260701,0.0,A2600022,목포시의료원,34.80395500792446,126.40538707879496,1.4949477573754908,DISTANCE,30887433edaa639773966eebe902fb4dfee641051517c7c7aec4216e1d8a7e39,2.076,5.866666666666666,0,성공,2026-08-30T16:31:53+09:00
전남광주통합특별시|무안군,전남광주통합특별시,무안군,34.956767816671004,126.42267240794835,34.956767816671004,126.42267240794835,최신경계기하대표점,20260701,0.0,A2600003,대송의료재단무안병원,34.99175918279295,126.48926066040336,7.207560609835734,DISTANCE,df18aff3f1f24b8910423fa0baf7308eff14d4b5353b9a52174de42efdfc6cfe,9.038,15.566666666666666,0,성공,2026-08-30T16:31:53+09:00
전남광주통합특별시|보성군,전남광주통합특별시,보성군,34.81456664737201,127.1622259021703,34.81456664737201,127.1622259021703,최신경계기하대표점,20260701,0.0,A2600052,보성아산병원,34.775470518786,127.104284083365,6.847775282775825,DISTANCE,06f95bff8354d5da4c3cabedc4ed3c84757e5d4ea6e2bc3559da30243c76b5a3,10.812,12.783333333333331,0,성공,2026-08-30T16:31:53+09:00
전남광주통합특별시|보성군,전남광주통합특별시,보성군,34.81456664737201,127.1622259021703,34.81456664737201,127.1622259021703,최신경계기하대표점,20260701,0.0,A2600066,의료법인삼호의료재단벌교삼호병원,34.833846754024535,127.34573228719375,16.887242897401883,DISTANCE,2c8016bb371e6eff5924ec98e4203b71e40ab1946784c05a8a92639562b22ef6,25.926,28.933333333333334,0,성공,2026-08-30T16:31:53+09:00
전남광주통합특별시|북구,전남광주통합특별시,북구,35.19290309968029,126.92602659653792,35.19290309968029,126.92602659653792,최신경계기하대표점,20260701,0.0,A1500003,광주현대병원,35.18565646419727,126.89798149528588,2.6729307787884116,DISTANCE,b0f19eadf302dc58f40b00fd4178fcd45487820e5c179cc480d926464f68ca3d,3.038,11.9,0,성공,2026-08-30T16:31:53+09:00
전남광주통합특별시|북구,전남광주통합특별시,북구,35.19290309968029,126.92602659653792,35.19290309968029,126.92602659653792,최신경계기하대표점,20260701,0.0,A1500005,광주일곡병원,35.20286119554041,126.8976085768722,2.809595333425668,DISTANCE,27e7d407c5d56c74c62e691da5c22d72c156667eb07f210f0f8bc68deb301023,4.557,15.25,0,성공,2026-08-30T16:31:53+09:00
전남광주통합특별시|북구,전남광주통합특별시,북구,35.19290309968029,126.92602659653792,35.19290309968029,126.92602659653792,최신경계기하대표점,20260701,0.0,A1500007,광주희망병원,35.21344678097714,126.87471568685204,5.19162440751173,DISTANCE,f26240d7c74eea3ca4311c4c2b8f36ddceeace9270788556dcc5d12d9ce4ac48,8.059,25.666666666666668,0,성공,2026-08-30T16:31:53+09:00
전남광주통합특별시|북구,전남광주통합특별시,북구,35.19290309968029,126.92602659653792,35.19290309968029,126.92602659653792,최신경계기하대표점,20260701,0.0,A1500010,운암한국병원,35.18513334103592,126.86956982285518,5.202724817220993,DISTANCE,46ff082a775acac4b4194bbe5312573c6cf8601ad0642f3bd896223d9d5b11fe,6.063,23.933333333333334,0,성공,2026-08-30T16:31:53+09:00
전남광주통합특별시|북구,전남광주통합특별시,북구,35.19290309968029,126.92602659653792,35.19290309968029,126.92602659653792,최신경계기하대표점,20260701,0.0,A1500015,광주병원,35.178949208210625,126.9281507303555,1.563563864988701,DISTANCE,b712dc06d93d55e8f0b8fccd7adb1f98c1b60cde0c98e510335be890291d725d,2.079,7.75,0,성공,2026-08-30T16:31:53+09:00
전남광주통합특별시|북구,전남광주통합특별시,북구,35.19290309968029,126.92602659653792,35.19290309968029,126.92602659653792,최신경계기하대표점,20260701,0.0,A1500057,해피뷰병원,35.15846280570811,126.9066923373126,4.213522240842237,DISTANCE,072669d35a2587720acb4d96145a270e08cac8aebe538927b5fa02db1b799b72,5.237,21.416666666666668,0,성공,2026-08-30T16:31:53+09:00
전남광주통합특별시|서구,전남광주통합특별시,서구,35.13564448055729,126.85072152317328,35.13564448055729,126.85072152317328,최신경계기하대표점,20260701,0.0,A1500014,미래로21병원,35.14102639112141,126.88528864095338,3.199694468998245,DISTANCE,fb7fc8f1da0c74562d7c589ad20f97a5630c0da3bb71c8513d17ec9634a8cc88,3.951,11.416666666666666,0,성공,2026-08-30T16:31:53+09:00
전남광주통합특별시|서구,전남광주통합특별시,서구,35.13564448055729,126.85072152317328,35.13564448055729,126.85072152317328,최신경계기하대표점,20260701,0.0,A1500016,광주한국병원,35.15618108764772,126.86880878336213,2.814108037680099,DISTANCE,3a7b59e9ba3607b0e6dc5f7b711982a41b97f9be6874ac79202202ea38fa1c46,3.886,11.316666666666666,0,성공,2026-08-30T16:31:53+09:00
전남광주통합특별시|서구,전남광주통합특별시,서구,35.13564448055729,126.85072152317328,35.13564448055729,126.85072152317328,최신경계기하대표점,20260701,0.0,A1500020,서광병원,35.132568331498724,126.85552710578938,0.5549497089576987,DISTANCE,d669fb32432a64a7b7437fa381f7d4ca9c8e912999b4f33b729336d0f559c34d,0.781,3.583333333333333,0,성공,2026-08-30T16:29:17+09:00
전남광주통합특별시|서구,전남광주통합특별시,서구,35.13564448055729,126.85072152317328,35.13564448055729,126.85072152317328,최신경계기하대표점,20260701,0.0,A1500022,상무병원,35.15242290709782,126.85391840686486,1.8881841497301144,DISTANCE,b5d256d11fedd3b7a8f3a25a7f07feb405c162b4db68c1b73239e1745970f679,2.39,9.766666666666667,0,성공,2026-08-30T16:31:53+09:00
전남광주통합특별시|서구,전남광주통합특별시,서구,35.13564448055729,126.85072152317328,35.13564448055729,126.85072152317328,최신경계기하대표점,20260701,0.0,A1502006,선한병원,35.161551665649306,126.88702689023856,4.3811529208855795,DISTANCE,f38f25e31da2cb27cdd133db7f04d0ab0263358d097066e151fdc1f2f828c633,5.992,18.416666666666668,0,성공,2026-08-30T16:31:53+09:00
전남광주통합특별시|순천시,전남광주통합특별시,순천시,34.99469571642701,127.38940089352648,34.99469571642701,127.40036653729696,최신경계기하대표점:도로탐색보정,20260701,0.9988764515687446,A2600004,순천중앙병원,34.95165645129011,127.4844113418781,9.03022185458378,DISTANCE,7efcb17e5d29fce964d04b3a4ad213d055e218ac2e12df3f8e8597b8874a84e0,11.427,26.516666666666666,0,성공,2026-08-30T16:31:54+09:00
전남광주통합특별시|순천시,전남광주통합특별시,순천시,34.99469571642701,127.38940089352648,34.99469571642701,127.40036653729696,최신경계기하대표점:도로탐색보정,20260701,0.9988764515687446,A2600005,의료법인한국의료재단한국병원,34.947741459842966,127.51235838977138,11.462544103015299,DISTANCE,81c57de14ca4bf239b01d4023182034350e45232e56e58fd0adc5107027f2c4d,14.351,33.666666666666664,0,성공,2026-08-30T16:31:54+09:00
전남광주통합특별시|순천시,전남광주통합특별시,순천시,34.99469571642701,127.38940089352648,34.99469571642701,127.40036653729696,최신경계기하대표점:도로탐색보정,20260701,0.9988764515687446,A2600008,순천제일병원,34.95422459893048,127.52385648056844,12.118228137353626,DISTANCE,62ebeecedc41e6650b75292db925f611442cb5894efec2ff5117cd04a3991a93,22.276,33.88333333333333,0,성공,2026-08-30T16:31:54+09:00
전남광주통합특별시|순천시,전남광주통합특별시,순천시,34.99469571642701,127.38940089352648,34.99469571642701,127.40036653729696,최신경계기하대표점:도로탐색보정,20260701,0.9988764515687446,A2600012,근로복지공단순천병원,34.960325022571,127.524525911996,11.940397431439031,DISTANCE,758bd65a01752936fdd4ad5c3ec80f1d467fff7d49373fa384879d0f735ca88e,21.521,31.73333333333333,0,성공,2026-08-30T16:31:54+09:00
전남광주통합특별시|순천시,전남광주통합특별시,순천시,34.99469571642701,127.38940089352648,34.99469571642701,127.40036653729696,최신경계기하대표점:도로탐색보정,20260701,0.9988764515687446,A2600019,성가롤로병원,34.9634252378637,127.542308899549,13.391499802411776,DISTANCE,0cdab6973e94deea00c5ebe809f0a4221160cafe05175b0f2739a64af8faf550,22.302,30.516666666666666,0,성공,2026-08-30T16:29:16+09:00
전남광주통합특별시|순천시,전남광주통합특별시,순천시,34.99469571642701,127.38940089352648,34.99469571642701,127.40036653729696,최신경계기하대표점:도로탐색보정,20260701,0.9988764515687446,A2600056,전라남도순천의료원,34.95798908690572,127.48303613267494,8.566979870111336,DISTANCE,c38753bcac3dc04aeb0400149267d1f116b15aacd10044234dd2aad01b0b145f,11.878,27.633333333333333,0,성공,2026-08-30T16:31:54+09:00
전남광주통합특별시|신안군,전남광주통합특별시,신안군,34.73060863726038,126.125252810407,34.73060863726038,126.125252810407,최신경계기하대표점,20260701,0.0,A2600051,의료법인신안대우병원,34.722263099542104,125.93256566497465,17.633922920407016,DISTANCE,811b673fcc1359b13787e23f59db4949f6a7aabfa9ac5943d243ef1c0fea450d,26.89,29.116666666666667,0,성공,2026-08-30T16:31:54+09:00
전남광주통합특별시|여수시,전남광주통합특별시,여수시,34.77949665005135,127.64307095410724,34.77949665005135,127.64307095410724,최신경계기하대표점,20260701,0.0,A2600010,여수전남병원,34.74501919502327,127.72808408876028,8.660634111477144,DISTANCE,574e339fd3ff43f10d00baf2ee8483f2ddef4ba9a51e9b4f8939127257b077a8,10.479,23.73333333333333,0,성공,2026-08-30T16:31:54+09:00
전남광주통합특별시|여수시,전남광주통합특별시,여수시,34.77949665005135,127.64307095410724,34.77949665005135,127.64307095410724,최신경계기하대표점,20260701,0.0,A2600014,여천전남병원,34.76918041182927,127.65404273510528,1.5231912449912577,DISTANCE,3024faf824b1fbb88fb66f2d17356baffd83b100eb94afcbeb551ff10184df03,1.983,5.2,0,성공,2026-08-30T16:29:16+09:00
전남광주통합특별시|여수시,전남광주통합특별시,여수시,34.77949665005135,127.64307095410724,34.77949665005135,127.64307095410724,최신경계기하대표점,20260701,0.0,A2600027,의료법인한마음의료재단여수제일병원,34.766166666666656,127.66355833333331,2.387184064313759,DISTANCE,61bfb80cf5ed48884731a1ca200615fbef4c8b21c86bfb1381473639e768093b,2.928,8.833333333333334,0,성공,2026-08-30T16:31:54+09:00
전남광주통합특별시|여수시,전남광주통합특별시,여수시,34.77949665005135,127.64307095410724,34.77949665005135,127.64307095410724,최신경계기하대표점,20260701,0.0,A2601742,여수한국병원,34.761243178966986,127.67509537253795,3.560337992486044,DISTANCE,7b7eb543a327a1faedfe2895362593fa0cce79034fae9bf38967d032b7ad35e0,4.326,13.583333333333334,0,성공,2026-08-30T16:31:54+09:00
전남광주통합특별시|영광군,전남광주통합특별시,영광군,35.276648809133235,126.44638390990772,35.276648809133235,126.44638390990772,최신경계기하대표점,20260701,0.0,A2600015,영광종합병원,35.2841836238628,126.498940298383,4.8436772816350455,DISTANCE,7971b56985835393c9080020baa477016142651599a8526c4f09392bea6759d2,6.466,10.866666666666667,0,성공,2026-08-30T16:31:54+09:00
전남광주통합특별시|영광군,전남광주통합특별시,영광군,35.276648809133235,126.44638390990772,35.276648809133235,126.44638390990772,최신경계기하대표점,20260701,0.0,A2600034,의료법인 거명의료재단 영광기독병원,35.274959355007304,126.5108758767997,5.857431787894568,DISTANCE,9b1e2a1bd780e3671e20e337d3af9bc627e80373c54fd7507c51a7c5350792c5,7.183,14.533333333333331,0,성공,2026-08-30T16:31:54+09:00
전남광주통합특별시|영암군,전남광주통합특별시,영암군,34.79887955726693,126.6282366995961,34.79887955726693,126.6282366995961,최신경계기하대표점,20260701,0.0,A2600070,영암한국병원,34.794341315816496,126.70116990992956,6.678723568502082,DISTANCE,5a2cece675d20f39e9ca014d35a2db3df755754fe7b7fc1552c090b7e546473d,8.137,12.816666666666666,0,성공,2026-08-30T16:31:54+09:00
전남광주통합특별시|완도군,전남광주통합특별시,완도군,34.34503626497358,126.69803955801258,34.35401937672349,126.70891953907858,최신경계기하대표점:도로탐색보정,20260701,1.412586787565203,A2600032,완도대성병원,34.31716999454396,126.73556371420688,4.772241487219972,DISTANCE,af0eb818bdecc737c183e8a99f7b346380d1220f8ccbabcf07022cefbe9d963a,8.552,16.516666666666666,0,성공,2026-08-30T16:31:54+09:00
전남광주통합특별시|완도군,전남광주통합특별시,완도군,34.34503626497358,126.69803955801258,34.35401937672349,126.70891953907858,최신경계기하대표점:도로탐색보정,20260701,1.412586787565203,A2600667,금일마취통증의학과의원,34.349483798831656,127.0297611902535,29.45798717894596,DISTANCE,8dcad4323634613bc768e0e1f7c2ba84d26b3d5006d3554376e31f191706aaa8,44.058,60.1,0,성공,2026-08-30T16:31:54+09:00
전남광주통합특별시|완도군,전남광주통합특별시,완도군,34.34503626497358,126.69803955801258,34.35401937672349,126.70891953907858,최신경계기하대표점:도로탐색보정,20260701,1.412586787565203,E2600362,완도군노화읍보건지소,34.17730585378432,126.5709379204226,23.385632928525997,DISTANCE,13c90aa3e3c7c5b0c18a9e8227a465e6cdbbfc1dca34e8ab8a4873afbb366cf4,37.534,55.86666666666667,0,성공,2026-08-30T16:31:54+09:00
전남광주통합특별시|장성군,전남광주통합특별시,장성군,35.32947424796789,126.76870782906538,35.32947424796789,126.76870782906538,최신경계기하대표점,20260701,0.0,A2600035,의료법인행복나눔의료재단장성병원,35.305871659607845,126.78361958777766,2.952696453117004,DISTANCE,07aaf20f1349e96b565cb70dc144d683ed03b68aedf99232e1464b26903e8d7e,4.176,7.916666666666667,0,성공,2026-08-30T16:31:54+09:00
전남광주통합특별시|장흥군,전남광주통합특별시,장흥군,34.6763681149465,126.92189635530464,34.6763681149465,126.92189635530464,최신경계기하대표점,20260701,0.0,A2600021,의료법인우범의료재단장흥종합병원,34.67726071666993,126.91093606650924,1.0071535581139444,DISTANCE,26af978edfc29a8d62829ec9dd9b9d70498b21cc10cd88cfd7e6e1d0d8cc1298,1.754,4.233333333333333,0,성공,2026-08-30T16:31:54+09:00
전남광주통합특별시|장흥군,전남광주통합특별시,장흥군,34.6763681149465,126.92189635530464,34.6763681149465,126.92189635530464,최신경계기하대표점,20260701,0.0,A2600037,장흥우리병원,34.67838230801459,126.91109914454888,1.0124158905296774,DISTANCE,c636c2be42b63def862e54b70841025e8e2ca694bf1eec383fd13684a183c9bf,1.766,4.95,0,성공,2026-08-30T16:31:54+09:00
전남광주통합특별시|진도군,전남광주통합특별시,진도군,34.43369527208744,126.20795445806536,34.43369527208744,126.20795445806536,최신경계기하대표점,20260701,0.0,A2600040,진도한국병원,34.482432541575456,126.26412429142384,7.47601776358231,DISTANCE,795524219b005f9dcabf03c71a67c0e8abe9a7621df894c210c42fc6bb986d9e,8.462,15.833333333333334,0,성공,2026-08-30T16:31:54+09:00
전남광주통합특별시|진도군,전남광주통합특별시,진도군,34.43369527208744,126.20795445806536,34.43369527208744,126.20795445806536,최신경계기하대표점,20260701,0.0,A2602088,의료법인남우의료재단 진도전남병원,34.479273813,126.2651105783,7.290260194638321,DISTANCE,2c4a9fe7fdbd52c0190697a4a5a2d476fef1b9f7289ebdaced0521763de9cff2,8.594,16.416666666666668,0,성공,2026-08-30T16:31:54+09:00
전남광주통합특별시|함평군,전남광주통합특별시,함평군,35.11270547382962,126.53511527298316,35.11270547382962,126.53511527298316,최신경계기하대표점,20260701,0.0,A2600090,의료법인인성의료재단함평성심병원,35.061886111111114,126.51980555555556,5.820019554899293,DISTANCE,cc0e978a928a583e7eda80d841b2c910c5540c3200a5444f763da9fe0328324d,7.992,14.333333333333334,0,성공,2026-08-30T16:31:54+09:00
전남광주통합특별시|해남군,전남광주통합특별시,해남군,34.55325592263084,126.51463573996044,34.55325592263084,126.51463573996044,최신경계기하대표점,20260701,0.0,A2600009,의료법인행촌의료재단해남종합병원,34.571547222222215,126.61268333333332,9.205712665553898,DISTANCE,809fb5eac00a9e38c6da18e5c3b870c66f49ee2e63ce3637c8ef27d0fc0d29d0,12.405,26.35,0,성공,2026-08-30T16:31:54+09:00
전남광주통합특별시|해남군,전남광주통합특별시,해남군,34.55325592263084,126.51463573996044,34.55325592263084,126.51463573996044,최신경계기하대표점,20260701,0.0,A2600077,해남우리종합병원,34.58423738321411,126.64658297551144,12.563048675588714,DISTANCE,7d0d06c78974c3bb383e62b75caba586a0b4ff41dc307a11a9dfec3e2ea69f78,17.141,24.766666666666666,0,성공,2026-08-30T16:31:54+09:00
전남광주통합특별시|화순군,전남광주통합특별시,화순군,35.00831927959416,127.03337264531828,35.00831927959416,127.03337264531828,최신경계기하대표점,20260701,0.0,A2600001,화순전남대학교병원,35.0586707410237,127.002108292339,6.280907054842064,DISTANCE,935feb0a89fe2432822b54de8aec12483924b310fd923fa767a732679a8bf2df,8.016,17.783333333333335,0,성공,2026-08-30T16:29:17+09:00
전남광주통합특별시|화순군,전남광주통합특별시,화순군,35.00831927959416,127.03337264531828,35.00831927959416,127.03337264531828,최신경계기하대표점,20260701,0.0,A2600043,화순성심병원,35.05844089636795,126.98987847235264,6.836922980433207,DISTANCE,36b5dc73edbb84bc6d09f21c80a1a04e549c18ae66f13642d0ee7587f1107199,8.04,20.016666666666666,0,성공,2026-08-30T16:31:54+09:00
전남광주통합특별시|화순군,전남광주통합특별시,화순군,35.00831927959416,127.03337264531828,35.00831927959416,127.03337264531828,최신경계기하대표점,20260701,0.0,A2600048,화순고려병원,35.05595373646754,126.98963562835073,6.626719370213696,DISTANCE,beebf4459769c8856a85572428686a4c282e97e351d1092cb4842db6f9178e53,7.74,17.666666666666668,0,성공,2026-08-30T16:31:54+09:00
전북특별자치도|고창군,전북특별자치도,고창군,35.448414306666486,126.61575286896912,35.448414306666486,126.61575286896912,최신경계기하대표점,20260701,0.0,A2500009,의료법인석천재단고창병원,35.43645131091079,126.69331814963527,7.151470093975124,DISTANCE,e774c07ea5870ac8c78000215175b94f8aaf3abdf52f4f1360865386331504f1,8.057,12.883333333333333,0,성공,2026-08-30T16:31:54+09:00
전북특별자치도|군산시,전북특별자치도,군산시,35.95435693768317,126.72162099141528,35.95435693768317,126.72162099141528,최신경계기하대표점,20260701,0.0,A2500007,전북특별자치도군산의료원,35.95497072788432,126.71189936455204,0.8777038916445791,DISTANCE,fd03e912883abe666bc85239a2b8e91cc26745aeebae88698928be2c33f87fa2,0.96,3.633333333333333,0,성공,2026-08-30T16:29:17+09:00
전북특별자치도|군산시,전북특별자치도,군산시,35.95435693768317,126.72162099141528,35.95435693768317,126.72162099141528,최신경계기하대표점,20260701,0.0,A2500012,의료법인오성의료재단동군산병원,35.97740074466571,126.73719225835914,2.9205328214420483,DISTANCE,ad5898de3d883fff00021b5898ce01d160a21ce66ca2d80dde643be33e4ee332,4.394,12.916666666666666,0,성공,2026-08-30T16:31:15+09:00
전북특별자치도|김제시,전북특별자치도,김제시,35.80373180276405,126.9070524319474,35.80373180276405,126.9070524319474,최신경계기하대표점,20260701,0.0,A2500038,김제우석병원,35.80673935689978,126.8796995613974,2.4892551904743647,DISTANCE,d66427a6df86fc9ec5e622578271bd52c406f7146aa82b8a61653f16523e195c,2.863,7.816666666666666,0,성공,2026-08-30T16:31:54+09:00
전북특별자치도|남원시,전북특별자치도,남원시,35.42238280868051,127.44155190203332,35.42238280868051,127.44155190203332,최신경계기하대표점,20260701,0.0,A2500004,전북특별자치도남원의료원,35.43189945917936,127.40719103150715,3.2882775888141667,DISTANCE,317663ad758ae7debac6b86334976d75b4039a888b832a7c69dc3bed81135694,5.052,9.05,0,성공,2026-08-30T16:29:17+09:00
전북특별자치도|무주군,전북특별자치도,무주군,35.93929473135944,127.71286356072105,35.93929473135944,127.71286356072105,최신경계기하대표점,20260701,0.0,E2500019,무주군보건의료원,36.00586316008286,127.6717026515394,8.277122142662975,DISTANCE,2c738b61c96fca0262a6c35830dbdb8585fbb25a21dba7e21b3c112410a36b5a,9.843,15.766666666666667,0,성공,2026-08-30T16:31:54+09:00
전북특별자치도|부안군,전북특별자치도,부안군,35.676632925188734,126.64022885538704,35.676632925188734,126.64022885538704,최신경계기하대표점,20260701,0.0,A2500010,부안성모병원,35.72481539925256,126.73452574138332,10.060205063593658,DISTANCE,d78ba81ff76af5b89c4930b9138fdccea9a3f410190de51d7e323f8b87cde302,14.337,25.33333333333333,0,성공,2026-08-30T16:31:54+09:00
전북특별자치도|순창군,전북특별자치도,순창군,35.43360055717905,127.08980881980182,35.43360055717905,127.08980881980182,최신경계기하대표점,20260701,0.0,E2500021,순창군보건의료원,35.3670362953963,127.143667225508,8.866444843486263,DISTANCE,cb0128e89598acbd16cf72d7bcd8fcf8baba26bf10d617c908bcb545bf26a349,10.133,20.15,0,성공,2026-08-30T16:31:54+09:00
전북특별자치도|익산시,전북특별자치도,익산시,36.02323758765713,126.98939049537069,36.02323758765713,126.98939049537069,최신경계기하대표점,20260701,0.0,A2500001,원광대학교병원,35.9642419612473,126.959306346821,7.096418645361641,DISTANCE,afb43a7ca369625929a899edeb02482b3a70a81f584c6162623807979e0801d3,10.21,16.366666666666667,0,성공,2026-08-30T16:29:17+09:00
전북특별자치도|익산시,전북특별자치도,익산시,36.02323758765713,126.98939049537069,36.02323758765713,126.98939049537069,최신경계기하대표점,20260701,0.0,A2500011,의료법인대산의료재단익산병원,35.96168123354797,126.96649966881398,7.147858716394558,DISTANCE,77eab405b8edecc9c3aeb4ffa546f7c3aca2e04d9d15fc0c560f4816814a5f50,10.297,18.016666666666666,0,성공,2026-08-30T16:31:19+09:00
전북특별자치도|임실군,전북특별자치도,임실군,35.59774056008932,127.23609952428323,35.59774056008932,127.23609952428323,최신경계기하대표점,20260701,0.0,E2500022,임실군보건의료원,35.61249558187053,127.28697578028248,4.883424496540701,DISTANCE,3d27814802df45bde5b9db14dc07ee471d8bc8bcf60bd0000b6ba5b5d4cca19c,6.39,11.666666666666666,0,성공,2026-08-30T16:31:55+09:00
전북특별자치도|장수군,전북특별자치도,장수군,35.65717563419401,127.54414152835535,35.65717563419401,127.54414152835535,최신경계기하대표점,20260701,0.0,E2500020,장수군보건의료원,35.654664903392614,127.52014287444382,2.186164863970929,DISTANCE,e67072504c06dd045e4378ba34d957fa5b6ccfb17268b3d985443943a6d7e982,3.729,10.3,0,성공,2026-08-30T16:31:55+09:00
전북특별자치도|전주시,전북특별자치도,전주시,35.82819605889124,127.11592606465516,35.82819605889124,127.11592606465516,최신경계기하대표점,20260701,0.0,A2500002,전북대학교병원,35.84697279303408,127.1393674038135,2.970582042112563,DISTANCE,11b639aa760cae1d69751446273c4cbe037499c6fbd603caba10d4d0d7199726,3.789,9.9,0,성공,2026-08-30T16:31:21+09:00
전북특별자치도|전주시,전북특별자치도,전주시,35.82819605889124,127.11592606465516,35.82819605889124,127.11592606465516,최신경계기하대표점,20260701,0.0,A2500003,전주고려병원,35.839839476593305,127.16713261021836,4.7942683492921185,DISTANCE,89403ab88c9c02ce3d4f9917dbbc4e4317b691403911f4732bf6c0688e27cedd,5.455,17.466666666666665,0,성공,2026-08-30T16:31:55+09:00
전북특별자치도|전주시,전북특별자치도,전주시,35.82819605889124,127.11592606465516,35.82819605889124,127.11592606465516,최신경계기하대표점,20260701,0.0,A2500005,의료법인영경의료재단전주병원,35.81502660230338,127.1247991889436,1.6686593440614312,DISTANCE,6aa151b148738f6114e06b515f07e45871248e4a1ed24291960889788e729a43,2.248,7.166666666666667,0,성공,2026-08-30T16:29:17+09:00
전북특별자치도|전주시,전북특별자치도,전주시,35.82819605889124,127.11592606465516,35.82819605889124,127.11592606465516,최신경계기하대표점,20260701,0.0,A2500006,재단법인예수병원유지재단예수병원,35.81440117465108,127.13325187439274,2.1893293300797025,DISTANCE,a4474048fda4ce6502c2411ebebb5cd5276ab4747d6e749b9e499520877e6e3a,2.955,9.583333333333334,0,성공,2026-08-30T16:31:21+09:00
전북특별자치도|전주시,전북특별자치도,전주시,35.82819605889124,127.11592606465516,35.82819605889124,127.11592606465516,최신경계기하대표점,20260701,0.0,A2500056,대자인병원,35.84599245880299,127.153316348062,3.9084872388301632,DISTANCE,c487a261f24507451ff5ec8f786fbbd93b6f40c68cde2c3276c9a8e4f11f4bf3,4.94,13.2,0,성공,2026-08-30T16:31:21+09:00
전북특별자치도|전주시,전북특별자치도,전주시,35.82819605889124,127.11592606465516,35.82819605889124,127.11592606465516,최신경계기하대표점,20260701,0.0,A2501890,의료법인영경의료재단호성전주병원,35.865528416459995,127.14790290638275,5.053621342008173,DISTANCE,36e061b6c6bec3713829c41002748dc542156f47f5604dd3ad4c0232c6fdca64,7.127,17.95,0,성공,2026-08-30T16:31:55+09:00
전북특별자치도|전주시,전북특별자치도,전주시,35.82819605889124,127.11592606465516,35.82819605889124,127.11592606465516,최신경계기하대표점,20260701,0.0,A2502742,새강병원,35.7969198,127.1320564,3.769668904255989,DISTANCE,ddceed982d4c9bf17d58cee34b77840fded7d9f1abc93f324507cd4cd72c5334,4.642,12.466666666666669,0,성공,2026-08-30T16:31:55+09:00
전북특별자치도|정읍시,전북특별자치도,정읍시,35.60293686413764,126.90500162122972,35.60293686413764,126.90500162122972,최신경계기하대표점,20260701,0.0,A2500008,재단법인 아산사회복지재단 정읍아산병원,35.58899495218047,126.82346011194952,7.53398252216583,DISTANCE,42b52bfd067a0d795f4764a2b7b6d2ff6779b818530b1c8f4253e00b429197d7,9.593,18.716666666666665,0,성공,2026-08-30T16:29:17+09:00
전북특별자치도|진안군,전북특별자치도,진안군,35.828807345791816,127.43007381801245,35.828807345791816,127.44115355218416,최신경계기하대표점:도로탐색보정,20260701,0.9988764515361188,A2502031,진안군의료원,35.79518695884379,127.43207008323516,3.8270940747406543,DISTANCE,df64817d025606bd4e6df7974c72e72503f689d7cdca1ab6b7d0126425cbec59,4.934,10.483333333333333,0,성공,2026-08-30T16:31:55+09:00
제주특별자치도|서귀포시,제주특별자치도,서귀포시,33.323932321107215,126.58101176091552,33.323932321107215,126.5917625372038,최신경계기하대표점:도로탐색보정,20260701,0.9988764516293328,A2900002,제주특별자치도서귀포의료원,33.255354935811724,126.5642013167026,8.044270896748445,DISTANCE,651964d34263a0cb8213d5bc56af8e7d3334496242d6423a92f44bc5bc9f8c0e,10.037,21.816666666666663,0,성공,2026-08-30T16:29:17+09:00
제주특별자치도|제주시,제주특별자치도,제주시,33.443240651937806,126.53029251746374,33.443240651937806,126.53029251746374,최신경계기하대표점,20260701,0.0,A2900001,제주한라병원,33.489946745300735,126.48507635686154,6.675615626468538,DISTANCE,867c02c74f7d7b667b5b1a2e66d924993ee8d1ffeb875358ab6c692b7705e1b0,8.251,26.73333333333333,0,성공,2026-08-30T16:31:24+09:00
제주특별자치도|제주시,제주특별자치도,제주시,33.443240651937806,126.53029251746374,33.443240651937806,126.53029251746374,최신경계기하대표점,20260701,0.0,A2900003,의료법인 혜인의료재단 한국병원,33.500185921027,126.51698873048466,6.451143397605161,DISTANCE,4d17c356c02867f1f3a445786697b5d07df00cc11814ef16d83e711c199f202a,7.781,22.166666666666668,0,성공,2026-08-30T16:31:55+09:00
제주특별자치도|제주시,제주특별자치도,제주시,33.443240651937806,126.53029251746374,33.443240651937806,126.53029251746374,최신경계기하대표점,20260701,0.0,A2900005,한마음병원,33.4962612399279,126.54622454609036,6.078011082454077,DISTANCE,e5f834d72b984fe182ffb74f98f84b2203eb345e630b1161a01f3e9b56c09d77,7.985,24.75,0,성공,2026-08-30T16:31:24+09:00
제주특별자치도|제주시,제주특별자치도,제주시,33.443240651937806,126.53029251746374,33.443240651937806,126.53029251746374,최신경계기하대표점,20260701,0.0,A2900006,의료법인중앙의료재단중앙병원,33.49234614827984,126.47058708143308,7.77728049180123,DISTANCE,79fb943315851c21706d4e17c1764aac655b2b4f2901b55ecb5877f14854d589,9.296,27.716666666666665,0,성공,2026-08-30T16:31:24+09:00
제주특별자치도|제주시,제주특별자치도,제주시,33.443240651937806,126.53029251746374,33.443240651937806,126.53029251746374,최신경계기하대표점,20260701,0.0,A2900007,제주대학교병원,33.46727330825531,126.54525733713078,3.0114199748191615,DISTANCE,c2de56f7f1e2bfa6addbee33a2e97524e3f27be7a8464f228eaa916e7b63a17a,4.692,14.55,0,성공,2026-08-30T16:29:17+09:00
충청남도|공주시,충청남도,공주시,36.47982737486864,127.07527306172727,36.47982737486864,127.07527306172727,최신경계기하대표점,20260701,0.0,A2400010,충청남도공주의료원,36.45905455773722,127.10921562289596,3.8141100028229498,DISTANCE,00e4530f8a2a7df6ed17c6f272699f20c0d080deb1e7ded9b7e8ede7b2ed1cad,6.791,13.65,0,성공,2026-08-30T16:31:55+09:00
충청남도|금산군,충청남도,금산군,36.119309816783975,127.4782976000846,36.119309816783975,127.4782976000846,최신경계기하대표점,20260701,0.0,A2400019,새금산병원,36.10403152848004,127.49620122672218,2.3393985759449185,DISTANCE,4b763e3ceabad0fb63b3a390015f498d4270b803508c2aaea9ca70631717eb83,2.708,7.616666666666666,0,성공,2026-08-30T16:31:55+09:00
충청남도|논산시,충청남도,논산시,36.19091981079725,127.15798349771865,36.19091981079725,127.15798349771865,최신경계기하대표점,20260701,0.0,A2400009,의료법인백제병원,36.19250243074026,127.09436976296004,5.7113695978865495,DISTANCE,bfe06cedbbaae05979c77d0d906ba3c2e6750c8ad00f6b5f5afa37b364cc7475,7.044,20.1,0,성공,2026-08-30T16:29:17+09:00
충청남도|당진시,충청남도,당진시,36.90453157783038,126.6516738136944,36.90453157783038,126.6516738136944,최신경계기하대표점,20260701,0.0,A2400008,당진종합병원,36.90439755063778,126.68435813411776,2.9061865894875663,DISTANCE,82b85e964f67032b03f2ee27b4084385154c4050062ce4bf7fc85232b6de2d28,3.99,7.2,0,성공,2026-08-30T16:29:18+09:00
충청남도|보령시,충청남도,보령시,36.345925251056286,126.58836337179508,36.345925251056286,126.58836337179508,최신경계기하대표점,20260701,0.0,A2400011,재단법인아산사회복지재단보령아산병원,36.38113998244595,126.62282846665184,4.985636337894701,DISTANCE,1339307417c977f14e53d14c412b8021fd2640af838af6631ec188c7106eb062,5.565,13.7,0,성공,2026-08-30T16:29:18+09:00
충청남도|부여군,충청남도,부여군,36.246336781411806,126.85700440711534,36.246336781411806,126.85700440711534,최신경계기하대표점,20260701,0.0,A2400038,학교법인건양교육재단건양대학교부여병원,36.27555409443824,126.90169662482884,5.158651963356978,DISTANCE,8d87e5d04775bb7930cbe681a82318b2fa0ba3317a4f3b574e92dcea5d9545d0,6.844,13.066666666666666,0,성공,2026-08-30T16:31:55+09:00
충청남도|서산시,충청남도,서산시,36.79087387923386,126.46185606257907,36.79087387923386,126.46185606257907,최신경계기하대표점,20260701,0.0,A2400003,서산중앙병원,36.78101237096687,126.50342177166652,3.8605812465296347,DISTANCE,e2fd88530682663d13f246949346c994059562a755fc1c4c8cf7fd48502c464c,4.834,9.866666666666667,0,성공,2026-08-30T16:31:29+09:00
충청남도|서산시,충청남도,서산시,36.79087387923386,126.46185606257907,36.79087387923386,126.46185606257907,최신경계기하대표점,20260701,0.0,A2400006,충청남도서산의료원,36.77556877677842,126.46515725738564,1.7270567077560406,DISTANCE,a17295340184a1b60920a4ebfa391ab6c6c79bd6bacfc3198ce7b05cdc921509,2.15,7.3,0,성공,2026-08-30T16:29:18+09:00
충청남도|서천군,충청남도,서천군,36.10648210432934,126.70378641428154,36.10648210432934,126.70378641428154,최신경계기하대표점,20260701,0.0,A2400044,의료법인서해의료재단서해병원,36.08449428686221,126.6875810614244,2.8456569352258763,DISTANCE,81a327e3c63f334d41c4483ca5310f77b35320ec94bb8c29a11e452246de2300,4.759,7.566666666666666,0,성공,2026-08-30T16:31:55+09:00
충청남도|아산시,충청남도,아산시,36.8070532730974,126.98053395280763,36.8070532730974,126.98053395280763,최신경계기하대표점,20260701,0.0,A2400039,현대병원,36.78311829920936,127.00097027728452,3.224073883144438,DISTANCE,108e91e009b323331a98ab8f5912b7d63eb6ee9ae2f6e8ed19d96ea61cfe1658,3.932,8.166666666666666,0,성공,2026-08-30T16:31:55+09:00
충청남도|아산시,충청남도,아산시,36.8070532730974,126.98053395280763,36.8070532730974,126.98053395280763,최신경계기하대표점,20260701,0.0,A2402257,아산충무병원,36.77929250489765,127.0199488549524,4.674048834270946,DISTANCE,58e1445f668838f22d18c3b3ba68f618e471c9ecdb4a37c717ffd6cd0a00161d,5.676,12.833333333333334,0,성공,2026-08-30T16:29:18+09:00
충청남도|예산군,충청남도,예산군,36.67048663218576,126.78414886181554,36.67048663218576,126.78414886181554,최신경계기하대표점,20260701,0.0,A2400004,의료법인 예당의료재단 예산종합병원,36.69111403683895,126.83810397105952,5.3302199267009165,DISTANCE,3cf7df6d1563e12b28bb829f78934a01d75e1f581c78a40fea9e515caf99b6f6,27.292,25.266666666666666,0,성공,2026-08-30T16:31:55+09:00
충청남도|예산군,충청남도,예산군,36.67048663218576,126.78414886181554,36.67048663218576,126.78414886181554,최신경계기하대표점,20260701,0.0,A2400015,예산명지병원,36.71373026149238,126.83416958942117,6.558412773921444,DISTANCE,29aa2eb66dedd0057c2c46aa73f2a2341cdf2dd57f374dc193129c073fc5ba75,30.117,29.383333333333333,0,성공,2026-08-30T16:31:55+09:00
충청남도|천안시,충청남도,천안시,36.80423815253021,127.20246806012484,36.80423815253021,127.20246806012484,최신경계기하대표점,20260701,0.0,A2400001,학교법인동은학원순천향대학교부속천안병원,36.8023584971179,127.135666806479,5.9512160588339595,DISTANCE,8a5d527a8909d55035485028d8cdf8d20f0184dac60861704ba1b0d72d0a668f,8.537,19.83333333333333,0,성공,2026-08-30T16:31:33+09:00
충청남도|천안시,충청남도,천안시,36.80423815253021,127.20246806012484,36.80423815253021,127.20246806012484,최신경계기하대표점,20260701,0.0,A2400002,단국대학교의과대학부속병원,36.84295215169462,127.17327537305154,5.028237746591365,DISTANCE,5287b62342756c42b65caa8aca6230fef73fa4608429e325e7f543f58a961233,8.659,18.183333333333334,0,성공,2026-08-30T16:29:18+09:00
충청남도|천안시,충청남도,천안시,36.80423815253021,127.20246806012484,36.80423815253021,127.20246806012484,최신경계기하대표점,20260701,0.0,A2400005,충청남도천안의료원,36.775359921186194,127.17992025598448,3.7871831058397296,DISTANCE,930c7f09de449fa6defaf22a1b3f0f723d803a348ab59bae984670c2cb1c0fdc,8.081,13.833333333333334,0,성공,2026-08-30T16:31:55+09:00
충청남도|천안시,충청남도,천안시,36.80423815253021,127.20246806012484,36.80423815253021,127.20246806012484,최신경계기하대표점,20260701,0.0,A2400012,의료법인영서의료재단천안충무병원,36.79739687904163,127.1315782043232,6.3574480465959375,DISTANCE,77c40dca50add94f162ab3160d5c3e9fcf623dd0414c32b4bb0021db83af72b8,9.128,18.966666666666665,0,성공,2026-08-30T16:31:33+09:00
충청남도|천안시,충청남도,천안시,36.80423815253021,127.20246806012484,36.80423815253021,127.20246806012484,최신경계기하대표점,20260701,0.0,A2402812,나은필병원,36.8191502671463,127.159326385319,4.183288914863241,DISTANCE,05113d229ae02524bcba73bcd480c22b94e5165f708f048154f296f03d26fdef,6.898,14.983333333333333,0,성공,2026-08-30T16:31:55+09:00
충청남도|청양군,충청남도,청양군,36.43055874962821,126.85314771238438,36.43055874962821,126.85314771238438,최신경계기하대표점,20260701,0.0,E2400032,청양군보건의료원,36.45529646339589,126.80455836964052,5.143650027953949,DISTANCE,1657bee2740de4cf8d67b9e6ffa138f9df98495216fcdb2ed8fd071bb150d548,6.084,13.25,0,성공,2026-08-30T16:31:55+09:00
충청남도|태안군,충청남도,태안군,36.69776268531587,126.2824796920418,36.69776268531587,126.2824796920418,최신경계기하대표점,20260701,0.0,E2400033,태안군보건의료원,36.75191402131483,126.32320735565844,7.03081817787103,DISTANCE,2a7e784f683c94090455fe98a06ee83be8da50e9d9a0ca5b9787d1125f745168,9.392,11.65,0,성공,2026-08-30T16:31:55+09:00
충청남도|홍성군,충청남도,홍성군,36.56960393389968,126.62286230260372,36.56960393389968,126.62286230260372,최신경계기하대표점,20260701,0.0,A2400007,충청남도홍성의료원,36.59933992060475,126.67440672396911,5.666890462168894,DISTANCE,715840e05272d770254d02f4c3d5bf6dbe633e708571272d6c96fa647629c32d,11.189,23.3,0,성공,2026-08-30T16:29:18+09:00
충청북도|괴산군,충청북도,괴산군,36.76948874015751,127.8296409199162,36.76948874015751,127.8296409199162,최신경계기하대표점,20260701,0.0,A2300034,의료법인대광의료재단괴산성모병원,36.81544387632933,127.78424628538971,6.515469884922964,DISTANCE,38599735981b6e7bdf270e8b191591165556e213dfbe324c10168fcda5a548ac,9.458,20.9,0,성공,2026-08-30T16:31:55+09:00
충청북도|단양군,충청북도,단양군,36.99431853875892,128.38797874492093,36.99431853875892,128.38797874492093,최신경계기하대표점,20260701,0.0,E2300011,단양군보건의료원,36.984540593096746,128.36667620351827,2.1821694968865524,DISTANCE,7e3f87b5ffdfb3ab6a351c971b44df0c5ad516fd255c2a71ae9e4dc3548f2358,3.603,7.933333333333334,0,성공,2026-08-30T16:31:55+09:00
충청북도|보은군,충청북도,보은군,36.49002787352619,127.7295031871584,36.49002787352619,127.7295031871584,최신경계기하대표점,20260701,0.0,A2300017,의료법인정민의료재단보은한양병원,36.48327155579628,127.71821043397682,1.258429477568854,DISTANCE,d9263f6e3030e3407e919bf546fc63c9152ed69a186ecd868053aee62a5a639d,1.987,5.35,0,성공,2026-08-30T16:31:55+09:00
충청북도|영동군,충청북도,영동군,36.15952916223538,127.81432777853396,36.15952916223538,127.81432777853396,최신경계기하대표점,20260701,0.0,A2300030,의료법인조윤의료재단영동병원,36.1852328446,127.7808325647,4.148298346517564,DISTANCE,dc1c9f5efb80187fb40acd3bbf07a456561e3d271546992a32d13ca96e9d70c8,5.23,11.533333333333331,0,성공,2026-08-30T16:31:55+09:00
충청북도|옥천군,충청북도,옥천군,36.32059072203812,127.6566754586296,36.32059072203812,127.66782469434526,최신경계기하대표점:도로탐색보정,20260701,0.9988764515170658,A2300011,의료법인힐링의료재단옥천성모병원,36.313345842294304,127.57197742757523,8.625200196727246,DISTANCE,8dd88769ab7015e9c1004ec59af0cb0c01cccf23570175ac03751baaff42a211,23.31,35.18333333333333,0,성공,2026-08-30T16:31:55+09:00
충청북도|음성군,충청북도,음성군,36.97597379855888,127.61440336793832,36.97597379855888,127.61440336793832,최신경계기하대표점,20260701,0.0,A2300015,의료법인태성의료재단제일조은병원,36.99760379156879,127.59853452216106,2.7877082007130087,DISTANCE,4f25015503387d75fd9ac5905c97c118081e97f73afe56ef7e86394733dad18e,3.043,6.516666666666667,0,성공,2026-08-30T16:31:55+09:00
충청북도|제천시,충청북도,제천시,37.060056747274125,128.1409781070906,37.060056747274125,128.1409781070906,최신경계기하대표점,20260701,0.0,A2300005,의료법인자산의료재단제천서울병원,37.13857101389598,128.20613928597675,10.469801279733984,DISTANCE,4781d1c198e5087bfc04ef1f4937512e676aa87f36a09094e787eeacb0164c2d,16.477,28.83333333333333,0,성공,2026-08-30T16:29:18+09:00
충청북도|제천시,충청북도,제천시,37.060056747274125,128.1409781070906,37.060056747274125,128.1409781070906,최신경계기하대표점,20260701,0.0,A2300009,의료법인명지의료재단명지병원,37.1630057642892,128.23405656001103,14.112594606534934,DISTANCE,908af4860d85de5d32e04872e766a0e1c5e83014eb1ccb912e33f87c4b7869c2,20.572,38.1,0,성공,2026-08-30T16:31:39+09:00
충청북도|진천군,충청북도,진천군,36.87082845574929,127.44046061024083,36.87082845574929,127.44046061024083,최신경계기하대표점,20260701,0.0,A2300013,의료법인 건명의료재단 중앙제일병원,36.85848747628605,127.44050791116804,1.3722607579702382,DISTANCE,0e36df8fe7f0fb2360e37ab2fc15485a9b839f78e6c9e9f49c37b8bdbcd78fe9,1.679,4.533333333333333,0,성공,2026-08-30T16:29:18+09:00
충청북도|청주시,충청북도,청주시,36.62732640032589,127.49881754447031,36.62732640032589,127.49881754447031,최신경계기하대표점,20260701,0.0,A2300001,충북대학교병원,36.62416682483455,127.4614360502226,3.3543527109818925,DISTANCE,8daf6313a2ce1420a24cb42986d3ba5bf52576b4217470ef5318684c0287a8c7,3.968,13.983333333333333,0,성공,2026-08-30T16:31:41+09:00
충청북도|청주시,충청북도,청주시,36.62732640032589,127.49881754447031,36.62732640032589,127.49881754447031,최신경계기하대표점,20260701,0.0,A2300002,의료법인한마음의료재단하나병원,36.623474045244464,127.43081864239412,6.083310905771236,DISTANCE,f76d23148b6110129e471e101858cd24ae4d50c5f016581e361f3c9efa33e02e,7.758,33.53333333333333,0,성공,2026-08-30T16:31:41+09:00
충청북도|청주시,충청북도,청주시,36.62732640032589,127.49881754447031,36.62732640032589,127.49881754447031,최신경계기하대표점,20260701,0.0,A2300003,의료법인정산의료재단효성병원,36.62455637262831,127.49558522201268,0.42198976298877827,DISTANCE,d29f92a154dbd91ec0a2ab5ab81949b4031e355e356909e6552576646ba25e46,0.643,2.4,0,성공,2026-08-30T16:29:19+09:00
충청북도|청주시,충청북도,청주시,36.62732640032589,127.49881754447031,36.62732640032589,127.49881754447031,최신경계기하대표점,20260701,0.0,A2300006,충청북도청주의료원,36.6401389722304,127.473087555201,2.702011927537708,DISTANCE,ba1740c184c341fed117e2dd6716f977f4bea0c6a4d0dc20876397d85b1445fb,3.747,13.133333333333333,0,성공,2026-08-30T16:31:55+09:00
충청북도|청주시,충청북도,청주시,36.62732640032589,127.49881754447031,36.62732640032589,127.49881754447031,최신경계기하대표점,20260701,0.0,A2300007,의료법인인화재단한국병원,36.61950588971749,127.49659485930336,0.8919370153932074,DISTANCE,8c0e2cfaa1165e9ddf5050297e63cf6e61674d9275a5de1821782e3f43d81b32,1.269,4.0,0,성공,2026-08-30T16:31:41+09:00
충청북도|청주시,충청북도,청주시,36.62732640032589,127.49881754447031,36.62732640032589,127.49881754447031,최신경계기하대표점,20260701,0.0,A2300008,청주성모병원,36.673801330174406,127.4854695707364,5.303194739622643,DISTANCE,d61828e9c5ca9f481c778aa2cd6df71b299fe7b4be9dfa830ba3a579aba6bb37,6.212,19.266666666666666,0,성공,2026-08-30T16:31:41+09:00
충청북도|청주시,충청북도,청주시,36.62732640032589,127.49881754447031,36.62732640032589,127.49881754447031,최신경계기하대표점,20260701,0.0,A2300021,오창중앙병원,36.70680258158961,127.42965176665308,10.777537627876965,DISTANCE,706b715a3010407d4fbfac4f109afe7ab017ef81b66a04dad52a20280963bd69,14.28,32.983333333333334,0,성공,2026-08-30T16:31:56+09:00
충청북도|청주시,충청북도,청주시,36.62732640032589,127.49881754447031,36.62732640032589,127.49881754447031,최신경계기하대표점,20260701,0.0,A2300039,의료법인송암의료재단마이크로병원,36.63402150390528,127.45009452402525,4.411013029058494,DISTANCE,a0e5b74cb2986b4f29ce57c8f49e35127177c935993a974b3d9fc905ae859200,5.417,18.4,0,성공,2026-08-30T16:31:55+09:00
충청북도|청주시,충청북도,청주시,36.62732640032589,127.49881754447031,36.62732640032589,127.49881754447031,최신경계기하대표점,20260701,0.0,A2302011,재단법인베스티안재단베스티안병원,36.6364279047,127.3216412104,15.84221398119803,DISTANCE,855443efa34e14c6aeae20f26627dc8319c9a8ac738443ac070c96db8107ab86,18.747,44.73333333333333,0,성공,2026-08-30T16:31:56+09:00
충청북도|충주시,충청북도,충주시,37.01529952823932,127.89566564923646,37.01529952823932,127.90691598796704,최신경계기하대표점:도로탐색보정,20260701,0.9988764514888196,A2300004,충청북도충주의료원,36.97956732195825,127.9703586011334,6.894230289483941,DISTANCE,76f7f0479c124c55d43430c75a125a219c407d6094278d412abd76052e94d452,14.694,26.433333333333334,0,성공,2026-08-30T16:31:56+09:00
충청북도|충주시,충청북도,충주시,37.01529952823932,127.89566564923646,37.01529952823932,127.90691598796704,최신경계기하대표점:도로탐색보정,20260701,0.9988764514888196,A2300010,건국대학교충주병원,36.97897509717851,127.92863660615964,4.476062473032134,DISTANCE,d0b8b81656d0b0b7594e3ae69233cbf93770c93393a4c10c57b321d00be4a95c,9.693,14.633333333333333,0,성공,2026-08-30T16:29:19+09:00
충청북도|충주시,충청북도,충주시,37.01529952823932,127.89566564923646,37.01529952823932,127.90691598796704,최신경계기하대표점:도로탐색보정,20260701,0.9988764514888196,A2302306,충주미래병원,36.9804284762737,127.927925696639,4.303034246693836,DISTANCE,548c8192b9060ca2cfb209ded167c3f16f50a53dc57ffa0739ec436e00087ec8,9.727,13.316666666666666,0,성공,2026-08-30T16:31:56+09:00
