"행정구역","2026년07월_계_총인구수","2026년07월_계_연령구간인구수","2026년07월_계_0~9세","2026년07월_계_10~19세","2026년07월_계_20~29세","2026년07월_계_30~39세","2026년07월_계_40~49세","2026년07월_계_50~59세","2026년07월_계_60~69세","2026년07월_계_70~79세","2026년07월_계_80~89세","2026년07월_계_90~99세","2026년07월_계_100세 이상","2026년07월_남_총인구수","2026년07월_남_연령구간인구수","2026년07월_남_0~9세","2026년07월_남_10~19세","2026년07월_남_20~29세","2026년07월_남_30~39세","2026년07월_남_40~49세","2026년07월_남_50~59세","2026년07월_남_60~69세","2026년07월_남_70~79세","2026년07월_남_80~89세","2026년07월_남_90~99세","2026년07월_남_100세 이상","2026년07월_여_총인구수","2026년07월_여_연령구간인구수","2026년07월_여_0~9세","2026년07월_여_10~19세","2026년07월_여_20~29세","2026년07월_여_30~39세","2026년07월_여_40~49세","2026년07월_여_50~59세","2026년07월_여_60~69세","2026년07월_여_70~79세","2026년07월_여_80~89세","2026년07월_여_90~99세","2026년07월_여_100세 이상"
"서울특별시  (1100000000)","9,284,263","9,284,263","451,972","715,129","1,227,845","1,469,932","1,355,107","1,459,594","1,315,703","852,165","376,692","58,633","1,491","4,468,307","4,468,307","232,077","364,467","572,134","733,832","669,318","716,888","625,046","383,257","153,966","17,001","321","4,815,956","4,815,956","219,895","350,662","655,711","736,100","685,789","742,706","690,657","468,908","222,726","41,632","1,170"
"서울특별시 종로구 (1111000000)","136,139","136,139","4,941","9,032","19,804","19,949","18,004","22,384","20,933","12,835","6,938","1,277","42","65,198","65,198","2,536","4,431","9,143","9,988","8,628","10,937","10,431","5,941","2,741","408","14","70,941","70,941","2,405","4,601","10,661","9,961","9,376","11,447","10,502","6,894","4,197","869","28"
"서울특별시 중구 (1114000000)","117,493","117,493","4,812","5,850","15,265","21,282","16,115","17,688","17,755","11,795","5,852","1,053","26","56,335","56,335","2,451","2,911","6,804","10,562","8,046","8,841","8,772","5,438","2,223","282","5","61,158","61,158","2,361","2,939","8,461","10,720","8,069","8,847","8,983","6,357","3,629","771","21"
"서울특별시 용산구 (1117000000)","199,575","199,575","9,759","12,570","25,488","36,953","28,932","31,377","27,813","16,448","8,495","1,682","58","94,772","94,772","4,926","6,389","11,219","17,947","14,254","15,163","13,648","7,448","3,250","509","19","104,803","104,803","4,833","6,181","14,269","19,006","14,678","16,214","14,165","9,000","5,245","1,173","39"
"서울특별시 성동구 (1120000000)","274,346","274,346","15,608","17,107","37,097","48,367","39,483","42,584","38,510","22,862","11,016","1,681","31","132,283","132,283","8,002","8,473","17,589","23,764","19,812","20,785","18,834","10,299","4,276","444","5","142,063","142,063","7,606","8,634","19,508","24,603","19,671","21,799","19,676","12,563","6,740","1,237","26"
"서울특별시 광진구 (1121500000)","330,802","330,802","13,235","22,807","54,043","57,092","45,799","50,526","45,932","27,396","12,037","1,887","48","158,095","158,095","6,767","11,481","24,536","28,372","22,393","24,480","22,084","12,389","5,047","533","13","172,707","172,707","6,468","11,326","29,507","28,720","23,406","26,046","23,848","15,007","6,990","1,354","35"
"서울특별시 동대문구 (1123000000)","353,070","353,070","18,001","23,235","55,356","56,437","48,559","52,682","48,911","32,133","15,447","2,256","53","171,884","171,884","9,202","11,743","25,795","28,553","24,783","26,454","23,980","14,545","6,127","691","11","181,186","181,186","8,799","11,492","29,561","27,884","23,776","26,228","24,931","17,588","9,320","1,565","42"
"서울특별시 중랑구 (1126000000)","376,282","376,282","16,119","22,877","43,919","59,322","50,366","60,683","64,416","39,324","16,810","2,383","63","183,450","183,450","8,185","11,730","20,584","30,166","26,166","29,955","31,194","18,018","6,781","660","11","192,832","192,832","7,934","11,147","23,335","29,156","24,200","30,728","33,222","21,306","10,029","1,723","52"
"서울특별시 성북구 (1129000000)","421,289","421,289","20,918","33,851","61,764","57,144","59,010","70,165","58,512","38,045","18,905","2,901","74","200,918","200,918","10,810","17,002","28,667","28,481","29,157","34,301","27,550","16,715","7,386","834","15","220,371","220,371","10,108","16,849","33,097","28,663","29,853","35,864","30,962","21,330","11,519","2,067","59"
"서울특별시 강북구 (1130500000)","277,695","277,695","9,337","17,588","33,383","34,481","35,741","47,982","47,650","32,946","16,339","2,203","45","133,427","133,427","4,748","8,937","15,365","18,086","18,664","23,744","22,683","14,205","6,328","657","10","144,268","144,268","4,589","8,651","18,018","16,395","17,077","24,238","24,967","18,741","10,011","1,546","35"
"서울특별시 도봉구 (1132000000)","298,067","298,067","11,403","20,919","32,203","37,083","39,064","51,231","53,212","34,283","16,121","2,480","68","143,743","143,743","5,907","10,879","15,746","19,090","19,639","24,619","24,928","15,756","6,466","695","18","154,324","154,324","5,496","10,040","16,457","17,993","19,425","26,612","28,284","18,527","9,655","1,785","50"
"서울특별시 노원구 (1135000000)","480,549","480,549","22,388","43,353","59,673","61,990","67,810","82,330","72,202","46,168","20,971","3,578","86","229,537","229,537","11,528","22,330","29,896","31,321","32,486","39,500","33,470","20,311","7,745","936","14","251,012","251,012","10,860","21,023","29,777","30,669","35,324","42,830","38,732","25,857","13,226","2,642","72"
"서울특별시 은평구 (1138000000)","453,056","453,056","19,690","33,022","54,303","67,120","63,668","75,971","69,151","45,219","21,671","3,169","72","214,001","214,001","10,165","16,761","25,167","32,674","31,372","36,518","32,094","19,639","8,636","954","21","239,055","239,055","9,525","16,261","29,136","34,446","32,296","39,453","37,057","25,580","13,035","2,215","51"
"서울특별시 서대문구 (1141000000)","299,531","299,531","14,852","21,638","44,234","45,491","41,614","47,259","41,817","26,326","13,971","2,270","59","141,080","141,080","7,612","10,689","19,939","22,313","20,446","22,876","19,726","11,423","5,357","685","14","158,451","158,451","7,240","10,949","24,295","23,178","21,168","24,383","22,091","14,903","8,614","1,585","45"
"서울특별시 마포구 (1144000000)","356,154","356,154","17,775","25,602","53,446","64,455","54,092","55,715","42,704","26,243","13,735","2,336","51","165,241","165,241","9,111","12,744","22,974","30,262","26,017","26,848","20,213","11,148","5,204","709","11","190,913","190,913","8,664","12,858","30,472","34,193","28,075","28,867","22,491","15,095","8,531","1,627","40"
"서울특별시 양천구 (1147000000)","420,595","420,595","22,014","45,614","44,696","51,364","68,458","70,887","62,064","38,800","14,350","2,288","60","204,487","204,487","11,325","23,522","22,180","25,581","32,852","35,081","29,514","18,020","5,832","571","9","216,108","216,108","10,689","22,092","22,516","25,783","35,606","35,806","32,550","20,780","8,518","1,717","51"
"서울특별시 강서구 (1150000000)","548,268","548,268","25,979","39,755","69,388","96,793","81,175","80,952","78,627","51,821","20,256","3,420","102","261,594","261,594","13,300","20,283","30,852","48,054","40,789","39,632","36,186","23,381","8,185","918","14","286,674","286,674","12,679","19,472","38,536","48,739","40,386","41,320","42,441","28,440","12,071","2,502","88"
"서울특별시 구로구 (1153000000)","382,531","382,531","19,021","26,652","44,923","62,042","54,024","59,487","57,691","39,862","16,505","2,278","46","186,598","186,598","9,801","13,447","21,360","31,615","27,602","29,608","27,411","18,073","7,007","666","8","195,933","195,933","9,220","13,205","23,563","30,427","26,422","29,879","30,280","21,789","9,498","1,612","38"
"서울특별시 금천구 (1154500000)","222,421","222,421","8,007","11,832","30,730","40,255","27,350","34,223","37,153","22,148","9,404","1,294","25","111,546","111,546","4,082","6,007","14,529","22,050","14,822","17,185","18,365","10,225","3,908","365","8","110,875","110,875","3,925","5,825","16,201","18,205","12,528","17,038","18,788","11,923","5,496","929","17"
"서울특별시 영등포구 (1156000000)","371,691","371,691","19,572","22,310","51,521","75,158","51,978","53,635","48,994","31,482","14,664","2,322","55","181,081","181,081","9,998","11,434","22,838","37,652","26,541","27,012","24,313","14,421","6,103","756","13","190,610","190,610","9,574","10,876","28,683","37,506","25,437","26,623","24,681","17,061","8,561","1,566","42"
"서울특별시 동작구 (1159000000)","371,543","371,543","17,186","24,856","58,725","62,316","50,405","56,283","49,663","33,626","15,990","2,441","52","179,268","179,268","8,864","12,726","27,837","31,872","25,349","27,391","23,165","14,645","6,656","752","11","192,275","192,275","8,322","12,130","30,888","30,444","25,056","28,892","26,498","18,981","9,334","1,689","41"
"서울특별시 관악구 (1162000000)","477,503","477,503","13,394","23,397","100,745","95,034","57,216","63,918","59,761","42,154","19,418","2,419","47","239,793","239,793","6,803","11,753","48,020","53,041","31,011","32,898","28,659","18,658","8,184","759","7","237,710","237,710","6,591","11,644","52,725","41,993","26,205","31,020","31,102","23,496","11,234","1,660","40"
"서울특별시 서초구 (1165000000)","414,616","414,616","25,983","45,664","47,269","57,197","70,809","68,914","48,791","33,455","14,185","2,286","63","196,787","196,787","13,427","22,979","22,304","26,593","32,614","33,746","22,882","15,010","6,455","761","16","217,829","217,829","12,556","22,685","24,965","30,604","38,195","35,168","25,909","18,445","7,730","1,525","47"
"서울특별시 강남구 (1168000000)","552,631","552,631","31,163","63,665","61,386","78,898","98,970","88,980","63,248","45,488","17,883","2,853","97","263,657","263,657","16,061","33,173","28,681","36,997","45,076","44,430","29,781","20,300","8,276","863","19","288,974","288,974","15,102","30,492","32,705","41,901","53,894","44,550","33,467","25,188","9,607","1,990","78"
"서울특별시 송파구 (1171000000)","649,715","649,715","39,350","57,854","74,603","106,680","105,193","98,655","88,328","55,695","19,917","3,351","89","310,719","310,719","20,095","29,287","34,678","51,054","50,553","47,772","41,379","26,104","8,827","949","21","338,996","338,996","19,255","28,567","39,925","55,626","54,640","50,883","46,949","29,591","11,090","2,402","68"
"서울특별시 강동구 (1174000000)","498,701","498,701","31,465","44,079","53,881","77,029","81,272","75,083","71,865","45,611","15,812","2,525","79","242,813","242,813","16,371","23,356","25,431","37,744","40,246","37,112","33,784","21,145","6,966","644","14","255,888","255,888","15,094","20,723","28,450","39,285","41,026","37,971","38,081","24,466","8,846","1,881","65"
"전남광주통합특별시  (1200000000)","3,157,777","3,157,777","175,884","296,782","318,795","344,923","433,450","538,525","519,587","322,247","174,365","32,450","769","1,579,191","1,579,191","89,833","152,637","171,789","181,825","222,759","279,333","262,459","149,317","62,001","7,138","100","1,578,586","1,578,586","86,051","144,145","147,006","163,098","210,691","259,192","257,128","172,930","112,364","25,312","669"
"전남광주통합특별시 목포시 (1211000000)","199,230","199,230","9,504","20,999","20,187","19,174","30,027","35,832","32,062","20,363","9,703","1,350","29","99,085","99,085","4,849","10,831","10,992","10,121","15,399","18,591","15,347","9,064","3,583","303","5","100,145","100,145","4,655","10,168","9,195","9,053","14,628","17,241","16,715","11,299","6,120","1,047","24"
"전남광주통합특별시 여수시 (1213000000)","260,190","260,190","13,870","23,528","24,105","27,052","35,134","45,034","45,922","29,879","13,422","2,182","62","132,132","132,132","7,133","11,964","13,530","14,841","18,456","23,661","23,008","14,062","5,006","465","6","128,058","128,058","6,737","11,564","10,575","12,211","16,678","21,373","22,914","15,817","8,416","1,717","56"
"전남광주통합특별시 순천시 (1215000000)","273,733","273,733","17,592","27,678","28,871","32,646","38,118","47,201","43,995","23,517","11,557","2,503","55","136,571","136,571","9,075","14,232","15,713","17,099","19,097","23,410","22,091","11,234","4,077","535","8","137,162","137,162","8,517","13,446","13,158","15,547","19,021","23,791","21,904","12,283","7,480","1,968","47"
"전남광주통합특별시 나주시 (1217000000)","116,699","116,699","8,282","10,522","9,726","14,574","16,365","17,193","18,958","12,268","7,379","1,394","38","59,104","59,104","4,265","5,444","5,177","7,395","8,638","9,499","10,047","5,820","2,504","305","10","57,595","57,595","4,017","5,078","4,549","7,179","7,727","7,694","8,911","6,448","4,875","1,089","28"
"전남광주통합특별시 광양시 (1219000000)","155,979","155,979","10,668","15,900","15,535","20,310","22,411","29,331","24,532","11,171","4,978","1,121","22","81,855","81,855","5,448","8,125","8,980","11,317","11,929","15,271","13,301","5,524","1,712","247","1","74,124","74,124","5,220","7,775","6,555","8,993","10,482","14,060","11,231","5,647","3,266","874","21"
"전남광주통합특별시 동구 (1221000000)","105,344","105,344","6,525","7,802","13,384","14,332","14,082","15,337","15,483","11,333","6,102","950","14","51,521","51,521","3,348","3,974","6,702","7,381","7,292","7,752","7,286","4,954","2,539","290","3","53,823","53,823","3,177","3,828","6,682","6,951","6,790","7,585","8,197","6,379","3,563","660","11"
"전남광주통합특별시 서구 (1224000000)","274,408","274,408","14,254","26,285","34,579","34,208","39,898","49,105","40,263","23,326","10,647","1,796","47","134,132","134,132","7,374","13,766","17,778","17,906","19,615","23,766","18,950","10,326","4,157","488","6","140,276","140,276","6,880","12,519","16,801","16,302","20,283","25,339","21,313","13,000","6,490","1,308","41"
"전남광주통합특별시 남구 (1227000000)","205,428","205,428","12,160","22,957","20,716","22,727","31,782","32,571","30,299","20,771","9,781","1,624","40","98,018","98,018","6,167","11,408","10,611","11,460","15,466","15,847","13,714","9,021","3,902","414","8","107,410","107,410","5,993","11,549","10,105","11,267","16,316","16,724","16,585","11,750","5,879","1,210","32"
"전남광주통합특별시 북구 (1230000000)","416,780","416,780","25,011","39,348","48,048","53,627","60,782","70,466","63,708","36,540","16,475","2,719","56","205,911","205,911","12,797","20,461","25,313","27,902","30,883","34,905","30,272","16,414","6,313","645","6","210,869","210,869","12,214","18,887","22,735","25,725","29,899","35,561","33,436","20,126","10,162","2,074","50"
"전남광주통합특별시 광산구 (1233000000)","382,841","382,841","25,103","46,437","48,595","49,204","62,772","71,759","46,963","20,798","9,511","1,662","37","193,405","193,405","12,685","23,898","25,944","26,101","31,232","36,332","24,108","9,454","3,328","317","6","189,436","189,436","12,418","22,539","22,651","23,103","31,540","35,427","22,855","11,344","6,183","1,345","31"
"전남광주통합특별시 담양군 (1271000000)","43,972","43,972","1,624","2,766","3,028","3,152","4,281","7,371","9,929","6,661","4,293","843","24","22,219","22,219","831","1,457","1,750","1,642","2,288","4,020","5,330","3,251","1,477","171","2","21,753","21,753","793","1,309","1,278","1,510","1,993","3,351","4,599","3,410","2,816","672","22"
"전남광주통합특별시 곡성군 (1272000000)","27,663","27,663","753","1,599","1,783","1,816","2,377","4,621","6,441","4,342","3,091","811","29","13,822","13,822","365","868","1,015","945","1,280","2,554","3,500","2,109","1,000","182","4","13,841","13,841","388","731","768","871","1,097","2,067","2,941","2,233","2,091","629","25"
"전남광주통합특별시 구례군 (1273000000)","24,576","24,576","696","1,533","1,578","1,318","2,230","4,228","5,758","3,871","2,776","575","13","12,021","12,021","338","787","866","683","1,139","2,302","3,065","1,806","905","128","2","12,555","12,555","358","746","712","635","1,091","1,926","2,693","2,065","1,871","447","11"
"전남광주통합특별시 고흥군 (1274000000)","58,991","58,991","1,729","3,038","2,911","3,093","4,843","8,837","13,512","11,480","7,706","1,790","52","29,307","29,307","861","1,619","1,702","1,699","2,727","5,165","7,187","5,410","2,543","390","4","29,684","29,684","868","1,419","1,209","1,394","2,116","3,672","6,325","6,070","5,163","1,400","48"
"전남광주통합특별시 보성군 (1275000000)","38,101","38,101","1,141","2,214","2,265","2,083","3,301","5,981","8,561","6,745","4,713","1,077","20","18,768","18,768","588","1,134","1,228","1,150","1,793","3,381","4,548","3,182","1,548","214","2","19,333","19,333","553","1,080","1,037","933","1,508","2,600","4,013","3,563","3,165","863","18"
"전남광주통합특별시 화순군 (1276000000)","59,820","59,820","2,408","4,545","5,309","4,807","6,171","10,611","12,152","7,582","5,196","1,017","22","29,629","29,629","1,253","2,345","2,789","2,471","3,136","5,597","6,528","3,638","1,646","224","2","30,191","30,191","1,155","2,200","2,520","2,336","3,035","5,014","5,624","3,944","3,550","793","20"
"전남광주통합특별시 장흥군 (1277000000)","33,906","33,906","1,225","2,236","2,177","2,208","3,263","5,395","7,267","5,439","3,786","897","13","16,777","16,777","612","1,163","1,233","1,235","1,790","3,011","3,761","2,539","1,259","172","2","17,129","17,129","613","1,073","944","973","1,473","2,384","3,506","2,900","2,527","725","11"
"전남광주통합특별시 강진군 (1278000000)","31,644","31,644","1,370","2,039","2,070","2,140","2,936","4,835","6,880","5,044","3,575","735","20","15,598","15,598","671","1,053","1,188","1,149","1,569","2,688","3,573","2,371","1,200","134","2","16,046","16,046","699","986","882","991","1,367","2,147","3,307","2,673","2,375","601","18"
"전남광주통합특별시 해남군 (1279000000)","61,992","61,992","2,404","4,236","4,087","3,969","6,209","10,142","13,477","9,874","6,393","1,174","27","31,237","31,237","1,255","2,146","2,336","2,201","3,377","5,726","7,189","4,589","2,193","223","2","30,755","30,755","1,149","2,090","1,751","1,768","2,832","4,416","6,288","5,285","4,200","951","25"
"전남광주통합특별시 영암군 (1280000000)","50,027","50,027","1,924","3,750","3,948","3,725","6,096","9,037","9,994","6,459","4,199","872","23","26,444","26,444","970","1,927","2,413","2,083","3,588","5,280","5,563","3,057","1,370","187","6","23,583","23,583","954","1,823","1,535","1,642","2,508","3,757","4,431","3,402","2,829","685","17"
"전남광주통합특별시 무안군 (1281000000)","95,598","95,598","7,222","11,007","9,090","11,318","15,091","14,308","13,330","8,556","4,804","849","23","48,060","48,060","3,685","5,566","4,917","5,641","7,706","7,720","6,962","4,066","1,630","166","1","47,538","47,538","3,537","5,441","4,173","5,677","7,385","6,588","6,368","4,490","3,174","683","22"
"전남광주통합특별시 함평군 (1282000000)","29,651","29,651","914","1,698","1,800","1,874","2,619","4,840","6,679","4,925","3,572","713","17","15,167","15,167","476","886","1,031","1,034","1,501","2,859","3,747","2,342","1,140","151","0","14,484","14,484","438","812","769","840","1,118","1,981","2,932","2,583","2,432","562","17"
"전남광주통합특별시 영광군 (1283000000)","53,752","53,752","3,299","3,890","4,386","5,113","5,995","8,582","9,870","7,215","4,571","811","20","26,946","26,946","1,637","1,997","2,396","2,605","3,283","4,852","5,193","3,322","1,495","164","2","26,806","26,806","1,662","1,893","1,990","2,508","2,712","3,730","4,677","3,893","3,076","647","18"
"전남광주통합특별시 장성군 (1284000000)","43,130","43,130","1,878","3,005","3,338","3,450","4,518","7,214","8,814","6,162","3,932","802","17","22,161","22,161","949","1,532","1,975","1,803","2,444","4,063","4,860","2,992","1,358","181","4","20,969","20,969","929","1,473","1,363","1,647","2,074","3,151","3,954","3,170","2,574","621","13"
"전남광주통합특별시 완도군 (1285000000)","44,094","44,094","1,864","3,141","2,623","2,688","5,027","6,975","9,042","7,063","4,812","839","20","22,428","22,428","970","1,663","1,510","1,510","2,874","4,037","4,673","3,349","1,661","178","3","21,666","21,666","894","1,478","1,113","1,178","2,153","2,938","4,369","3,714","3,151","661","17"
"전남광주통합특별시 진도군 (1286000000)","27,841","27,841","1,059","1,914","1,836","1,766","2,758","4,443","5,983","4,336","3,161","575","10","14,062","14,062","495","993","1,078","944","1,580","2,589","3,187","2,084","991","119","2","13,779","13,779","564","921","758","822","1,178","1,854","2,796","2,252","2,170","456","8"
"전남광주통합특별시 신안군 (1287000000)","42,387","42,387","1,405","2,715","2,820","2,549","4,364","7,276","9,713","6,527","4,230","769","19","22,811","22,811","736","1,398","1,622","1,507","2,677","4,455","5,469","3,337","1,464","145","1","19,576","19,576","669","1,317","1,198","1,042","1,687","2,821","4,244","3,190","2,766","624","18"
"부산광역시  (2600000000)","3,230,982","3,230,982","164,813","265,962","328,766","388,666","455,930","522,452","550,489","376,896","154,488","22,047","473","1,569,321","1,569,321","84,394","135,963","167,322","201,067","230,907","256,593","258,742","168,807","60,026","5,440","60","1,661,661","1,661,661","80,419","129,999","161,444","187,599","225,023","265,859","291,747","208,089","94,462","16,607","413"
"부산광역시 중구 (2611000000)","36,203","36,203","593","1,490","4,590","3,964","3,796","5,800","7,190","5,767","2,647","356","10","17,533","17,533","324","723","2,135","2,184","2,048","3,063","3,455","2,515","993","92","1","18,670","18,670","269","767","2,455","1,780","1,748","2,737","3,735","3,252","1,654","264","9"
"부산광역시 서구 (2614000000)","101,028","101,028","3,954","7,021","10,359","10,056","12,428","16,231","18,769","14,488","6,712","984","26","48,319","48,319","2,030","3,635","4,935","5,134","6,330","8,290","8,905","6,324","2,496","236","4","52,709","52,709","1,924","3,386","5,424","4,922","6,098","7,941","9,864","8,164","4,216","748","22"
"부산광역시 동구 (2617000000)","83,146","83,146","3,323","4,483","7,725","10,575","10,383","13,282","14,901","11,867","5,723","867","17","40,420","40,420","1,731","2,266","3,643","5,556","5,571","6,968","7,253","5,153","2,069","208","2","42,726","42,726","1,592","2,217","4,082","5,019","4,812","6,314","7,648","6,714","3,654","659","15"
"부산광역시 영도구 (2620000000)","100,423","100,423","3,380","6,239","8,467","8,713","11,756","16,434","20,225","16,641","7,567","986","15","49,260","49,260","1,729","3,247","4,710","4,691","6,179","8,453","9,865","7,334","2,796","256","0","51,163","51,163","1,651","2,992","3,757","4,022","5,577","7,981","10,360","9,307","4,771","730","15"
"부산광역시 부산진구 (2623000000)","364,481","364,481","18,076","24,563","45,472","54,400","48,874","55,430","58,508","39,804","16,956","2,349","49","174,009","174,009","9,210","12,248","21,111","27,588","24,911","27,118","27,086","17,674","6,448","612","3","190,472","190,472","8,866","12,315","24,361","26,812","23,963","28,312","31,422","22,130","10,508","1,737","46"
"부산광역시 동래구 (2626000000)","270,741","270,741","16,572","26,425","24,784","31,619","42,004","43,682","42,185","29,942","11,794","1,704","30","130,151","130,151","8,448","13,707","12,573","15,791","20,631","21,222","19,231","13,226","4,863","457","2","140,590","140,590","8,124","12,718","12,211","15,828","21,373","22,460","22,954","16,716","6,931","1,247","28"
"부산광역시 남구 (2629000000)","254,774","254,774","12,458","22,373","30,401","28,307","35,093","41,598","40,042","29,687","13,010","1,776","29","123,623","123,623","6,439","11,397","15,885","14,618","17,498","20,567","18,542","13,015","5,205","453","4","131,151","131,151","6,019","10,976","14,516","13,689","17,595","21,031","21,500","16,672","7,805","1,323","25"
"부산광역시 북구 (2632000000)","260,432","260,432","12,720","20,108","23,720","31,164","33,294","44,328","52,041","30,227","11,206","1,587","37","127,535","127,535","6,570","10,360","12,661","16,479","17,073","20,864","24,862","14,028","4,279","357","2","132,897","132,897","6,150","9,748","11,059","14,685","16,221","23,464","27,179","16,199","6,927","1,230","35"
"부산광역시 해운대구 (2635000000)","370,275","370,275","19,624","34,676","34,314","41,215","54,815","64,998","61,854","39,611","16,569","2,547","52","177,030","177,030","10,037","17,885","17,753","20,713","26,452","30,673","28,809","17,762","6,277","655","14","193,245","193,245","9,587","16,791","16,561","20,502","28,363","34,325","33,045","21,849","10,292","1,892","38"
"부산광역시 사하구 (2638000000)","281,665","281,665","11,547","22,449","28,022","29,631","38,008","48,002","53,442","35,423","13,298","1,792","51","139,450","139,450","5,925","11,500","15,107","16,022","19,830","23,755","25,450","16,286","5,161","407","7","142,215","142,215","5,622","10,949","12,915","13,609","18,178","24,247","27,992","19,137","8,137","1,385","44"
"부산광역시 금정구 (2641000000)","205,483","205,483","7,614","15,387","25,390","20,494","24,916","32,976","38,505","26,983","11,428","1,750","40","99,763","99,763","3,816","7,751","13,642","11,069","12,614","15,890","17,982","11,982","4,561","448","8","105,720","105,720","3,798","7,636","11,748","9,425","12,302","17,086","20,523","15,001","6,867","1,302","32"
"부산광역시 강서구 (2644000000)","154,119","154,119","16,649","18,797","10,620","24,262","32,221","19,229","17,832","10,461","3,470","568","10","79,657","79,657","8,471","9,653","5,768","12,419","17,242","10,505","8,852","5,250","1,383","112","2","74,462","74,462","8,178","9,144","4,852","11,843","14,979","8,724","8,980","5,211","2,087","456","8"
"부산광역시 연제구 (2647000000)","211,580","211,580","12,047","17,224","21,005","28,544","30,811","33,459","33,439","23,938","9,769","1,316","28","100,670","100,670","6,149","8,719","10,225","14,231","15,211","16,033","15,253","10,546","3,947","352","4","110,910","110,910","5,898","8,505","10,780","14,313","15,600","17,426","18,186","13,392","5,822","964","24"
"부산광역시 수영구 (2650000000)","168,955","168,955","7,271","11,456","18,905","23,149","22,888","26,040","27,359","21,340","9,177","1,343","27","79,079","79,079","3,695","5,899","8,847","11,762","11,285","12,357","11,978","9,132","3,768","353","3","89,876","89,876","3,576","5,557","10,058","11,387","11,603","13,683","15,381","12,208","5,409","990","24"
"부산광역시 사상구 (2653000000)","192,275","192,275","7,045","13,131","20,557","22,369","23,612","32,569","40,169","23,758","8,035","1,009","21","95,856","95,856","3,688","6,638","10,549","12,279","12,468","16,263","19,780","10,964","3,028","198","1","96,419","96,419","3,357","6,493","10,008","10,090","11,144","16,306","20,389","12,794","5,007","811","20"
"부산광역시 기장군 (2671000000)","175,402","175,402","11,940","20,140","14,435","20,204","31,031","28,394","24,028","16,959","7,127","1,113","31","86,966","86,966","6,132","10,335","7,778","10,531","15,564","14,572","11,439","7,616","2,752","244","3","88,436","88,436","5,808","9,805","6,657","9,673","15,467","13,822","12,589","9,343","4,375","869","28"
"대구광역시  (2700000000)","2,347,389","2,347,389","130,470","212,738","246,232","286,109","331,606","407,729","382,092","231,702","101,609","16,794","308","1,148,806","1,148,806","67,034","108,893","128,912","152,268","165,940","198,653","182,566","102,762","37,498","4,234","46","1,198,583","1,198,583","63,436","103,845","117,320","133,841","165,666","209,076","199,526","128,940","64,111","12,560","262"
"대구광역시 중구 (2711000000)","101,815","101,815","8,193","7,621","13,549","18,615","15,009","14,305","11,325","8,177","4,267","735","19","48,647","48,647","4,240","3,766","6,147","9,412","7,720","6,921","5,266","3,393","1,581","198","3","53,168","53,168","3,953","3,855","7,402","9,203","7,289","7,384","6,059","4,784","2,686","537","16"
"대구광역시 동구 (2714000000)","338,544","338,544","18,609","26,013","32,870","44,420","46,176","55,512","56,490","38,453","17,249","2,703","49","165,200","165,200","9,628","13,388","17,111","23,744","23,646","27,312","26,378","16,824","6,449","712","8","173,344","173,344","8,981","12,625","15,759","20,676","22,530","28,200","30,112","21,629","10,800","1,991","41"
"대구광역시 서구 (2717000000)","163,456","163,456","6,801","9,743","14,145","19,651","19,442","28,020","33,488","21,763","9,083","1,297","23","80,796","80,796","3,494","4,882","7,518","10,938","10,536","14,289","16,130","9,445","3,278","285","1","82,660","82,660","3,307","4,861","6,627","8,713","8,906","13,731","17,358","12,318","5,805","1,012","22"
"대구광역시 남구 (2720000000)","141,659","141,659","5,581","8,456","16,356","18,578","17,350","23,343","24,106","17,705","8,656","1,506","22","67,339","67,339","2,890","4,258","7,720","9,945","8,798","11,517","11,139","7,540","3,122","407","3","74,320","74,320","2,691","4,198","8,636","8,633","8,552","11,826","12,967","10,165","5,534","1,099","19"
"대구광역시 북구 (2723000000)","406,587","406,587","20,839","37,444","49,540","47,658","55,517","75,452","65,184","36,239","16,182","2,478","54","200,974","200,974","10,696","19,110","26,573","25,810","27,794","36,925","31,663","15,988","5,817","592","6","205,613","205,613","10,143","18,334","22,967","21,848","27,723","38,527","33,521","20,251","10,365","1,886","48"
"대구광역시 수성구 (2726000000)","407,820","407,820","24,119","46,999","41,247","42,913","62,509","73,526","59,689","36,754","16,883","3,117","64","195,689","195,689","12,416","24,392","21,913","21,596","29,269","34,463","28,082","16,174","6,492","883","9","212,131","212,131","11,703","22,607","19,334","21,317","33,240","39,063","31,607","20,580","10,391","2,234","55"
"대구광역시 달서구 (2729000000)","512,963","512,963","26,422","48,345","56,449","61,041","70,758","93,077","87,253","47,670","18,864","3,036","48","250,771","250,771","13,596","24,584","29,516","32,874","34,943","44,496","41,527","21,501","6,985","737","12","262,192","262,192","12,826","23,761","26,933","28,167","35,815","48,581","45,726","26,169","11,879","2,299","36"
"대구광역시 달성군 (2771000000)","251,993","251,993","19,460","27,316","21,181","32,100","43,236","41,010","38,258","20,251","7,789","1,366","26","127,630","127,630","9,821","14,070","11,892","17,270","22,323","20,741","18,893","9,520","2,812","284","4","124,363","124,363","9,639","13,246","9,289","14,830","20,913","20,269","19,365","10,731","4,977","1,082","22"
"대구광역시 군위군 (2772000000)","22,552","22,552","446","801","895","1,133","1,609","3,484","6,299","4,690","2,636","556","3","11,760","11,760","253","443","522","679","911","1,989","3,488","2,377","962","136","0","10,792","10,792","193","358","373","454","698","1,495","2,811","2,313","1,674","420","3"
"인천광역시  (2800000000)","3,063,730","3,063,730","186,393","276,208","330,297","434,138","473,715","513,893","480,178","245,435","103,638","19,283","552","1,529,549","1,529,549","95,690","141,331","170,115","226,878","244,337","257,091","236,304","114,400","38,835","4,483","85","1,534,181","1,534,181","90,703","134,877","160,182","207,260","229,378","256,802","243,874","131,035","64,803","14,800","467"
"인천광역시 중구영종출장소 (2811400000)","0","0","0","0","0","0","0","0","0","0","0","0","0","0","0","0","0","0","0","0","0","0","0","0","0","0","0","0","0","0","0","0","0","0","0","0","0","0","0"
"인천광역시 중구용유출장소 (2811800000)","0","0","0","0","0","0","0","0","0","0","0","0","0","0","0","0","0","0","0","0","0","0","0","0","0","0","0","0","0","0","0","0","0","0","0","0","0","0","0"
"인천광역시 제물포구 (2812500000)","99,299","99,299","3,584","6,535","9,232","11,025","13,123","16,868","18,158","13,252","6,380","1,111","31","50,302","50,302","1,826","3,415","4,873","6,129","7,207","9,118","9,132","5,956","2,421","219","6","48,997","48,997","1,758","3,120","4,359","4,896","5,916","7,750","9,026","7,296","3,959","892","25"
"인천광역시 영종구 (2815500000)","138,091","138,091","11,598","13,934","18,036","25,088","24,725","20,603","13,810","7,128","2,737","418","14","71,492","71,492","6,029","7,039","8,981","13,462","13,077","11,209","7,049","3,421","1,125","96","4","66,599","66,599","5,569","6,895","9,055","11,626","11,648","9,394","6,761","3,707","1,612","322","10"
"인천광역시 미추홀구 (2817700000)","418,721","418,721","22,878","32,439","48,235","58,869","62,429","68,610","65,266","39,278","17,672","2,965","80","210,611","210,611","11,757","16,668","25,434","31,521","33,390","35,160","31,481","17,683","6,736","771","10","208,110","208,110","11,121","15,771","22,801","27,348","29,039","33,450","33,785","21,595","10,936","2,194","70"
"인천광역시 연수구 (2818500000)","410,280","410,280","32,163","47,541","44,069","57,102","71,080","68,136","55,517","23,350","9,334","1,920","68","203,019","203,019","16,426","24,290","22,758","28,460","34,966","33,440","27,504","11,194","3,548","427","6","207,261","207,261","15,737","23,251","21,311","28,642","36,114","34,696","28,013","12,156","5,786","1,493","62"
"인천광역시 남동구 (2820000000)","478,762","478,762","22,431","43,887","52,875","60,657","71,738","83,898","80,060","42,616","17,465","3,047","88","237,284","237,284","11,512","22,607","27,164","32,436","36,525","41,718","38,693","19,506","6,424","684","15","241,478","241,478","10,919","21,280","25,711","28,221","35,213","42,180","41,367","23,110","11,041","2,363","73"
"인천광역시 부평구 (2823700000)","487,661","487,661","25,496","37,882","52,545","73,566","70,016","82,085","82,470","42,255","17,963","3,304","79","239,248","239,248","13,181","19,445","26,415","38,367","35,858","39,574","39,756","19,198","6,654","790","10","248,413","248,413","12,315","18,437","26,130","35,199","34,158","42,511","42,714","23,057","11,309","2,514","69"
"인천광역시 계양구 (2824500000)","276,125","276,125","11,458","20,891","30,214","37,043","36,811","51,562","54,415","22,491","9,306","1,871","63","137,269","137,269","5,846","10,553","15,787","19,723","19,026","24,956","26,957","10,786","3,217","411","7","138,856","138,856","5,612","10,338","14,427","17,320","17,785","26,606","27,458","11,705","6,089","1,460","56"
"인천광역시 서구검단출장소 (2826500000)","0","0","0","0","0","0","0","0","0","0","0","0","0","0","0","0","0","0","0","0","0","0","0","0","0","0","0","0","0","0","0","0","0","0","0","0","0","0","0"
"인천광역시 서해구 (2827500000)","392,173","392,173","26,267","38,464","42,527","58,440","64,106","65,624","59,165","26,133","9,610","1,778","59","197,227","197,227","13,523","19,717","21,583","30,361","32,963","32,986","29,588","12,588","3,540","367","11","194,946","194,946","12,744","18,747","20,944","28,079","31,143","32,638","29,577","13,545","6,070","1,411","48"
"인천광역시 검단구 (2829000000)","273,735","273,735","27,556","29,604","26,428","46,008","51,068","42,938","29,880","13,765","5,340","1,119","29","137,203","137,203","14,076","14,977","13,357","22,766","26,615","21,537","15,131","6,474","1,997","265","8","136,532","136,532","13,480","14,627","13,071","23,242","24,453","21,401","14,749","7,291","3,343","854","21"
"인천광역시 강화군 (2871000000)","69,556","69,556","2,482","4,178","4,071","4,773","6,788","10,538","16,720","12,077","6,474","1,430","25","34,857","34,857","1,278","2,157","2,292","2,578","3,551","5,586","8,403","6,003","2,617","386","6","34,699","34,699","1,204","2,021","1,779","2,195","3,237","4,952","8,317","6,074","3,857","1,044","19"
"인천광역시 옹진군 (2872000000)","19,327","19,327","480","853","2,065","1,567","1,831","3,031","4,717","3,090","1,357","320","16","11,037","11,037","236","463","1,471","1,075","1,159","1,807","2,610","1,591","556","67","2","8,290","8,290","244","390","594","492","672","1,224","2,107","1,499","801","253","14"
"대전광역시  (3000000000)","1,442,190","1,442,190","84,916","135,710","185,124","197,135","206,812","241,428","209,218","120,254","52,110","9,269","214","718,202","718,202","43,636","69,548","96,399","105,044","103,930","120,229","101,681","55,260","20,102","2,338","35","723,988","723,988","41,280","66,162","88,725","92,091","102,882","121,199","107,537","64,994","32,008","6,931","179"
"대전광역시 동구 (3011000000)","218,050","218,050","10,682","18,596","27,645","25,305","28,610","36,068","35,122","23,291","10,959","1,736","36","109,787","109,787","5,555","9,433","14,704","13,806","14,972","18,879","17,247","10,553","4,201","430","7","108,263","108,263","5,127","9,163","12,941","11,499","13,638","17,189","17,875","12,738","6,758","1,306","29"
"대전광역시 중구 (3014000000)","224,034","224,034","11,368","19,265","24,528","26,385","30,360","38,268","35,353","24,566","11,837","2,055","49","109,402","109,402","5,725","9,888","12,152","13,705","15,284","19,353","17,184","10,902","4,628","571","10","114,632","114,632","5,643","9,377","12,376","12,680","15,076","18,915","18,169","13,664","7,209","1,484","39"
"대전광역시 서구 (3017000000)","464,428","464,428","27,002","46,071","62,616","66,696","68,756","76,816","63,869","35,493","14,442","2,610","57","227,468","227,468","13,905","23,643","31,250","34,843","33,746","37,189","30,281","16,298","5,657","648","8","236,960","236,960","13,097","22,428","31,366","31,853","35,010","39,627","33,588","19,195","8,785","1,962","49"
"대전광역시 유성구 (3020000000)","371,855","371,855","28,560","38,708","52,213","59,431","58,280","59,153","45,013","20,815","7,969","1,670","43","188,459","188,459","14,746","19,833","28,334","31,815","28,962","29,114","22,138","10,092","3,038","380","7","183,396","183,396","13,814","18,875","23,879","27,616","29,318","30,039","22,875","10,723","4,931","1,290","36"
"대전광역시 대덕구 (3023000000)","163,823","163,823","7,304","13,070","18,122","19,318","20,806","31,123","29,861","16,089","6,903","1,198","29","83,086","83,086","3,705","6,751","9,959","10,875","10,966","15,694","14,831","7,415","2,578","309","3","80,737","80,737","3,599","6,319","8,163","8,443","9,840","15,429","15,030","8,674","4,325","889","26"
"울산광역시  (3100000000)","1,086,756","1,086,756","64,886","108,874","106,338","137,002","167,023","194,964","181,998","90,451","30,465","4,654","101","560,290","560,290","33,214","56,539","61,418","76,215","87,000","97,441","92,188","43,550","11,712","1,004","9","526,466","526,466","31,672","52,335","44,920","60,787","80,023","97,523","89,810","46,901","18,753","3,650","92"
"울산광역시 중구 (3111000000)","202,823","202,823","11,176","18,759","18,144","24,481","29,375","35,832","36,669","20,321","7,092","962","12","102,466","102,466","5,767","9,796","10,300","13,322","15,242","17,613","18,074","9,363","2,764","225","0","100,357","100,357","5,409","8,963","7,844","11,159","14,133","18,219","18,595","10,958","4,328","737","12"
"울산광역시 남구 (3114000000)","304,418","304,418","17,634","27,900","33,209","42,845","44,502","54,845","49,892","24,692","7,793","1,077","29","155,903","155,903","9,082","14,557","18,963","23,859","22,855","26,684","24,802","11,742","3,085","271","3","148,515","148,515","8,552","13,343","14,246","18,986","21,647","28,161","25,090","12,950","4,708","806","26"
"울산광역시 동구 (3117000000)","147,633","147,633","8,405","16,183","13,833","16,728","25,718","23,971","25,054","13,571","3,696","458","16","77,339","77,339","4,282","8,402","7,940","9,661","13,922","12,638","12,124","6,764","1,522","84","0","70,294","70,294","4,123","7,781","5,893","7,067","11,796","11,333","12,930","6,807","2,174","374","16"
"울산광역시 북구 (3120000000)","213,512","213,512","16,192","25,538","20,364","29,174","37,250","37,585","30,930","11,759","4,022","683","15","111,207","111,207","8,288","13,225","12,209","16,214","19,062","18,547","16,333","5,714","1,493","118","4","102,305","102,305","7,904","12,313","8,155","12,960","18,188","19,038","14,597","6,045","2,529","565","11"
"울산광역시 울주군 (3171000000)","218,370","218,370","11,479","20,494","20,788","23,774","30,178","42,731","39,453","20,108","7,862","1,474","29","113,375","113,375","5,795","10,559","12,006","13,159","15,919","21,959","20,855","9,967","2,848","306","2","104,995","104,995","5,684","9,935","8,782","10,615","14,259","20,772","18,598","10,141","5,014","1,168","27"
"세종특별자치시  (3600000000)","390,972","390,972","37,155","54,265","36,117","56,759","75,732","60,193","39,873","20,580","8,397","1,868","33","194,725","194,725","18,892","27,513","18,660","28,138","36,992","31,180","19,784","9,914","3,225","420","7","196,247","196,247","18,263","26,752","17,457","28,621","38,740","29,013","20,089","10,666","5,172","1,448","26"
"세종특별자치시  (3611000000)","390,972","390,972","37,155","54,265","36,117","56,759","75,732","60,193","39,873","20,580","8,397","1,868","33","194,725","194,725","18,892","27,513","18,660","28,138","36,992","31,180","19,784","9,914","3,225","420","7","196,247","196,247","18,263","26,752","17,457","28,621","38,740","29,013","20,089","10,666","5,172","1,448","26"
"경기도  (4100000000)","13,768,157","13,768,157","870,592","1,327,924","1,521,947","1,939,398","2,168,363","2,357,170","1,999,903","1,032,965","464,101","83,667","2,127","6,911,412","6,911,412","445,733","678,393","794,689","1,017,646","1,107,898","1,184,401","998,558","482,511","179,566","21,597","420","6,856,745","6,856,745","424,859","649,531","727,258","921,752","1,060,465","1,172,769","1,001,345","550,454","284,535","62,070","1,707"
"북부출장소  (4110500000)","0","0","0","0","0","0","0","0","0","0","0","0","0","0","0","0","0","0","0","0","0","0","0","0","0","0","0","0","0","0","0","0","0","0","0","0","0","0","0"
"경기도 수원시 (4111000000)","1,185,332","1,185,332","70,673","110,005","158,440","189,172","182,420","199,253","160,253","76,113","33,068","5,779","156","594,755","594,755","36,278","56,595","82,184","100,327","92,713","98,450","79,514","34,700","12,499","1,468","27","590,577","590,577","34,395","53,410","76,256","88,845","89,707","100,803","80,739","41,413","20,569","4,311","129"
"경기도 수원시 장안구 (4111100000)","269,791","269,791","13,297","24,740","37,044","35,562","37,599","48,807","40,858","20,309","9,718","1,820","37","135,266","135,266","6,752","12,782","20,292","18,967","18,832","23,962","20,379","9,148","3,686","459","7","134,525","134,525","6,545","11,958","16,752","16,595","18,767","24,845","20,479","11,161","6,032","1,361","30"
"경기도 수원시 권선구 (4111300000)","360,118","360,118","20,376","31,612","43,671","57,816","55,586","60,795","53,579","25,020","9,954","1,668","41","181,476","181,476","10,519","16,212","22,283","31,152","28,985","29,969","26,519","11,663","3,733","435","6","178,642","178,642","9,857","15,400","21,388","26,664","26,601","30,826","27,060","13,357","6,221","1,233","35"
"경기도 수원시 팔달구 (4111500000)","193,325","193,325","10,152","13,129","27,634","32,795","26,476","31,811","27,957","15,358","6,884","1,087","42","96,986","96,986","5,206","6,719","13,819","17,740","13,951","15,980","13,825","6,801","2,650","289","6","96,339","96,339","4,946","6,410","13,815","15,055","12,525","15,831","14,132","8,557","4,234","798","36"
"경기도 수원시 영통구 (4111700000)","362,098","362,098","26,848","40,524","50,091","62,999","62,759","57,840","37,859","15,426","6,512","1,204","36","181,027","181,027","13,801","20,882","25,790","32,468","30,945","28,539","18,791","7,088","2,430","285","8","181,071","181,071","13,047","19,642","24,301","30,531","31,814","29,301","19,068","8,338","4,082","919","28"
"경기도 성남시 (4113000000)","901,110","901,110","53,679","80,554","101,470","134,204","139,647","149,255","130,538","73,601","32,183","5,824","155","444,821","444,821","27,366","41,100","51,557","69,268","69,421","74,022","63,642","33,984","12,858","1,566","37","456,289","456,289","26,313","39,454","49,913","64,936","70,226","75,233","66,896","39,617","19,325","4,258","118"
"경기도 성남시 수정구 (4113100000)","234,987","234,987","13,265","16,100","27,126","36,566","34,096","38,050","37,640","22,165","8,655","1,294","30","118,722","118,722","6,789","8,125","14,220","19,570","18,008","19,555","18,576","10,199","3,359","313","8","116,265","116,265","6,476","7,975","12,906","16,996","16,088","18,495","19,064","11,966","5,296","981","22"
"경기도 성남시 중원구 (4113300000)","199,084","199,084","9,664","13,663","22,489","30,687","28,129","32,632","33,825","19,157","7,668","1,125","45","100,132","100,132","4,874","7,064","11,515","16,641","14,836","16,566","16,546","8,837","2,976","268","9","98,952","98,952","4,790","6,599","10,974","14,046","13,293","16,066","17,279","10,320","4,692","857","36"
"경기도 성남시 분당구 (4113500000)","467,039","467,039","30,750","50,791","51,855","66,951","77,422","78,573","59,073","32,279","15,860","3,405","80","225,967","225,967","15,703","25,911","25,822","33,057","36,577","37,901","28,520","14,948","6,523","985","20","241,072","241,072","15,047","24,880","26,033","33,894","40,845","40,672","30,553","17,331","9,337","2,420","60"
"경기도 의정부시 (4115000000)","461,879","461,879","26,215","39,427","52,110","60,928","67,449","81,404","72,679","39,598","18,990","3,014","65","226,492","226,492","13,483","20,320","25,879","31,478","34,571","39,791","35,176","17,743","7,250","790","11","235,387","235,387","12,732","19,107","26,231","29,450","32,878","41,613","37,503","21,855","11,740","2,224","54"
"경기도 안양시 (4117000000)","562,143","562,143","35,140","48,626","61,764","87,717","82,774","92,783","87,125","44,657","18,081","3,398","78","276,922","276,922","17,981","24,842","31,633","45,258","41,838","44,774","41,745","21,163","6,890","784","14","285,221","285,221","17,159","23,784","30,131","42,459","40,936","48,009","45,380","23,494","11,191","2,614","64"
"경기도 안양시 만안구 (4117100000)","234,045","234,045","12,488","16,086","26,089","35,610","31,196","38,716","40,819","22,224","9,201","1,573","43","116,480","116,480","6,340","8,272","13,426","18,849","16,408","18,929","19,787","10,516","3,549","397","7","117,565","117,565","6,148","7,814","12,663","16,761","14,788","19,787","21,032","11,708","5,652","1,176","36"
"경기도 안양시 동안구 (4117300000)","328,098","328,098","22,652","32,540","35,675","52,107","51,578","54,067","46,306","22,433","8,880","1,825","35","160,442","160,442","11,641","16,570","18,207","26,409","25,430","25,845","21,958","10,647","3,341","387","7","167,656","167,656","11,011","15,970","17,468","25,698","26,148","28,222","24,348","11,786","5,539","1,438","28"
"경기도 부천시 (4119000000)","754,851","754,851","37,470","61,212","82,279","104,228","109,746","130,851","132,913","66,220","25,238","4,584","110","371,356","371,356","19,155","31,370","41,457","54,153","55,767","63,749","64,019","31,072","9,536","1,063","15","383,495","383,495","18,315","29,842","40,822","50,075","53,979","67,102","68,894","35,148","15,702","3,521","95"
"경기도 부천시 원미구 (4119200000)","382,134","382,134","19,177","31,474","43,763","55,060","56,185","65,647","65,525","31,402","11,604","2,242","55","187,081","187,081","9,730","16,078","21,656","28,253","28,169","31,779","31,598","14,890","4,398","523","7","195,053","195,053","9,447","15,396","22,107","26,807","28,016","33,868","33,927","16,512","7,206","1,719","48"
"경기도 부천시 소사구 (4119400000)","224,007","224,007","12,893","19,361","21,808","29,825","34,852","36,724","37,960","21,213","7,931","1,405","35","109,449","109,449","6,650","9,856","11,006","15,324","17,675","17,818","17,775","9,833","3,166","342","4","114,558","114,558","6,243","9,505","10,802","14,501","17,177","18,906","20,185","11,380","4,765","1,063","31"
"경기도 부천시 오정구 (4119600000)","148,710","148,710","5,400","10,377","16,708","19,343","18,709","28,480","29,428","13,605","5,703","937","20","74,826","74,826","2,775","5,436","8,795","10,576","9,923","14,152","14,646","6,349","1,972","198","4","73,884","73,884","2,625","4,941","7,913","8,767","8,786","14,328","14,782","7,256","3,731","739","16"
"경기도 광명시 (4121000000)","303,726","303,726","19,123","28,006","32,975","45,525","47,041","51,527","44,050","24,299","9,408","1,724","48","148,649","148,649","9,804","14,247","16,765","23,213","23,367","25,141","21,011","11,179","3,512","399","11","155,077","155,077","9,319","13,759","16,210","22,312","23,674","26,386","23,039","13,120","5,896","1,325","37"
"경기도 평택시 (4122000000)","620,754","620,754","46,242","59,399","72,067","102,013","102,237","103,109","77,703","37,286","17,551","3,078","69","326,607","326,607","23,509","30,228","40,472","57,725","55,836","54,397","40,068","17,148","6,451","759","14","294,147","294,147","22,733","29,171","31,595","44,288","46,401","48,712","37,635","20,138","11,100","2,319","55"
"경기도 송탄출장소 (4122200000)","0","0","0","0","0","0","0","0","0","0","0","0","0","0","0","0","0","0","0","0","0","0","0","0","0","0","0","0","0","0","0","0","0","0","0","0","0","0","0"
"경기도 안중출장소 (4122400000)","0","0","0","0","0","0","0","0","0","0","0","0","0","0","0","0","0","0","0","0","0","0","0","0","0","0","0","0","0","0","0","0","0","0","0","0","0","0","0"
"경기도 동두천시 (4125000000)","86,186","86,186","3,436","7,318","8,253","8,253","10,954","15,676","15,818","9,913","5,610","934","21","42,914","42,914","1,761","3,712","4,407","4,491","5,581","8,175","8,061","4,438","2,027","255","6","43,272","43,272","1,675","3,606","3,846","3,762","5,373","7,501","7,757","5,475","3,583","679","15"
"경기도 안산시 (4127000000)","608,883","608,883","28,443","51,629","79,160","83,073","83,459","118,633","102,551","40,624","17,653","3,527","131","311,771","311,771","14,495","26,416","42,051","46,100","43,806","59,271","53,194","19,329","6,286","791","32","297,112","297,112","13,948","25,213","37,109","36,973","39,653","59,362","49,357","21,295","11,367","2,736","99"
"경기도 안산시 상록구 (4127100000)","320,505","320,505","13,485","27,560","42,766","41,070","43,239","63,744","54,544","21,796","10,234","1,991","76","163,645","163,645","6,879","14,030","22,823","22,857","22,571","31,755","28,373","10,264","3,597","476","20","156,860","156,860","6,606","13,530","19,943","18,213","20,668","31,989","26,171","11,532","6,637","1,515","56"
"경기도 안산시 단원구 (4127300000)","288,378","288,378","14,958","24,069","36,394","42,003","40,220","54,889","48,007","18,828","7,419","1,536","55","148,126","148,126","7,616","12,386","19,228","23,243","21,235","27,516","24,821","9,065","2,689","315","12","140,252","140,252","7,342","11,683","17,166","18,760","18,985","27,373","23,186","9,763","4,730","1,221","43"
"경기도 고양시 (4128000000)","1,057,166","1,057,166","59,797","94,869","115,818","144,119","156,030","193,057","164,308","78,766","41,906","8,324","172","513,816","513,816","30,608","48,255","57,808","72,281","76,706","93,176","81,028","36,277","15,315","2,328","34","543,350","543,350","29,189","46,614","58,010","71,838","79,324","99,881","83,280","42,489","26,591","5,996","138"
"경기도 고양시 덕양구 (4128100000)","482,849","482,849","29,934","40,446","49,754","70,204","73,450","83,450","74,140","38,289","19,561","3,543","78","236,291","236,291","15,363","20,506","24,905","35,200","36,952","41,073","36,582","17,518","7,232","945","15","246,558","246,558","14,571","19,940","24,849","35,004","36,498","42,377","37,558","20,771","12,329","2,598","63"
"경기도 고양시 일산동구 (4128500000)","298,158","298,158","16,218","26,636","34,502","41,355","43,502","55,401","46,285","20,722","11,010","2,476","51","144,390","144,390","8,265","13,627","16,866","20,658","21,207","26,497","22,872","9,713","3,982","691","12","153,768","153,768","7,953","13,009","17,636","20,697","22,295","28,904","23,413","11,009","7,028","1,785","39"
"경기도 고양시 일산서구 (4128700000)","276,159","276,159","13,645","27,787","31,562","32,560","39,078","54,206","43,883","19,755","11,335","2,305","43","133,135","133,135","6,980","14,122","16,037","16,423","18,547","25,606","21,574","9,046","4,101","692","7","143,024","143,024","6,665","13,665","15,525","16,137","20,531","28,600","22,309","10,709","7,234","1,613","36"
"경기도 과천시 (4129000000)","81,008","81,008","8,095","8,331","8,144","12,585","13,096","11,861","10,708","5,191","2,415","564","18","39,448","39,448","4,135","4,242","4,089","6,043","6,486","5,642","5,217","2,466","961","164","3","41,560","41,560","3,960","4,089","4,055","6,542","6,610","6,219","5,491","2,725","1,454","400","15"
"경기도 구리시 (4131000000)","188,040","188,040","10,071","16,075","21,005","26,625","27,861","33,221","30,442","15,237","6,514","965","24","93,078","93,078","5,194","8,250","10,564","13,799","14,143","16,128","15,057","7,093","2,575","268","7","94,962","94,962","4,877","7,825","10,441","12,826","13,718","17,093","15,385","8,144","3,939","697","17"
"경기도 남양주시 (4136000000)","727,373","727,373","44,408","78,424","74,670","84,209","117,752","130,319","105,477","60,497","27,103","4,378","136","359,094","359,094","22,746","40,105","38,445","42,586","57,872","65,415","52,312","27,812","10,645","1,129","27","368,279","368,279","21,662","38,319","36,225","41,623","59,880","64,904","53,165","32,685","16,458","3,249","109"
"경기도 풍양출장소 (4136200000)","0","0","0","0","0","0","0","0","0","0","0","0","0","0","0","0","0","0","0","0","0","0","0","0","0","0","0","0","0","0","0","0","0","0","0","0","0","0","0"
"경기도 오산시 (4137000000)","254,747","254,747","17,990","27,475","28,735","41,401","47,103","42,169","29,160","13,788","5,978","923","25","133,012","133,012","9,287","14,035","15,638","23,121","25,453","21,987","14,666","6,380","2,211","232","2","121,735","121,735","8,703","13,440","13,097","18,280","21,650","20,182","14,494","7,408","3,767","691","23"
"경기도 시흥시 (4139000000)","514,996","514,996","36,818","52,120","56,214","73,900","88,417","92,212","72,222","28,688","12,093","2,241","71","268,039","268,039","18,774","26,626","30,449","39,804","47,319","48,105","38,343","13,819","4,335","452","13","246,957","246,957","18,044","25,494","25,765","34,096","41,098","44,107","33,879","14,869","7,758","1,789","58"
"경기도 군포시 (4141000000)","249,253","249,253","11,776","21,857","28,870","33,992","34,769","44,591","41,750","20,303","9,313","1,993","39","123,460","123,460","5,994","11,321","15,146","18,207","17,492","21,530","20,172","9,579","3,476","532","11","125,793","125,793","5,782","10,536","13,724","15,785","17,277","23,061","21,578","10,724","5,837","1,461","28"
"경기도 의왕시 (4143000000)","165,701","165,701","11,670","13,490","17,455","25,837","22,908","27,197","27,314","13,291","5,404","1,097","38","81,741","81,741","6,036","6,863","9,002","13,193","11,736","12,845","13,196","6,450","2,160","254","6","83,960","83,960","5,634","6,627","8,453","12,644","11,172","14,352","14,118","6,841","3,244","843","32"
"경기도 하남시 (4145000000)","327,423","327,423","25,380","34,047","32,274","48,572","59,376","50,033","42,645","25,031","8,555","1,465","45","162,329","162,329","13,194","17,076","15,972","23,983","29,979","25,499","20,627","12,038","3,609","346","6","165,094","165,094","12,186","16,971","16,302","24,589","29,397","24,534","22,018","12,993","4,946","1,119","39"
"경기도 용인시 (4146000000)","1,090,559","1,090,559","70,462","121,816","124,729","138,417","177,953","192,829","135,795","80,836","40,726","6,839","157","540,293","540,293","35,879","62,138","65,296","70,777","87,351","95,803","67,497","36,098","17,254","2,168","32","550,266","550,266","34,583","59,678","59,433","67,640","90,602","97,026","68,298","44,738","23,472","4,671","125"
"경기도 용인시 처인구 (4146100000)","287,270","287,270","17,523","28,029","32,084","37,708","44,179","49,816","43,440","22,713","9,879","1,864","35","147,059","147,059","8,909","14,387","17,581","20,385","23,158","25,598","21,998","10,784","3,774","479","6","140,211","140,211","8,614","13,642","14,503","17,323","21,021","24,218","21,442","11,929","6,105","1,385","29"
"경기도 용인시 기흥구 (4146300000)","434,408","434,408","26,084","48,277","52,300","52,979","69,235","80,425","52,940","32,204","17,017","2,875","72","213,804","213,804","13,337","24,684","27,355","27,231","33,506","39,387","25,982","14,130","7,219","956","17","220,604","220,604","12,747","23,593","24,945","25,748","35,729","41,038","26,958","18,074","9,798","1,919","55"
"경기도 용인시 수지구 (4146500000)","368,881","368,881","26,855","45,510","40,345","47,730","64,539","62,588","39,415","25,919","13,830","2,100","50","179,430","179,430","13,633","23,067","20,360","23,161","30,687","30,818","19,517","11,184","6,261","733","9","189,451","189,451","13,222","22,443","19,985","24,569","33,852","31,770","19,898","14,735","7,569","1,367","41"
"경기도 파주시 (4148000000)","534,503","534,503","38,133","56,069","54,432","74,606","88,552","90,248","71,427","37,638","19,755","3,564","79","268,854","268,854","19,448","28,548","28,738","38,331","45,986","46,181","36,012","17,237","7,419","933","21","265,649","265,649","18,685","27,521","25,694","36,275","42,566","44,067","35,415","20,401","12,336","2,631","58"
"경기도 이천시 (4150000000)","225,911","225,911","13,364","22,717","26,333","31,685","33,438","37,073","34,168","17,589","8,036","1,470","38","118,104","118,104","6,968","11,708","15,061","17,967","17,616","19,212","17,565","8,503","3,099","393","12","107,807","107,807","6,396","11,009","11,272","13,718","15,822","17,861","16,603","9,086","4,937","1,077","26"
"경기도 안성시 (4155000000)","199,314","199,314","10,201","18,086","21,906","23,866","28,992","34,487","32,565","18,514","8,904","1,751","42","103,176","103,176","5,301","9,301","12,010","13,472","15,652","18,117","16,680","8,869","3,349","419","6","96,138","96,138","4,900","8,785","9,896","10,394","13,340","16,370","15,885","9,645","5,555","1,332","36"
"경기도 김포시 (4157000000)","483,964","483,964","35,753","56,753","45,351","61,501","90,491","77,188","62,601","36,235","15,444","2,586","61","241,255","241,255","18,452","28,800","23,093","30,681","45,522","39,801","31,057","16,802","6,358","676","13","242,709","242,709","17,301","27,953","22,258","30,820","44,969","37,387","31,544","19,433","9,086","1,910","48"
"경기도 화성시 (4159000000)","999,673","999,673","88,045","118,550","108,222","165,860","186,700","154,060","105,459","48,963","19,918","3,812","84","517,832","517,832","44,978","60,327","57,758","88,401","97,562","81,653","54,995","23,562","7,672","913","11","481,841","481,841","43,067","58,223","50,464","77,459","89,138","72,407","50,464","25,401","12,246","2,899","73"
"경기도 화성시 만세구 (4159100000)","234,363","234,363","15,420","23,274","23,192","31,665","39,450","39,681","35,171","17,105","7,749","1,624","32","127,802","127,802","7,890","11,942","13,479","18,452","22,107","22,686","19,267","8,627","2,947","399","6","106,561","106,561","7,530","11,332","9,713","13,213","17,343","16,995","15,904","8,478","4,802","1,225","26"
"경기도 화성시 효행구 (4159300000)","160,788","160,788","13,416","15,659","16,554","26,016","26,371","25,948","21,053","10,453","4,386","903","29","82,906","82,906","6,758","7,870","8,650","13,849","14,096","13,713","11,020","5,088","1,677","183","2","77,882","77,882","6,658","7,789","7,904","12,167","12,275","12,235","10,033","5,365","2,709","720","27"
"경기도 화성시 병점구 (4159500000)","175,045","175,045","14,214","18,526","21,996","29,569","30,895","27,859","18,801","9,009","3,607","559","10","90,546","90,546","7,312","9,530","12,005","16,222","16,286","14,193","9,336","4,130","1,384","146","2","84,499","84,499","6,902","8,996","9,991","13,347","14,609","13,666","9,465","4,879","2,223","413","8"
"경기도 화성시 동탄구 (4159700000)","429,477","429,477","44,995","61,091","46,480","78,610","89,984","60,572","30,434","12,396","4,176","726","13","216,578","216,578","23,018","30,985","23,624","39,878","45,073","31,061","15,372","5,717","1,664","185","1","212,899","212,899","21,977","30,106","22,856","38,732","44,911","29,511","15,062","6,679","2,512","541","12"
"경기도 광주시 (4161000000)","400,323","400,323","25,935","36,554","37,690","51,702","67,192","70,627","62,773","33,005","12,733","2,055","57","203,698","203,698","13,204","18,734","19,938","27,183","35,228","36,319","31,310","15,999","5,244","525","14","196,625","196,625","12,731","17,820","17,752","24,519","31,964","34,308","31,463","17,006","7,489","1,530","43"
"경기도 양주시 (4163000000)","297,352","297,352","22,180","29,218","30,180","40,111","46,504","50,288","42,281","23,553","11,042","1,942","53","149,266","149,266","11,368","14,689","15,838","20,644","23,903","25,524","21,382","11,047","4,345","515","11","148,086","148,086","10,812","14,529","14,342","19,467","22,601","24,764","20,899","12,506","6,697","1,427","42"
"경기도 포천시 (4165000000)","140,454","140,454","5,461","9,635","13,652","14,052","15,240","25,627","31,131","16,013","8,037","1,554","52","74,358","74,358","2,870","5,085","7,764","8,063","8,312","13,799","16,949","8,134","3,004","367","11","66,096","66,096","2,591","4,550","5,888","5,989","6,928","11,828","14,182","7,879","5,033","1,187","41"
"경기도 여주시 (4167000000)","113,383","113,383","5,010","8,820","9,495","11,218","14,306","19,800","22,901","14,082","6,463","1,260","28","57,822","57,822","2,536","4,661","5,189","6,132","7,377","10,198","11,824","6,998","2,587","318","2","55,561","55,561","2,474","4,159","4,306","5,086","6,929","9,602","11,077","7,084","3,876","942","26"
"경기도 연천군 (4180000000)","43,107","43,107","1,826","2,777","4,399","4,246","4,226","6,449","9,245","5,990","3,328","611","10","22,644","22,644","922","1,434","2,718","2,514","2,299","3,492","4,850","2,973","1,262","178","2","20,463","20,463","904","1,343","1,681","1,732","1,927","2,957","4,395","3,017","2,066","433","8"
"경기도 가평군 (4182000000)","62,048","62,048","2,395","4,040","5,117","5,353","6,722","10,285","13,946","9,026","4,344","794","26","31,881","31,881","1,227","2,058","2,863","2,984","3,562","5,444","7,267","4,481","1,792","196","7","30,167","30,167","1,168","1,982","2,254","2,369","3,160","4,841","6,679","4,545","2,552","598","19"
"경기도 양평군 (4183000000)","126,995","126,995","5,401","10,025","8,738","10,428","15,008","21,058","27,955","18,418","8,308","1,617","39","63,925","63,925","2,780","5,307","4,905","5,467","7,442","10,761","14,122","9,138","3,585","416","2","63,070","63,070","2,621","4,718","3,833","4,961","7,566","10,297","13,833","9,280","4,723","1,201","37"
"강원특별자치도  (5100000000)","1,507,224","1,507,224","78,751","124,513","144,976","159,345","192,202","254,399","281,980","166,469","88,380","15,749","460","758,271","758,271","40,203","64,376","81,280","85,836","98,048","130,934","141,617","78,895","33,310","3,679","93","748,953","748,953","38,548","60,137","63,696","73,509","94,154","123,465","140,363","87,574","55,070","12,070","367"
"동해출장소  (5110500000)","0","0","0","0","0","0","0","0","0","0","0","0","0","0","0","0","0","0","0","0","0","0","0","0","0","0","0","0","0","0","0","0","0","0","0","0","0","0","0"
"강원특별자치도 춘천시 (5111000000)","284,853","284,853","16,835","25,561","34,334","34,962","38,292","45,878","45,562","26,009","14,629","2,729","62","140,278","140,278","8,565","13,162","18,313","18,264","19,044","22,743","22,106","11,933","5,476","652","20","144,575","144,575","8,270","12,399","16,021","16,698","19,248","23,135","23,456","14,076","9,153","2,077","42"
"강원특별자치도 원주시 (5113000000)","365,218","365,218","23,339","34,481","38,044","47,545","53,352","62,049","59,012","29,595","14,924","2,817","60","180,879","180,879","11,904","17,578","20,400","24,589","26,555","30,525","29,137","13,926","5,593","659","13","184,339","184,339","11,435","16,903","17,644","22,956","26,797","31,524","29,875","15,669","9,331","2,158","47"
"강원특별자치도 강릉시 (5115000000)","205,593","205,593","9,871","16,335","19,725","20,684","26,576","36,080","37,560","23,835","12,552","2,306","69","101,939","101,939","5,122","8,534","10,983","11,113","13,486","18,370","18,201","10,837","4,721","565","7","103,654","103,654","4,749","7,801","8,742","9,571","13,090","17,710","19,359","12,998","7,831","1,741","62"
"강원특별자치도 동해시 (5117000000)","85,577","85,577","4,455","7,779","7,258","8,056","11,645","15,706","15,240","9,797","4,850","772","19","43,364","43,364","2,276","4,058","4,279","4,484","5,963","8,238","7,452","4,567","1,867","178","2","42,213","42,213","2,179","3,721","2,979","3,572","5,682","7,468","7,788","5,230","2,983","594","17"
"강원특별자치도 태백시 (5119000000)","36,755","36,755","1,385","3,150","2,580","2,681","4,674","6,572","7,334","5,421","2,595","349","14","18,603","18,603","712","1,672","1,487","1,508","2,413","3,630","3,735","2,420","949","74","3","18,152","18,152","673","1,478","1,093","1,173","2,261","2,942","3,599","3,001","1,646","275","11"
"강원특별자치도 속초시 (5121000000)","78,976","78,976","4,029","6,506","6,555","8,636","10,553","14,137","15,108","8,667","4,060","702","23","39,022","39,022","2,103","3,281","3,637","4,785","5,348","6,942","7,288","3,952","1,505","176","5","39,954","39,954","1,926","3,225","2,918","3,851","5,205","7,195","7,820","4,715","2,555","526","18"
"강원특별자치도 삼척시 (5123000000)","60,139","60,139","2,650","4,518","5,710","4,589","6,709","10,351","12,140","8,070","4,477","897","28","30,771","30,771","1,366","2,338","3,321","2,518","3,586","5,805","6,217","3,835","1,566","215","4","29,368","29,368","1,284","2,180","2,389","2,071","3,123","4,546","5,923","4,235","2,911","682","24"
"강원특별자치도 홍천군 (5172000000)","65,810","65,810","2,640","4,304","4,663","5,389","6,606","10,518","16,047","9,669","4,944","997","33","33,946","33,946","1,332","2,183","2,783","3,086","3,456","5,581","8,389","5,004","1,906","217","9","31,864","31,864","1,308","2,121","1,880","2,303","3,150","4,937","7,658","4,665","3,038","780","24"
"강원특별자치도 횡성군 (5173000000)","45,521","45,521","1,493","3,186","2,737","2,773","4,140","7,296","12,038","7,335","3,804","701","18","23,588","23,588","780","1,709","1,568","1,521","2,228","3,906","6,348","3,821","1,544","163","0","21,933","21,933","713","1,477","1,169","1,252","1,912","3,390","5,690","3,514","2,260","538","18"
"강원특별자치도 영월군 (5175000000)","35,685","35,685","1,147","2,369","2,277","2,199","3,508","6,057","8,845","5,670","3,075","526","12","18,502","18,502","612","1,309","1,333","1,211","1,852","3,321","4,747","2,838","1,146","129","4","17,183","17,183","535","1,060","944","988","1,656","2,736","4,098","2,832","1,929","397","8"
"강원특별자치도 평창군 (5176000000)","39,865","39,865","1,186","2,462","2,634","2,499","3,954","7,083","10,167","6,229","3,158","475","18","20,705","20,705","570","1,280","1,584","1,413","2,111","3,846","5,384","3,130","1,278","107","2","19,160","19,160","616","1,182","1,050","1,086","1,843","3,237","4,783","3,099","1,880","368","16"
"강원특별자치도 정선군 (5177000000)","35,144","35,144","1,005","2,062","2,385","2,300","3,900","6,634","8,485","5,233","2,712","401","27","18,491","18,491","480","1,070","1,331","1,328","2,231","3,826","4,566","2,557","1,004","91","7","16,653","16,653","525","992","1,054","972","1,669","2,808","3,919","2,676","1,708","310","20"
"강원특별자치도 철원군 (5178000000)","39,665","39,665","2,197","2,989","3,928","4,105","4,368","6,118","7,689","4,835","3,007","412","17","20,466","20,466","1,095","1,556","2,474","2,391","2,269","3,278","3,991","2,185","1,124","102","1","19,199","19,199","1,102","1,433","1,454","1,714","2,099","2,840","3,698","2,650","1,883","310","16"
"강원특별자치도 화천군 (5179000000)","22,773","22,773","1,203","1,611","2,819","2,512","2,224","3,314","4,515","2,623","1,657","279","16","12,223","12,223","584","814","1,863","1,546","1,196","1,769","2,451","1,315","621","59","5","10,550","10,550","619","797","956","966","1,028","1,545","2,064","1,308","1,036","220","11"
"강원특별자치도 양구군 (5180000000)","20,372","20,372","1,161","1,835","2,113","2,187","2,245","3,008","4,023","2,208","1,349","241","2","10,725","10,725","577","937","1,362","1,271","1,168","1,633","2,118","1,086","522","51","0","9,647","9,647","584","898","751","916","1,077","1,375","1,905","1,122","827","190","2"
"강원특별자치도 인제군 (5181000000)","30,778","30,778","1,887","2,100","3,284","3,731","3,601","4,554","6,198","3,277","1,816","316","14","16,876","16,876","978","1,124","2,197","2,274","1,976","2,575","3,298","1,673","715","63","3","13,902","13,902","909","976","1,087","1,457","1,625","1,979","2,900","1,604","1,101","253","11"
"강원특별자치도 고성군 (5182000000)","27,190","27,190","1,195","1,590","2,143","2,478","2,766","4,484","5,916","3,829","2,390","384","15","13,931","13,931","597","858","1,301","1,426","1,502","2,444","3,051","1,817","855","75","5","13,259","13,259","598","732","842","1,052","1,264","2,040","2,865","2,012","1,535","309","10"
"강원특별자치도 양양군 (5183000000)","27,310","27,310","1,073","1,675","1,787","2,019","3,089","4,560","6,101","4,167","2,381","445","13","13,962","13,962","550","913","1,064","1,108","1,664","2,502","3,138","1,999","918","103","3","13,348","13,348","523","762","723","911","1,425","2,058","2,963","2,168","1,463","342","10"
"충청북도  (4300000000)","1,601,156","1,601,156","91,043","142,998","164,692","194,938","219,969","269,934","272,640","154,193","75,750","14,684","315","816,632","816,632","46,763","73,661","91,121","108,111","114,971","138,609","138,620","73,492","27,846","3,389","49","784,524","784,524","44,280","69,337","73,571","86,827","104,998","131,325","134,020","80,701","47,904","11,295","266"
"충청북도 청주시 (4311000000)","859,869","859,869","57,364","84,495","101,364","124,183","129,793","142,193","122,428","63,601","28,880","5,460","108","435,136","435,136","29,323","43,277","54,991","68,018","66,943","70,905","60,336","29,472","10,577","1,280","14","424,733","424,733","28,041","41,218","46,373","56,165","62,850","71,288","62,092","34,129","18,303","4,180","94"
"충청북도 청주시 상당구 (4311100000)","192,850","192,850","12,392","19,431","19,169","23,708","28,372","33,260","30,688","16,587","7,765","1,449","29","95,730","95,730","6,271","10,018","10,276","12,389","14,308","16,387","15,167","7,738","2,826","345","5","97,120","97,120","6,121","9,413","8,893","11,319","14,064","16,873","15,521","8,849","4,939","1,104","24"
"충청북도 청주시 서원구 (4311200000)","187,809","187,809","9,815","17,198","24,462","23,152","24,889","33,521","29,868","16,170","7,370","1,333","31","93,601","93,601","5,063","8,796","13,171","12,659","12,552","16,304","14,591","7,353","2,782","327","3","94,208","94,208","4,752","8,402","11,291","10,493","12,337","17,217","15,277","8,817","4,588","1,006","28"
"충청북도 청주시 흥덕구 (4311300000)","293,157","293,157","22,979","27,849","35,983","50,691","46,029","46,350","37,181","17,475","7,175","1,417","28","149,768","149,768","11,669","14,276","19,512","27,795","23,986","23,134","18,252","8,198","2,605","338","3","143,389","143,389","11,310","13,573","16,471","22,896","22,043","23,216","18,929","9,277","4,570","1,079","25"
"충청북도 청주시 청원구 (4311400000)","186,053","186,053","12,178","20,017","21,750","26,632","30,503","29,062","24,691","13,369","6,570","1,261","20","96,037","96,037","6,320","10,187","12,032","15,175","16,097","15,080","12,326","6,183","2,364","270","3","90,016","90,016","5,858","9,830","9,718","11,457","14,406","13,982","12,365","7,186","4,206","991","17"
"충청북도 충주시 (4313000000)","205,872","205,872","10,432","17,236","19,686","22,469","26,895","35,574","38,083","21,855","11,387","2,203","52","104,527","104,527","5,413","8,881","11,179","12,756","13,968","18,043","19,309","10,266","4,187","511","14","101,345","101,345","5,019","8,355","8,507","9,713","12,927","17,531","18,774","11,589","7,200","1,692","38"
"충청북도 제천시 (4315000000)","128,043","128,043","5,828","10,849","12,647","11,344","14,909","22,045","25,469","15,852","7,754","1,311","35","64,648","64,648","3,056","5,555","7,039","6,298","7,765","11,295","12,792","7,622","2,916","308","2","63,395","63,395","2,772","5,294","5,608","5,046","7,144","10,750","12,677","8,230","4,838","1,003","33"
"충청북도 보은군 (4372000000)","31,480","31,480","953","1,778","1,870","1,909","2,751","4,903","8,049","5,398","3,082","775","12","16,046","16,046","495","931","1,088","1,079","1,490","2,712","4,314","2,673","1,090","172","2","15,434","15,434","458","847","782","830","1,261","2,191","3,735","2,725","1,992","603","10"
"충청북도 옥천군 (4373000000)","50,660","50,660","1,645","3,490","3,820","3,487","5,242","8,713","11,490","7,859","3,989","905","20","25,770","25,770","845","1,839","2,179","1,899","2,725","4,613","6,087","3,910","1,437","230","6","24,890","24,890","800","1,651","1,641","1,588","2,517","4,100","5,403","3,949","2,552","675","14"
"충청북도 영동군 (4374000000)","43,029","43,029","1,257","2,688","2,838","2,622","3,769","7,294","10,457","7,171","4,142","775","16","21,755","21,755","645","1,409","1,577","1,464","2,018","4,029","5,442","3,482","1,500","187","2","21,274","21,274","612","1,279","1,261","1,158","1,751","3,265","5,015","3,689","2,642","588","14"
"충청북도 증평군 (4374500000)","36,758","36,758","2,142","3,402","3,499","4,486","5,222","6,181","6,162","3,590","1,742","325","7","19,158","19,158","1,089","1,760","2,071","2,517","2,849","3,304","3,154","1,711","631","70","2","17,600","17,600","1,053","1,642","1,428","1,969","2,373","2,877","3,008","1,879","1,111","255","5"
"충청북도 진천군 (4375000000)","85,590","85,590","5,542","8,402","7,250","10,643","13,622","14,652","13,724","7,195","3,739","804","17","45,306","45,306","2,895","4,338","4,205","6,083","7,385","8,041","7,356","3,501","1,348","153","1","40,284","40,284","2,647","4,064","3,045","4,560","6,237","6,611","6,368","3,694","2,391","651","16"
"충청북도 괴산군 (4376000000)","37,267","37,267","1,006","1,733","2,084","2,091","3,083","6,136","10,288","6,608","3,535","689","14","19,330","19,330","526","887","1,232","1,179","1,705","3,398","5,548","3,391","1,310","153","1","17,937","17,937","480","846","852","912","1,378","2,738","4,740","3,217","2,225","536","13"
"충청북도 음성군 (4377000000)","96,036","96,036","4,168","7,431","8,134","10,148","12,373","17,753","19,279","10,490","5,174","1,059","27","51,360","51,360","2,127","3,977","4,684","5,941","6,873","9,817","10,492","5,217","1,986","241","5","44,676","44,676","2,041","3,454","3,450","4,207","5,500","7,936","8,787","5,273","3,188","818","22"
"충청북도 단양군 (4380000000)","26,552","26,552","706","1,494","1,500","1,556","2,310","4,490","7,211","4,574","2,326","378","7","13,596","13,596","349","807","876","877","1,250","2,452","3,790","2,247","864","84","0","12,956","12,956","357","687","624","679","1,060","2,038","3,421","2,327","1,462","294","7"
"충청남도  (4400000000)","2,138,955","2,138,955","122,617","202,573","208,200","252,247","311,654","353,672","342,847","211,859","108,542","24,272","472","1,098,752","1,098,752","62,825","104,583","115,061","138,746","166,435","187,517","176,116","101,279","40,172","5,941","77","1,040,203","1,040,203","59,792","97,990","93,139","113,501","145,219","166,155","166,731","110,580","68,370","18,331","395"
"충청남도 천안시 (4413000000)","666,442","666,442","42,394","68,105","84,254","98,498","108,876","111,820","88,461","42,025","18,325","3,621","63","341,881","341,881","21,740","34,860","44,929","53,601","57,519","56,848","44,887","19,888","6,780","820","9","324,561","324,561","20,654","33,245","39,325","44,897","51,357","54,972","43,574","22,137","11,545","2,801","54"
"충청남도 천안시 동남구 (4413100000)","263,741","263,741","14,173","25,018","32,324","33,218","38,697","46,193","41,363","21,325","9,458","1,936","36","133,660","133,660","7,239","12,779","17,082","18,074","20,093","23,449","20,785","10,147","3,568","438","6","130,081","130,081","6,934","12,239","15,242","15,144","18,604","22,744","20,578","11,178","5,890","1,498","30"
"충청남도 천안시 서북구 (4413300000)","402,701","402,701","28,221","43,087","51,930","65,280","70,179","65,627","47,098","20,700","8,867","1,685","27","208,221","208,221","14,501","22,081","27,847","35,527","37,426","33,399","24,102","9,741","3,212","382","3","194,480","194,480","13,720","21,006","24,083","29,753","32,753","32,228","22,996","10,959","5,655","1,303","24"
"충청남도 공주시 (4415000000)","99,619","99,619","3,411","7,790","10,017","7,904","10,777","16,136","20,524","13,960","7,310","1,749","41","49,715","49,715","1,785","4,020","5,033","4,393","5,648","8,407","10,411","6,859","2,700","449","10","49,904","49,904","1,626","3,770","4,984","3,511","5,129","7,729","10,113","7,101","4,610","1,300","31"
"충청남도 보령시 (4418000000)","91,144","91,144","3,729","6,870","6,689","7,358","10,847","15,654","18,388","13,371","6,784","1,415","39","46,220","46,220","1,906","3,535","3,828","4,142","5,912","8,438","9,393","6,204","2,542","315","5","44,924","44,924","1,823","3,335","2,861","3,216","4,935","7,216","8,995","7,167","4,242","1,100","34"
"충청남도 아산시 (4420000000)","364,270","364,270","28,355","41,310","37,465","52,823","64,977","57,068","44,222","24,128","11,543","2,343","36","189,981","189,981","14,482","21,318","20,870","28,438","35,025","30,678","23,014","11,274","4,308","567","7","174,289","174,289","13,873","19,992","16,595","24,385","29,952","26,390","21,208","12,854","7,235","1,776","29"
"충청남도 서산시 (4421000000)","171,093","171,093","9,965","16,602","14,964","19,271","24,686","29,715","27,673","16,946","8,950","2,275","46","89,586","89,586","5,127","8,629","9,044","11,208","13,194","15,887","14,249","8,241","3,432","570","5","81,507","81,507","4,838","7,973","5,920","8,063","11,492","13,828","13,424","8,705","5,518","1,705","41"
"충청남도 논산시 (4423000000)","105,815","105,815","4,513","8,122","8,156","8,960","11,871","17,716","21,286","15,078","8,196","1,879","38","53,177","53,177","2,340","4,218","4,581","4,938","6,211","9,495","10,883","7,163","2,910","432","6","52,638","52,638","2,173","3,904","3,575","4,022","5,660","8,221","10,403","7,915","5,286","1,447","32"
"충청남도 계룡시 (4425000000)","45,983","45,983","3,223","6,001","4,330","5,275","7,760","8,340","6,221","3,262","1,277","289","5","22,844","22,844","1,645","3,109","2,438","2,729","3,772","4,083","2,984","1,566","453","63","2","23,139","23,139","1,578","2,892","1,892","2,546","3,988","4,257","3,237","1,696","824","226","3"
"충청남도 당진시 (4427000000)","172,472","172,472","11,017","16,986","13,709","20,408","27,426","29,073","27,085","16,225","8,589","1,918","36","92,786","92,786","5,618","8,823","8,126","11,882","15,460","16,536","14,641","7,898","3,287","509","6","79,686","79,686","5,399","8,163","5,583","8,526","11,966","12,537","12,444","8,327","5,302","1,409","30"
"충청남도 금산군 (4471000000)","48,847","48,847","1,449","3,908","3,066","2,903","4,784","8,334","11,200","7,874","4,424","887","18","24,875","24,875","725","2,077","1,783","1,560","2,508","4,600","5,936","3,889","1,561","234","2","23,972","23,972","724","1,831","1,283","1,343","2,276","3,734","5,264","3,985","2,863","653","16"
"충청남도 부여군 (4476000000)","57,687","57,687","1,503","3,718","3,444","3,355","5,288","9,000","13,152","10,486","6,176","1,528","37","28,750","28,750","793","1,997","1,935","1,828","2,884","4,896","6,737","5,006","2,285","382","7","28,937","28,937","710","1,721","1,509","1,527","2,404","4,104","6,415","5,480","3,891","1,146","30"
"충청남도 서천군 (4477000000)","46,635","46,635","1,312","2,750","2,678","2,691","4,177","7,379","10,382","8,833","5,154","1,261","18","23,240","23,240","668","1,415","1,531","1,516","2,306","4,042","5,394","4,171","1,880","315","2","23,395","23,395","644","1,335","1,147","1,175","1,871","3,337","4,988","4,662","3,274","946","16"
"충청남도 청양군 (4479000000)","30,032","30,032","795","1,883","2,209","1,744","2,521","4,648","7,117","5,196","3,118","792","9","15,455","15,455","396","1,003","1,318","985","1,433","2,644","3,738","2,596","1,118","221","3","14,577","14,577","399","880","891","759","1,088","2,004","3,379","2,600","2,000","571","6"
"충청남도 홍성군 (4480000000)","101,743","101,743","6,004","9,516","8,230","10,723","13,333","16,339","17,278","12,108","6,583","1,603","26","50,987","50,987","3,081","4,883","4,509","5,798","6,791","8,692","8,730","5,732","2,344","423","4","50,756","50,756","2,923","4,633","3,721","4,925","6,542","7,647","8,548","6,376","4,239","1,180","22"
"충청남도 예산군 (4481000000)","78,168","78,168","3,135","5,381","5,258","6,486","8,265","12,728","16,362","12,239","6,765","1,512","37","39,310","39,310","1,584","2,842","2,955","3,489","4,438","6,945","8,304","5,873","2,496","379","5","38,858","38,858","1,551","2,539","2,303","2,997","3,827","5,783","8,058","6,366","4,269","1,133","32"
"충청남도 태안군 (4482500000)","59,005","59,005","1,812","3,631","3,731","3,848","6,066","9,722","13,496","10,128","5,348","1,200","23","29,945","29,945","935","1,854","2,181","2,239","3,334","5,326","6,815","4,919","2,076","262","4","29,060","29,060","877","1,777","1,550","1,609","2,732","4,396","6,681","5,209","3,272","938","19"
"전북특별자치도  (5200000000)","1,717,841","1,717,841","84,685","157,787","167,510","172,989","223,021","295,852","294,443","196,179","103,488","21,411","476","856,181","856,181","43,228","81,433","90,961","91,222","113,869","153,228","148,472","91,493","37,188","5,029","58","861,660","861,660","41,457","76,354","76,549","81,767","109,152","142,624","145,971","104,686","66,300","16,382","418"
"전북특별자치도 전주시 (5211000000)","619,849","619,849","35,254","65,574","74,425","74,224","90,359","106,856","89,179","54,425","24,949","4,516","88","303,956","303,956","18,008","33,587","39,162","38,590","44,495","52,548","42,351","24,426","9,591","1,187","11","315,893","315,893","17,246","31,987","35,263","35,634","45,864","54,308","46,828","29,999","15,358","3,329","77"
"전북특별자치도 전주시 완산구 (5211100000)","313,004","313,004","15,313","30,777","37,711","36,363","42,867","55,460","48,728","29,901","13,296","2,535","53","151,617","151,617","7,865","15,799","19,661","18,935","20,889","26,584","22,767","13,459","5,026","625","7","161,387","161,387","7,448","14,978","18,050","17,428","21,978","28,876","25,961","16,442","8,270","1,910","46"
"전북특별자치도 전주시 덕진구 (5211300000)","306,845","306,845","19,941","34,797","36,714","37,861","47,492","51,396","40,451","24,524","11,653","1,981","35","152,339","152,339","10,143","17,788","19,501","19,655","23,606","25,964","19,584","10,967","4,565","562","4","154,506","154,506","9,798","17,009","17,213","18,206","23,886","25,432","20,867","13,557","7,088","1,419","31"
"전북특별자치도 군산시 (5213000000)","255,537","255,537","13,352","24,958","23,474","25,838","37,408","45,474","42,198","27,921","12,581","2,280","53","129,711","129,711","6,720","12,868","13,179","13,891","19,502","23,918","21,253","13,110","4,706","559","5","125,826","125,826","6,632","12,090","10,295","11,947","17,906","21,556","20,945","14,811","7,875","1,721","48"
"전북특별자치도 익산시 (5214000000)","266,707","266,707","12,456","24,407","28,089","27,509","33,824","47,065","46,515","29,589","14,326","2,872","55","132,592","132,592","6,296","12,453","15,230","14,758","17,278","23,798","23,185","13,810","5,123","655","6","134,115","134,115","6,160","11,954","12,859","12,751","16,546","23,267","23,330","15,779","9,203","2,217","49"
"전북특별자치도 정읍시 (5218000000)","100,632","100,632","4,065","7,990","7,900","7,984","11,285","17,704","19,435","13,750","8,528","1,953","38","50,308","50,308","2,118","4,172","4,445","4,289","5,840","9,488","10,232","6,314","2,973","432","5","50,324","50,324","1,947","3,818","3,455","3,695","5,445","8,216","9,203","7,436","5,555","1,521","33"
"전북특별자치도 남원시 (5219000000)","73,744","73,744","3,111","5,882","5,287","5,420","7,925","13,078","14,323","10,703","6,447","1,526","42","36,289","36,289","1,592","3,133","2,936","2,864","3,988","6,864","7,403","4,999","2,180","323","7","37,455","37,455","1,519","2,749","2,351","2,556","3,937","6,214","6,920","5,704","4,267","1,203","35"
"전북특별자치도 김제시 (5221000000)","81,665","81,665","3,482","5,550","6,137","6,997","8,555","13,127","16,451","12,173","7,316","1,836","41","40,993","40,993","1,776","2,869","3,435","3,677","4,700","7,334","8,592","5,733","2,470","399","8","40,672","40,672","1,706","2,681","2,702","3,320","3,855","5,793","7,859","6,440","4,846","1,437","33"
"전북특별자치도 완주군 (5271000000)","100,378","100,378","5,597","8,635","8,494","11,361","13,027","16,847","17,783","11,457","5,844","1,299","34","51,561","51,561","2,878","4,466","4,736","5,926","6,812","9,146","9,427","5,754","2,114","300","2","48,817","48,817","2,719","4,169","3,758","5,435","6,215","7,701","8,356","5,703","3,730","999","32"
"전북특별자치도 진안군 (5272000000)","24,855","24,855","837","1,466","1,584","1,431","2,082","4,074","6,009","4,182","2,590","580","20","12,698","12,698","440","737","895","710","1,122","2,296","3,321","2,086","947","142","2","12,157","12,157","397","729","689","721","960","1,778","2,688","2,096","1,643","438","18"
"전북특별자치도 무주군 (5273000000)","23,412","23,412","683","1,641","1,520","1,541","2,242","3,958","5,227","3,638","2,421","524","17","11,820","11,820","344","855","837","840","1,211","2,233","2,807","1,731","830","129","3","11,592","11,592","339","786","683","701","1,031","1,725","2,420","1,907","1,591","395","14"
"전북특별자치도 장수군 (5274000000)","21,180","21,180","674","1,437","1,340","1,286","1,999","3,433","4,759","3,581","2,148","512","11","10,699","10,699","345","746","747","669","1,133","1,905","2,560","1,765","695","131","3","10,481","10,481","329","691","593","617","866","1,528","2,199","1,816","1,453","381","8"
"전북특별자치도 임실군 (5275000000)","25,308","25,308","939","1,353","1,428","1,611","2,187","3,884","5,802","4,411","2,979","697","17","13,146","13,146","495","728","837","879","1,273","2,236","3,280","2,199","1,042","175","2","12,162","12,162","444","625","591","732","914","1,648","2,522","2,212","1,937","522","15"
"전북특별자치도 순창군 (5277000000)","27,642","27,642","1,030","1,979","1,991","1,706","2,748","4,624","5,852","4,149","2,925","623","15","13,732","13,732","524","1,034","1,106","858","1,422","2,612","3,157","1,955","915","148","1","13,910","13,910","506","945","885","848","1,326","2,012","2,695","2,194","2,010","475","14"
"전북특별자치도 고창군 (5279000000)","50,006","50,006","1,664","3,843","2,948","3,135","4,699","7,996","10,606","8,302","5,594","1,186","33","25,147","25,147","857","2,183","1,720","1,650","2,580","4,531","5,536","3,919","1,929","239","3","24,859","24,859","807","1,660","1,228","1,485","2,119","3,465","5,070","4,383","3,665","947","30"
"전북특별자치도 부안군 (5280000000)","46,926","46,926","1,541","3,072","2,893","2,946","4,681","7,732","10,304","7,898","4,840","1,007","12","23,529","23,529","835","1,602","1,696","1,621","2,513","4,319","5,368","3,692","1,673","210","0","23,397","23,397","706","1,470","1,197","1,325","2,168","3,413","4,936","4,206","3,167","797","12"
"경상북도  (4700000000)","2,494,470","2,494,470","122,945","214,420","212,638","251,131","327,679","428,396","464,699","298,066","144,756","29,158","582","1,263,571","1,263,571","63,190","112,181","121,809","138,937","171,478","221,877","236,463","140,457","50,616","6,480","83","1,230,899","1,230,899","59,755","102,239","90,829","112,194","156,201","206,519","228,236","157,609","94,140","22,678","499"
"경상북도 포항시 (4711000000)","487,018","487,018","27,398","45,917","42,202","54,629","69,663","83,355","87,303","53,560","19,745","3,188","58","246,696","246,696","14,236","23,958","24,329","30,506","35,708","41,821","42,442","25,641","7,374","672","9","240,322","240,322","13,162","21,959","17,873","24,123","33,955","41,534","44,861","27,919","12,371","2,516","49"
"경상북도 포항시 남구 (4711100000)","211,509","211,509","10,298","19,899","18,987","21,634","30,582","36,648","38,499","24,720","8,879","1,342","21","109,677","109,677","5,368","10,404","11,484","12,512","16,083","19,243","19,004","11,901","3,400","276","2","101,832","101,832","4,930","9,495","7,503","9,122","14,499","17,405","19,495","12,819","5,479","1,066","19"
"경상북도 포항시 북구 (4711300000)","275,509","275,509","17,100","26,018","23,215","32,995","39,081","46,707","48,804","28,840","10,866","1,846","37","137,019","137,019","8,868","13,554","12,845","17,994","19,625","22,578","23,438","13,740","3,974","396","7","138,490","138,490","8,232","12,464","10,370","15,001","19,456","24,129","25,366","15,100","6,892","1,450","30"
"경상북도 경주시 (4713000000)","242,880","242,880","11,079","18,562","19,635","23,109","29,722","44,172","48,176","30,805","14,744","2,826","50","121,670","121,670","5,706","9,635","11,003","12,699","15,580","22,625","24,383","14,310","5,115","603","11","121,210","121,210","5,373","8,927","8,632","10,410","14,142","21,547","23,793","16,495","9,629","2,223","39"
"경상북도 김천시 (4715000000)","132,550","132,550","6,912","11,979","10,057","12,829","16,880","21,983","24,908","16,645","8,453","1,868","36","66,854","66,854","3,599","6,523","5,720","7,024","8,835","11,350","12,729","7,747","2,878","446","3","65,696","65,696","3,313","5,456","4,337","5,805","8,045","10,633","12,179","8,898","5,575","1,422","33"
"경상북도 안동시 (4717000000)","151,584","151,584","6,968","13,045","14,806","13,988","18,037","25,133","27,621","19,415","10,434","2,092","45","75,186","75,186","3,613","6,874","7,977","7,601","9,183","13,055","13,780","8,894","3,716","485","8","76,398","76,398","3,355","6,171","6,829","6,387","8,854","12,078","13,841","10,521","6,718","1,607","37"
"경상북도 구미시 (4719000000)","402,691","402,691","26,293","44,664","42,455","57,050","69,428","71,734","55,997","23,808","9,263","1,952","47","208,406","208,406","13,432","23,330","25,047","31,399","35,988","35,565","28,798","11,326","3,095","422","4","194,285","194,285","12,861","21,334","17,408","25,651","33,440","36,169","27,199","12,482","6,168","1,530","43"
"경상북도 영주시 (4721000000)","96,345","96,345","3,932","8,421","7,511","7,400","10,697","16,315","18,936","14,206","7,375","1,514","38","47,933","47,933","2,020","4,533","4,352","4,116","5,500","8,477","9,404","6,489","2,664","372","6","48,412","48,412","1,912","3,888","3,159","3,284","5,197","7,838","9,532","7,717","4,711","1,142","32"
"경상북도 영천시 (4723000000)","93,847","93,847","3,945","5,997","5,872","7,586","9,802","16,101","20,636","14,949","7,529","1,417","13","47,965","47,965","2,026","3,167","3,466","4,140","5,433","8,722","10,875","7,180","2,633","321","2","45,882","45,882","1,919","2,830","2,406","3,446","4,369","7,379","9,761","7,769","4,896","1,096","11"
"경상북도 상주시 (4725000000)","89,070","89,070","3,271","6,754","5,694","5,823","8,950","14,256","19,689","14,410","8,289","1,887","47","44,085","44,085","1,691","3,643","3,280","3,165","4,789","7,568","10,127","6,684","2,709","424","5","44,985","44,985","1,580","3,111","2,414","2,658","4,161","6,688","9,562","7,726","5,580","1,463","42"
"경상북도 문경시 (4728000000)","64,662","64,662","2,331","4,756","4,233","4,336","6,688","10,498","14,111","10,611","5,866","1,203","29","31,829","31,829","1,202","2,515","2,413","2,362","3,488","5,569","7,154","4,897","2,006","220","3","32,833","32,833","1,129","2,241","1,820","1,974","3,200","4,929","6,957","5,714","3,860","983","26"
"경상북도 경산시 (4729000000)","263,171","263,171","13,698","23,226","32,927","30,197","35,846","45,661","42,430","25,671","11,471","2,015","29","132,125","132,125","6,926","11,713","18,072","16,610","18,552","22,860","20,998","11,712","4,223","451","8","131,046","131,046","6,772","11,513","14,855","13,587","17,294","22,801","21,432","13,959","7,248","1,564","21"
"경상북도 의성군 (4773000000)","47,920","47,920","1,265","2,014","1,861","2,600","3,723","6,919","12,320","9,968","5,914","1,316","20","24,130","24,130","673","1,124","1,081","1,493","2,149","3,989","6,534","4,732","2,039","314","2","23,790","23,790","592","890","780","1,107","1,574","2,930","5,786","5,236","3,875","1,002","18"
"경상북도 청송군 (4775000000)","24,437","24,437","714","1,026","1,284","1,618","2,057","3,902","6,130","4,494","2,666","535","11","12,398","12,398","365","522","735","1,008","1,188","2,172","3,206","2,176","898","127","1","12,039","12,039","349","504","549","610","869","1,730","2,924","2,318","1,768","408","10"
"경상북도 영양군 (4776000000)","15,973","15,973","401","868","895","944","1,351","2,579","3,969","2,787","1,816","349","14","8,072","8,072","206","466","506","534","770","1,507","2,087","1,327","601","68","0","7,901","7,901","195","402","389","410","581","1,072","1,882","1,460","1,215","281","14"
"경상북도 영덕군 (4777000000)","32,536","32,536","882","1,701","1,511","1,795","2,912","5,190","7,679","6,114","3,946","794","12","15,663","15,663","422","900","860","998","1,526","2,885","3,904","2,758","1,244","165","1","16,873","16,873","460","801","651","797","1,386","2,305","3,775","3,356","2,702","629","11"
"경상북도 청도군 (4782000000)","39,989","39,989","981","1,958","1,613","2,091","3,467","6,159","10,379","8,169","4,180","973","19","20,061","20,061","491","1,010","920","1,173","1,892","3,373","5,538","3,975","1,476","210","3","19,928","19,928","490","948","693","918","1,575","2,786","4,841","4,194","2,704","763","16"
"경상북도 고령군 (4783000000)","29,472","29,472","832","1,600","1,633","1,858","2,804","5,138","7,270","5,077","2,670","577","13","15,253","15,253","433","853","967","1,023","1,551","2,938","3,932","2,507","910","135","4","14,219","14,219","399","747","666","835","1,253","2,200","3,338","2,570","1,760","442","9"
"경상북도 성주군 (4784000000)","40,374","40,374","1,204","1,936","1,816","2,706","3,768","6,637","10,701","7,413","3,420","763","10","21,185","21,185","588","1,000","1,084","1,598","2,219","3,779","5,836","3,678","1,253","149","1","19,189","19,189","616","936","732","1,108","1,549","2,858","4,865","3,735","2,167","614","9"
"경상북도 칠곡군 (4785000000)","103,539","103,539","4,483","10,205","8,102","9,520","16,934","21,076","17,854","9,559","4,769","1,011","26","54,588","54,588","2,274","5,366","4,900","5,360","9,168","11,415","9,648","4,632","1,583","236","6","48,951","48,951","2,209","4,839","3,202","4,160","7,766","9,661","8,206","4,927","3,186","775","20"
"경상북도 예천군 (4790000000)","53,340","53,340","3,408","4,692","3,109","4,856","6,627","7,347","9,750","7,736","4,661","1,136","18","26,416","26,416","1,722","2,408","1,780","2,485","3,360","4,037","5,048","3,654","1,662","259","1","26,924","26,924","1,686","2,284","1,329","2,371","3,267","3,310","4,702","4,082","2,999","877","17"
"경상북도 봉화군 (4792000000)","28,076","28,076","698","1,618","1,248","1,340","2,262","4,427","7,319","5,309","3,096","734","25","14,371","14,371","372","825","747","774","1,267","2,547","3,927","2,653","1,072","185","2","13,705","13,705","326","793","501","566","995","1,880","3,392","2,656","2,024","549","23"
"경상북도 울진군 (4793000000)","46,216","46,216","2,003","3,067","3,553","4,070","4,994","8,049","9,479","6,175","3,910","897","19","23,735","23,735","1,071","1,609","2,153","2,361","2,681","4,530","4,986","2,895","1,264","183","2","22,481","22,481","932","1,458","1,400","1,709","2,313","3,519","4,493","3,280","2,646","714","17"
"경상북도 울릉군 (4794000000)","8,780","8,780","247","414","621","786","1,067","1,765","2,042","1,185","539","111","3","4,950","4,950","122","207","417","508","651","1,093","1,127","590","201","33","1","3,830","3,830","125","207","204","278","416","672","915","595","338","78","2"
"경상남도  (4800000000)","3,193,742","3,193,742","171,255","311,927","279,496","341,117","468,180","573,899","553,309","324,026","143,295","26,722","516","1,610,982","1,610,982","88,080","161,642","157,850","183,515","241,506","292,977","278,211","151,811","49,928","5,406","56","1,582,760","1,582,760","83,175","150,285","121,646","157,602","226,674","280,922","275,098","172,215","93,367","21,316","460"
"경상남도 창원시 (4812000000)","985,937","985,937","55,315","94,560","94,657","118,770","148,898","174,908","167,988","91,948","33,423","5,385","85","498,688","498,688","28,293","48,974","53,825","64,414","77,018","87,019","82,503","43,007","12,488","1,138","9","487,249","487,249","27,022","45,586","40,832","54,356","71,880","87,889","85,485","48,941","20,935","4,247","76"
"경상남도 창원시 의창구 (4812100000)","209,814","209,814","12,020","19,098","20,845","26,151","30,712","37,799","37,636","18,357","6,111","1,066","19","106,671","106,671","6,161","9,823","11,848","14,171","15,864","18,570","18,883","8,903","2,233","212","3","103,143","103,143","5,859","9,275","8,997","11,980","14,848","19,229","18,753","9,454","3,878","854","16"
"경상남도 창원시 성산구 (4812300000)","245,097","245,097","15,595","23,693","27,209","36,269","36,618","45,469","40,846","14,459","4,168","758","13","125,031","125,031","7,906","12,312","15,587","19,757","18,620","21,293","20,619","7,243","1,547","147","0","120,066","120,066","7,689","11,381","11,622","16,512","17,998","24,176","20,227","7,216","2,621","611","13"
"경상남도 창원시 마산합포구 (4812500000)","174,360","174,360","9,011","15,288","14,441","18,172","25,426","28,049","31,190","22,201","9,099","1,460","23","86,230","86,230","4,631","7,880","8,046","9,583","13,392","14,253","14,802","10,001","3,315","325","2","88,130","88,130","4,380","7,408","6,395","8,589","12,034","13,796","16,388","12,200","5,784","1,135","21"
"경상남도 창원시 마산회원구 (4812700000)","173,916","173,916","8,105","15,873","15,190","17,930","24,682","31,389","31,727","20,584","7,430","994","12","86,509","86,509","4,145","8,288","8,387","9,620","12,748","15,751","15,143","9,280","2,937","208","2","87,407","87,407","3,960","7,585","6,803","8,310","11,934","15,638","16,584","11,304","4,493","786","10"
"경상남도 창원시 진해구 (4812900000)","182,750","182,750","10,584","20,608","16,972","20,248","31,460","32,202","26,589","16,347","6,615","1,107","18","94,247","94,247","5,450","10,671","9,957","11,283","16,394","17,152","13,056","7,580","2,456","246","2","88,503","88,503","5,134","9,937","7,015","8,965","15,066","15,050","13,533","8,767","4,159","861","16"
"경상남도 진주시 (4817000000)","334,360","334,360","19,852","33,264","36,996","38,843","46,321","56,697","52,351","32,478","14,798","2,708","52","165,241","165,241","10,238","17,281","20,493","20,601","22,975","28,039","25,225","14,611","5,222","552","4","169,119","169,119","9,614","15,983","16,503","18,242","23,346","28,658","27,126","17,867","9,576","2,156","48"
"경상남도 통영시 (4822000000)","115,867","115,867","4,561","12,033","8,413","8,636","17,039","21,642","22,260","14,476","5,852","940","15","58,230","58,230","2,324","6,150","4,816","4,513","8,844","11,574","10,982","6,771","2,063","190","3","57,637","57,637","2,237","5,883","3,597","4,123","8,195","10,068","11,278","7,705","3,789","750","12"
"경상남도 사천시 (4824000000)","107,838","107,838","5,143","9,922","8,746","10,430","15,035","19,422","18,606","12,772","6,504","1,238","20","54,796","54,796","2,658","5,173","5,235","5,985","7,825","10,324","9,332","5,856","2,161","247","0","53,042","53,042","2,485","4,749","3,511","4,445","7,210","9,098","9,274","6,916","4,343","991","20"
"경상남도 사천남양출장소 (4824500000)","0","0","0","0","0","0","0","0","0","0","0","0","0","0","0","0","0","0","0","0","0","0","0","0","0","0","0","0","0","0","0","0","0","0","0","0","0","0","0"
"경상남도 김해시 (4825000000)","532,758","532,758","32,970","58,480","52,317","65,006","85,170","104,273","80,278","37,168","14,642","2,413","41","269,377","269,377","17,012","29,828","28,940","34,542","43,086","51,900","41,207","17,269","5,082","507","4","263,381","263,381","15,958","28,652","23,377","30,464","42,084","52,373","39,071","19,899","9,560","1,906","37"
"경상남도 장유출장소 (4825200000)","0","0","0","0","0","0","0","0","0","0","0","0","0","0","0","0","0","0","0","0","0","0","0","0","0","0","0","0","0","0","0","0","0","0","0","0","0","0","0"
"경상남도 밀양시 (4827000000)","98,498","98,498","3,430","6,817","6,298","7,435","10,849","16,083","22,593","16,014","7,534","1,421","24","48,939","48,939","1,736","3,580","3,691","4,214","5,749","8,280","11,291","7,526","2,583","285","4","49,559","49,559","1,694","3,237","2,607","3,221","5,100","7,803","11,302","8,488","4,951","1,136","20"
"경상남도 거제시 (4831000000)","228,893","228,893","13,318","28,646","17,722","21,885","43,686","45,356","34,365","16,867","5,870","1,153","25","120,394","120,394","6,911","14,895","10,323","11,673","23,383","24,679","17,843","8,365","2,093","226","3","108,499","108,499","6,407","13,751","7,399","10,212","20,303","20,677","16,522","8,502","3,777","927","22"
"경상남도 양산시 (4833000000)","361,264","361,264","24,086","37,817","30,941","44,744","59,867","63,574","55,607","30,493","12,199","1,903","33","180,976","180,976","12,376","19,336","16,660","23,344","30,757","31,787","27,658","14,022","4,565","463","8","180,288","180,288","11,710","18,481","14,281","21,400","29,110","31,787","27,949","16,471","7,634","1,440","25"
"경상남도 양산시웅상출장소 (4833200000)","0","0","0","0","0","0","0","0","0","0","0","0","0","0","0","0","0","0","0","0","0","0","0","0","0","0","0","0","0","0","0","0","0","0","0","0","0","0","0"
"경상남도 의령군 (4872000000)","24,516","24,516","641","1,283","1,223","1,382","2,149","3,979","5,986","4,384","2,802","669","18","12,295","12,295","337","706","751","731","1,185","2,215","3,295","2,149","823","101","2","12,221","12,221","304","577","472","651","964","1,764","2,691","2,235","1,979","568","16"
"경상남도 함안군 (4873000000)","56,737","56,737","1,908","5,060","3,509","3,705","6,855","10,120","12,306","8,251","4,175","839","9","29,202","29,202","1,002","2,598","2,158","2,080","3,530","5,651","6,604","4,100","1,321","157","1","27,535","27,535","906","2,462","1,351","1,625","3,325","4,469","5,702","4,151","2,854","682","8"
"경상남도 창녕군 (4874000000)","54,321","54,321","1,670","3,744","2,588","3,475","5,517","8,906","13,087","9,286","5,036","999","13","27,326","27,326","881","1,972","1,549","2,020","2,993","4,956","6,752","4,403","1,616","183","1","26,995","26,995","789","1,772","1,039","1,455","2,524","3,950","6,335","4,883","3,420","816","12"
"경상남도 고성군 (4882000000)","46,771","46,771","1,151","3,729","2,511","2,508","4,856","8,057","10,779","7,939","4,263","967","11","23,789","23,789","598","2,075","1,485","1,431","2,648","4,447","5,656","3,785","1,463","201","0","22,982","22,982","553","1,654","1,026","1,077","2,208","3,610","5,123","4,154","2,800","766","11"
"경상남도 남해군 (4884000000)","41,116","41,116","985","2,895","2,312","2,202","3,524","6,645","9,407","7,311","4,597","1,197","41","20,123","20,123","486","1,615","1,366","1,266","1,817","3,594","4,835","3,382","1,559","199","4","20,993","20,993","499","1,280","946","936","1,707","3,051","4,572","3,929","3,038","998","37"
"경상남도 하동군 (4885000000)","39,539","39,539","992","2,096","1,907","2,094","3,207","6,990","9,830","7,080","4,306","1,005","32","19,887","19,887","509","1,118","1,140","1,191","1,743","3,870","5,184","3,465","1,449","215","3","19,652","19,652","483","978","767","903","1,464","3,120","4,646","3,615","2,857","790","29"
"경상남도 산청군 (4886000000)","32,634","32,634","716","1,681","1,538","1,624","2,520","5,570","8,404","6,066","3,646","844","25","16,285","16,285","358","939","878","903","1,368","2,996","4,477","3,053","1,165","146","2","16,349","16,349","358","742","660","721","1,152","2,574","3,927","3,013","2,481","698","23"
"경상남도 함양군 (4887000000)","35,121","35,121","1,071","2,410","1,908","1,977","3,164","5,965","8,049","5,928","3,813","820","16","17,240","17,240","541","1,284","1,113","1,073","1,640","3,234","4,226","2,774","1,213","139","3","17,881","17,881","530","1,126","795","904","1,524","2,731","3,823","3,154","2,600","681","13"
"경상남도 거창군 (4888000000)","58,760","58,760","2,563","5,591","4,167","4,485","6,385","9,755","11,621","8,126","4,909","1,128","30","28,935","28,935","1,353","3,076","2,410","2,442","3,201","5,049","5,859","3,734","1,560","249","2","29,825","29,825","1,210","2,515","1,757","2,043","3,184","4,706","5,762","4,392","3,349","879","28"
"경상남도 합천군 (4889000000)","38,812","38,812","883","1,899","1,743","1,916","3,138","5,957","9,792","7,439","4,926","1,093","26","19,259","19,259","467","1,042","1,017","1,092","1,744","3,363","5,282","3,539","1,502","208","3","19,553","19,553","416","857","726","824","1,394","2,594","4,510","3,900","3,424","885","23"
"제주특별자치도  (5000000000)","662,680","662,680","42,710","69,876","63,596","76,906","101,268","118,178","100,097","55,225","28,292","6,339","193","331,058","331,058","21,845","35,856","33,992","39,203","50,889","61,136","50,507","25,590","10,619","1,407","14","331,622","331,622","20,865","34,020","29,604","37,703","50,379","57,042","49,590","29,635","17,673","4,932","179"
"제주특별자치도 제주시 (5011000000)","484,111","484,111","32,312","52,091","49,501","60,010","74,816","85,764","69,529","37,223","18,588","4,141","136","241,149","241,149","16,480","26,709","26,160","30,591","37,619","43,714","34,783","17,211","6,965","910","7","242,962","242,962","15,832","25,382","23,341","29,419","37,197","42,050","34,746","20,012","11,623","3,231","129"
"제주특별자치도 서귀포시 (5013000000)","178,569","178,569","10,398","17,785","14,095","16,896","26,452","32,414","30,568","18,002","9,704","2,198","57","89,909","89,909","5,365","9,147","7,832","8,612","13,270","17,422","15,724","8,379","3,654","497","7","88,660","88,660","5,033","8,638","6,263","8,284","13,182","14,992","14,844","9,623","6,050","1,701","50"
